slug	count	file_count	files	locations
purpose	30	30	.repo_studios/docs/automation/aggregate_docs_health_signals.md,.repo_studios/docs/automation/analyze_test_hardening.md,.repo_studios/docs/automation/classify_monkey_patches.md,.repo_studios/docs/automation/collect_faulthandler_reports.md,.repo_studios/docs/automation/collect_test_log_reports.md,.repo_studios/docs/automation/diff_standards_index.md,.repo_studios/docs/automation/extract_standards_rules.md,.repo_studios/docs/automation/generate_anchor_health_report.md,.repo_studios/docs/automation/generate_anchor_inventory.md,.repo_studios/docs/automation/generate_code_doc_churn_report.md,.repo_studios/docs/automation/generate_dependency_hygiene_report.md,.repo_studios/docs/automation/generate_doc_index.md,.repo_studios/docs/automation/generate_lizard_report.md,.repo_studios/docs/automation/generate_standards_index.md,.repo_studios/docs/automation/generate_test_coverage_inventory.md,.repo_studios/docs/automation/generate_test_log_health_report.md,.repo_studios/docs/automation/generate_undocumented_logic_report.md,.repo_studios/docs/automation/healthview_onboarding.md,.repo_studios/docs/automation/refresh_mypy_baselines.md,.repo_studios/docs/automation/scan_code_placeholders.md,.repo_studios/docs/automation/scan_monkey_patches.md,.repo_studios/docs/automation/seed_standards_prompts.md,.repo_studios/docs/automation/summarize_standards.md,.repo_studios/docs/automation/traceability/aggregator_dependency_audit.md,.repo_studios/docs/automation/traceability/fault_pipeline_aggregator_plan.md,.repo_studios/docs/automation/validate_import_boundaries.md,.repo_studios/docs/automation/validate_markdown_anchors.md,.repo_studios/docs/automation/validate_metrics_anchor_stubs.md,.repo_studios/docs/standards/global/std-global-prompt-engineering.md,automation/orchestrator_legacy_cleanup_checklist.md	.repo_studios/docs/automation/aggregate_docs_health_signals.md:3;.repo_studios/docs/automation/analyze_test_hardening.md:5;.repo_studios/docs/automation/classify_monkey_patches.md:5;.repo_studios/docs/automation/collect_faulthandler_reports.md:5;.repo_studios/docs/automation/collect_test_log_reports.md:5;.repo_studios/docs/automation/diff_standards_index.md:5;.repo_studios/docs/automation/extract_standards_rules.md:5;.repo_studios/docs/automation/generate_anchor_health_report.md:3;.repo_studios/docs/automation/generate_anchor_inventory.md:5;.repo_studios/docs/automation/generate_code_doc_churn_report.md:3;.repo_studios/docs/automation/generate_dependency_hygiene_report.md:5;.repo_studios/docs/automation/generate_doc_index.md:5;.repo_studios/docs/automation/generate_lizard_report.md:5;.repo_studios/docs/automation/generate_standards_index.md:5;.repo_studios/docs/automation/generate_test_coverage_inventory.md:5;.repo_studios/docs/automation/generate_test_log_health_report.md:3;.repo_studios/docs/automation/generate_undocumented_logic_report.md:3;.repo_studios/docs/automation/healthview_onboarding.md:5;.repo_studios/docs/automation/refresh_mypy_baselines.md:3;.repo_studios/docs/automation/scan_code_placeholders.md:5;.repo_studios/docs/automation/scan_monkey_patches.md:5;.repo_studios/docs/automation/seed_standards_prompts.md:5;.repo_studios/docs/automation/summarize_standards.md:5;.repo_studios/docs/automation/traceability/aggregator_dependency_audit.md:3;.repo_studios/docs/automation/traceability/fault_pipeline_aggregator_plan.md:9;.repo_studios/docs/automation/validate_import_boundaries.md:5;.repo_studios/docs/automation/validate_markdown_anchors.md:5;.repo_studios/docs/automation/validate_metrics_anchor_stubs.md:5;.repo_studios/docs/standards/global/std-global-prompt-engineering.md:29;automation/orchestrator_legacy_cleanup_checklist.md:5
testing	29	29	.repo_studios/docs/automation/analyze_test_hardening.md,.repo_studios/docs/automation/classify_monkey_patches.md,.repo_studios/docs/automation/collect_faulthandler_reports.md,.repo_studios/docs/automation/collect_test_log_reports.md,.repo_studios/docs/automation/configure_faulthandler_runtime.md,.repo_studios/docs/automation/diff_standards_index.md,.repo_studios/docs/automation/dump_faulthandler_snapshot.md,.repo_studios/docs/automation/extract_standards_rules.md,.repo_studios/docs/automation/generate_anchor_health_report.md,.repo_studios/docs/automation/generate_code_doc_churn_report.md,.repo_studios/docs/automation/generate_dependency_hygiene_report.md,.repo_studios/docs/automation/generate_lizard_report.md,.repo_studios/docs/automation/generate_standards_index.md,.repo_studios/docs/automation/generate_test_coverage_inventory.md,.repo_studios/docs/automation/generate_test_log_health_report.md,.repo_studios/docs/automation/generate_typecheck_report.md,.repo_studios/docs/automation/generate_undocumented_logic_report.md,.repo_studios/docs/automation/render_inventory_views.md,.repo_studios/docs/automation/run_fault_pipeline.md,.repo_studios/docs/automation/run_pytest_log_capture.md,.repo_studios/docs/automation/run_standards_index_cli.md,.repo_studios/docs/automation/scan_code_placeholders.md,.repo_studios/docs/automation/scan_monkey_patches.md,.repo_studios/docs/automation/seed_standards_prompts.md,.repo_studios/docs/automation/summarize_standards.md,.repo_studios/docs/automation/validate_import_boundaries.md,.repo_studios/docs/automation/validate_inventory.md,.repo_studios/docs/automation/validate_markdown_anchors.md,.repo_studios/docs/automation/validate_metrics_anchor_stubs.md	.repo_studios/docs/automation/analyze_test_hardening.md:53;.repo_studios/docs/automation/classify_monkey_patches.md:73;.repo_studios/docs/automation/collect_faulthandler_reports.md:73;.repo_studios/docs/automation/collect_test_log_reports.md:56;.repo_studios/docs/automation/configure_faulthandler_runtime.md:46;.repo_studios/docs/automation/diff_standards_index.md:58;.repo_studios/docs/automation/dump_faulthandler_snapshot.md:44;.repo_studios/docs/automation/extract_standards_rules.md:86;.repo_studios/docs/automation/generate_anchor_health_report.md:41;.repo_studios/docs/automation/generate_code_doc_churn_report.md:64;.repo_studios/docs/automation/generate_dependency_hygiene_report.md:64;.repo_studios/docs/automation/generate_lizard_report.md:70;.repo_studios/docs/automation/generate_standards_index.md:72;.repo_studios/docs/automation/generate_test_coverage_inventory.md:59;.repo_studios/docs/automation/generate_test_log_health_report.md:73;.repo_studios/docs/automation/generate_typecheck_report.md:47;.repo_studios/docs/automation/generate_undocumented_logic_report.md:58;.repo_studios/docs/automation/render_inventory_views.md:45;.repo_studios/docs/automation/run_fault_pipeline.md:70;.repo_studios/docs/automation/run_pytest_log_capture.md:87;.repo_studios/docs/automation/run_standards_index_cli.md:100;.repo_studios/docs/automation/scan_code_placeholders.md:77;.repo_studios/docs/automation/scan_monkey_patches.md:77;.repo_studios/docs/automation/seed_standards_prompts.md:59;.repo_studios/docs/automation/summarize_standards.md:40;.repo_studios/docs/automation/validate_import_boundaries.md:55;.repo_studios/docs/automation/validate_inventory.md:46;.repo_studios/docs/automation/validate_markdown_anchors.md:55;.repo_studios/docs/automation/validate_metrics_anchor_stubs.md:64
outputs	27	27	.repo_studios/docs/automation/analyze_test_hardening.md,.repo_studios/docs/automation/classify_monkey_patches.md,.repo_studios/docs/automation/collect_faulthandler_reports.md,.repo_studios/docs/automation/collect_test_log_reports.md,.repo_studios/docs/automation/diff_standards_index.md,.repo_studios/docs/automation/generate_code_doc_churn_report.md,.repo_studios/docs/automation/generate_dependency_hygiene_report.md,.repo_studios/docs/automation/generate_lizard_report.md,.repo_studios/docs/automation/generate_standards_index.md,.repo_studios/docs/automation/generate_test_coverage_inventory.md,.repo_studios/docs/automation/generate_test_log_health_report.md,.repo_studios/docs/automation/generate_typecheck_report.md,.repo_studios/docs/automation/generate_undocumented_logic_report.md,.repo_studios/docs/automation/refresh_mypy_baselines.md,.repo_studios/docs/automation/render_inventory_views.md,.repo_studios/docs/automation/run_fault_pipeline.md,.repo_studios/docs/automation/run_pytest_log_capture.md,.repo_studios/docs/automation/run_standards_index_cli.md,.repo_studios/docs/automation/scan_code_placeholders.md,.repo_studios/docs/automation/scan_monkey_patches.md,.repo_studios/docs/automation/seed_standards_prompts.md,.repo_studios/docs/automation/summarize_standards.md,.repo_studios/docs/automation/validate_import_boundaries.md,.repo_studios/docs/automation/validate_inventory.md,.repo_studios/docs/automation/validate_markdown_anchors.md,.repo_studios/docs/automation/validate_metrics_anchor_stubs.md,.repo_studios/docs/playbooks/playbook-memory-refresh.md	.repo_studios/docs/automation/analyze_test_hardening.md:30;.repo_studios/docs/automation/classify_monkey_patches.md:55;.repo_studios/docs/automation/collect_faulthandler_reports.md:44;.repo_studios/docs/automation/collect_test_log_reports.md:29;.repo_studios/docs/automation/diff_standards_index.md:38;.repo_studios/docs/automation/generate_code_doc_churn_report.md:26;.repo_studios/docs/automation/generate_dependency_hygiene_report.md:32;.repo_studios/docs/automation/generate_lizard_report.md:37;.repo_studios/docs/automation/generate_standards_index.md:40;.repo_studios/docs/automation/generate_test_coverage_inventory.md:37;.repo_studios/docs/automation/generate_test_log_health_report.md:30;.repo_studios/docs/automation/generate_typecheck_report.md:26;.repo_studios/docs/automation/generate_undocumented_logic_report.md:27;.repo_studios/docs/automation/refresh_mypy_baselines.md:28;.repo_studios/docs/automation/render_inventory_views.md:21;.repo_studios/docs/automation/run_fault_pipeline.md:56;.repo_studios/docs/automation/run_pytest_log_capture.md:50;.repo_studios/docs/automation/run_standards_index_cli.md:75;.repo_studios/docs/automation/scan_code_placeholders.md:37;.repo_studios/docs/automation/scan_monkey_patches.md:39;.repo_studios/docs/automation/seed_standards_prompts.md:32;.repo_studios/docs/automation/summarize_standards.md:28;.repo_studios/docs/automation/validate_import_boundaries.md:30;.repo_studios/docs/automation/validate_inventory.md:22;.repo_studios/docs/automation/validate_markdown_anchors.md:33;.repo_studios/docs/automation/validate_metrics_anchor_stubs.md:36;.repo_studios/docs/playbooks/playbook-memory-refresh.md:64
invocation	25	25	.repo_studios/docs/automation/analyze_test_hardening.md,.repo_studios/docs/automation/classify_monkey_patches.md,.repo_studios/docs/automation/collect_faulthandler_reports.md,.repo_studios/docs/automation/collect_test_log_reports.md,.repo_studios/docs/automation/diff_standards_index.md,.repo_studios/docs/automation/extract_standards_rules.md,.repo_studios/docs/automation/generate_dependency_hygiene_report.md,.repo_studios/docs/automation/generate_lizard_report.md,.repo_studios/docs/automation/generate_standards_index.md,.repo_studios/docs/automation/generate_test_coverage_inventory.md,.repo_studios/docs/automation/generate_typecheck_report.md,.repo_studios/docs/automation/refresh_mypy_baselines.md,.repo_studios/docs/automation/render_inventory_views.md,.repo_studios/docs/automation/run_fault_pipeline.md,.repo_studios/docs/automation/run_pytest_log_capture.md,.repo_studios/docs/automation/run_standards_index_cli.md,.repo_studios/docs/automation/scan_code_placeholders.md,.repo_studios/docs/automation/scan_monkey_patches.md,.repo_studios/docs/automation/seed_standards_prompts.md,.repo_studios/docs/automation/summarize_standards.md,.repo_studios/docs/automation/validate_import_boundaries.md,.repo_studios/docs/automation/validate_inventory.md,.repo_studios/docs/automation/validate_markdown_anchors.md,.repo_studios/docs/automation/validate_metrics_anchor_stubs.md,.repo_studios/docs/automation/verify_docs_integrity.md	.repo_studios/docs/automation/analyze_test_hardening.md:9;.repo_studios/docs/automation/classify_monkey_patches.md:28;.repo_studios/docs/automation/collect_faulthandler_reports.md:19;.repo_studios/docs/automation/collect_test_log_reports.md:9;.repo_studios/docs/automation/diff_standards_index.md:9;.repo_studios/docs/automation/extract_standards_rules.md:50;.repo_studios/docs/automation/generate_dependency_hygiene_report.md:9;.repo_studios/docs/automation/generate_lizard_report.md:9;.repo_studios/docs/automation/generate_standards_index.md:9;.repo_studios/docs/automation/generate_test_coverage_inventory.md:9;.repo_studios/docs/automation/generate_typecheck_report.md:5;.repo_studios/docs/automation/refresh_mypy_baselines.md:10;.repo_studios/docs/automation/render_inventory_views.md:5;.repo_studios/docs/automation/run_fault_pipeline.md:15;.repo_studios/docs/automation/run_pytest_log_capture.md:14;.repo_studios/docs/automation/run_standards_index_cli.md:11;.repo_studios/docs/automation/scan_code_placeholders.md:9;.repo_studios/docs/automation/scan_monkey_patches.md:9;.repo_studios/docs/automation/seed_standards_prompts.md:9;.repo_studios/docs/automation/summarize_standards.md:13;.repo_studios/docs/automation/validate_import_boundaries.md:9;.repo_studios/docs/automation/validate_inventory.md:5;.repo_studios/docs/automation/validate_markdown_anchors.md:12;.repo_studios/docs/automation/validate_metrics_anchor_stubs.md:12;.repo_studios/docs/automation/verify_docs_integrity.md:7
operational-notes	19	19	.repo_studios/docs/automation/analyze_test_hardening.md,.repo_studios/docs/automation/classify_monkey_patches.md,.repo_studios/docs/automation/collect_faulthandler_reports.md,.repo_studios/docs/automation/collect_test_log_reports.md,.repo_studios/docs/automation/diff_standards_index.md,.repo_studios/docs/automation/generate_dependency_hygiene_report.md,.repo_studios/docs/automation/generate_lizard_report.md,.repo_studios/docs/automation/generate_standards_index.md,.repo_studios/docs/automation/generate_test_coverage_inventory.md,.repo_studios/docs/automation/healthview_onboarding.md,.repo_studios/docs/automation/run_pytest_log_capture.md,.repo_studios/docs/automation/run_standards_index_cli.md,.repo_studios/docs/automation/scan_code_placeholders.md,.repo_studios/docs/automation/scan_monkey_patches.md,.repo_studios/docs/automation/seed_standards_prompts.md,.repo_studios/docs/automation/validate_import_boundaries.md,.repo_studios/docs/automation/validate_markdown_anchors.md,.repo_studios/docs/automation/validate_metrics_anchor_stubs.md,.repo_studios/docs/directory_layout.md	.repo_studios/docs/automation/analyze_test_hardening.md:59;.repo_studios/docs/automation/classify_monkey_patches.md:77;.repo_studios/docs/automation/collect_faulthandler_reports.md:80;.repo_studios/docs/automation/collect_test_log_reports.md:62;.repo_studios/docs/automation/diff_standards_index.md:62;.repo_studios/docs/automation/generate_dependency_hygiene_report.md:69;.repo_studios/docs/automation/generate_lizard_report.md:75;.repo_studios/docs/automation/generate_standards_index.md:77;.repo_studios/docs/automation/generate_test_coverage_inventory.md:64;.repo_studios/docs/automation/healthview_onboarding.md:105;.repo_studios/docs/automation/run_pytest_log_capture.md:97;.repo_studios/docs/automation/run_standards_index_cli.md:114;.repo_studios/docs/automation/scan_code_placeholders.md:83;.repo_studios/docs/automation/scan_monkey_patches.md:83;.repo_studios/docs/automation/seed_standards_prompts.md:65;.repo_studios/docs/automation/validate_import_boundaries.md:61;.repo_studios/docs/automation/validate_markdown_anchors.md:63;.repo_studios/docs/automation/validate_metrics_anchor_stubs.md:71;.repo_studios/docs/directory_layout.md:25
agent-block-machine-readable	10	10	.repo_studios/docs/playbooks/playbook-agent-operations.md,.repo_studios/docs/playbooks/playbook-memory-refresh.md,.repo_studios/docs/playbooks/playbook-migration.md,.repo_studios/docs/playbooks/playbook-prompt-library.md,.repo_studios/docs/standards/global/std-global-html-coding.md,.repo_studios/docs/standards/global/std-global-markdown-authoring.md,.repo_studios/docs/standards/global/std-global-monkey-patching.md,.repo_studios/docs/standards/global/std-global-prompt-engineering.md,.repo_studios/docs/standards/global/std-global-python-engineering.md,.repo_studios/docs/standards/project/std-project-operating-standard.md	.repo_studios/docs/playbooks/playbook-agent-operations.md:96;.repo_studios/docs/playbooks/playbook-memory-refresh.md:113;.repo_studios/docs/playbooks/playbook-migration.md:76;.repo_studios/docs/playbooks/playbook-prompt-library.md:74;.repo_studios/docs/standards/global/std-global-html-coding.md:126;.repo_studios/docs/standards/global/std-global-markdown-authoring.md:152;.repo_studios/docs/standards/global/std-global-monkey-patching.md:178;.repo_studios/docs/standards/global/std-global-prompt-engineering.md:143;.repo_studios/docs/standards/global/std-global-python-engineering.md:280;.repo_studios/docs/standards/project/std-project-operating-standard.md:132
diagnostics	9	9	.repo_studios/docs/automation/collect_faulthandler_reports.md,.repo_studios/docs/automation/collect_test_log_reports.md,.repo_studios/docs/automation/run_pytest_log_capture.md,.repo_studios/docs/automation/run_standards_index_cli.md,.repo_studios/docs/automation/scan_code_placeholders.md,.repo_studios/docs/automation/scan_monkey_patches.md,.repo_studios/docs/automation/seed_standards_prompts.md,.repo_studios/docs/automation/validate_import_boundaries.md,.repo_studios/docs/automation/validate_metrics_anchor_stubs.md	.repo_studios/docs/automation/collect_faulthandler_reports.md:61;.repo_studios/docs/automation/collect_test_log_reports.md:42;.repo_studios/docs/automation/run_pytest_log_capture.md:73;.repo_studios/docs/automation/run_standards_index_cli.md:88;.repo_studios/docs/automation/scan_code_placeholders.md:57;.repo_studios/docs/automation/scan_monkey_patches.md:69;.repo_studios/docs/automation/seed_standards_prompts.md:52;.repo_studios/docs/automation/validate_import_boundaries.md:48;.repo_studios/docs/automation/validate_metrics_anchor_stubs.md:56
overview	8	8	.repo_studios/docs/automation/configure_faulthandler_runtime.md,.repo_studios/docs/automation/dump_faulthandler_snapshot.md,.repo_studios/docs/automation/run_fault_pipeline.md,.repo_studios/docs/automation/run_pytest_log_capture.md,.repo_studios/docs/automation/run_standards_index_cli.md,.repo_studios/docs/automation/traceability/producer_consumer_traceability_audit.md,.repo_studios/docs/automation/verify_docs_integrity.md,automation/orchestrator_migration_announcement.md	.repo_studios/docs/automation/configure_faulthandler_runtime.md:3;.repo_studios/docs/automation/dump_faulthandler_snapshot.md:3;.repo_studios/docs/automation/run_fault_pipeline.md:3;.repo_studios/docs/automation/run_pytest_log_capture.md:5;.repo_studios/docs/automation/run_standards_index_cli.md:5;.repo_studios/docs/automation/traceability/producer_consumer_traceability_audit.md:6;.repo_studios/docs/automation/verify_docs_integrity.md:3;automation/orchestrator_migration_announcement.md:5
status-semantics	6	6	.repo_studios/docs/automation/diff_standards_index.md,.repo_studios/docs/automation/generate_dependency_hygiene_report.md,.repo_studios/docs/automation/generate_lizard_report.md,.repo_studios/docs/automation/generate_standards_index.md,.repo_studios/docs/automation/generate_test_coverage_inventory.md,.repo_studios/docs/automation/validate_markdown_anchors.md	.repo_studios/docs/automation/diff_standards_index.md:50;.repo_studios/docs/automation/generate_dependency_hygiene_report.md:51;.repo_studios/docs/automation/generate_lizard_report.md:63;.repo_studios/docs/automation/generate_standards_index.md:66;.repo_studios/docs/automation/generate_test_coverage_inventory.md:51;.repo_studios/docs/automation/validate_markdown_anchors.md:45
objective	5	5	.repo_studios/docs/automation/traceability/analyze_monkey_patch_trends_modernization_plan.md,.repo_studios/docs/automation/traceability/generate_churn_complexity_heatmap_modernization_plan.md,.repo_studios/docs/automation/traceability/generate_code_doc_churn_report_plan.md,.repo_studios/docs/automation/traceability/run_batch_cleanup_modernization_plan.md,.repo_studios/docs/automation/traceability/run_standards_index_cli_modernization_plan.md	.repo_studios/docs/automation/traceability/analyze_monkey_patch_trends_modernization_plan.md:5;.repo_studios/docs/automation/traceability/generate_churn_complexity_heatmap_modernization_plan.md:3;.repo_studios/docs/automation/traceability/generate_code_doc_churn_report_plan.md:3;.repo_studios/docs/automation/traceability/run_batch_cleanup_modernization_plan.md:10;.repo_studios/docs/automation/traceability/run_standards_index_cli_modernization_plan.md:9
open-questions	5	5	.repo_studios/docs/automation/traceability/analyze_monkey_patch_trends_modernization_plan.md,.repo_studios/docs/automation/traceability/fault_pipeline_aggregator_plan.md,.repo_studios/docs/automation/traceability/generate_churn_complexity_heatmap_modernization_plan.md,.repo_studios/docs/automation/traceability/run_batch_cleanup_modernization_plan.md,.repo_studios/docs/automation/traceability/run_standards_index_cli_modernization_plan.md	.repo_studios/docs/automation/traceability/analyze_monkey_patch_trends_modernization_plan.md:76;.repo_studios/docs/automation/traceability/fault_pipeline_aggregator_plan.md:23;.repo_studios/docs/automation/traceability/generate_churn_complexity_heatmap_modernization_plan.md:74;.repo_studios/docs/automation/traceability/run_batch_cleanup_modernization_plan.md:76;.repo_studios/docs/automation/traceability/run_standards_index_cli_modernization_plan.md:73
references	5	5	.repo_studios/docs/automation/healthview_onboarding.md,.repo_studios/docs/automation/refactor_library_integration_notes.md,.repo_studios/docs/standards/global/std-global-html-coding.md,.repo_studios/docs/standards/global/std-global-monkey-patching.md,.repo_studios/docs/standards/global/std-global-prompt-engineering.md	.repo_studios/docs/automation/healthview_onboarding.md:115;.repo_studios/docs/automation/refactor_library_integration_notes.md:92;.repo_studios/docs/standards/global/std-global-html-coding.md:120;.repo_studios/docs/standards/global/std-global-monkey-patching.md:164;.repo_studios/docs/standards/global/std-global-prompt-engineering.md:129
anchor-health-reminder	4	4	.repo_studios/docs/standards/global/std-global-monkey-patching.md,.repo_studios/docs/standards/global/std-global-prompt-engineering.md,.repo_studios/docs/standards/global/std-global-python-engineering.md,.repo_studios/docs/standards/project/std-project-operating-standard.md	.repo_studios/docs/standards/global/std-global-monkey-patching.md:172;.repo_studios/docs/standards/global/std-global-prompt-engineering.md:137;.repo_studios/docs/standards/global/std-global-python-engineering.md:274;.repo_studios/docs/standards/project/std-project-operating-standard.md:126
current-state	4	4	.repo_studios/docs/automation/traceability/analyze_monkey_patch_trends_modernization_plan.md,.repo_studios/docs/automation/traceability/generate_churn_complexity_heatmap_modernization_plan.md,.repo_studios/docs/automation/traceability/run_batch_cleanup_modernization_plan.md,.repo_studios/docs/automation/traceability/run_standards_index_cli_modernization_plan.md	.repo_studios/docs/automation/traceability/analyze_monkey_patch_trends_modernization_plan.md:9;.repo_studios/docs/automation/traceability/generate_churn_complexity_heatmap_modernization_plan.md:7;.repo_studios/docs/automation/traceability/run_batch_cleanup_modernization_plan.md:14;.repo_studios/docs/automation/traceability/run_standards_index_cli_modernization_plan.md:16
implementation-steps	4	4	.repo_studios/docs/automation/traceability/analyze_monkey_patch_trends_modernization_plan.md,.repo_studios/docs/automation/traceability/generate_churn_complexity_heatmap_modernization_plan.md,.repo_studios/docs/automation/traceability/run_batch_cleanup_modernization_plan.md,.repo_studios/docs/automation/traceability/run_standards_index_cli_modernization_plan.md	.repo_studios/docs/automation/traceability/analyze_monkey_patch_trends_modernization_plan.md:27;.repo_studios/docs/automation/traceability/generate_churn_complexity_heatmap_modernization_plan.md:26;.repo_studios/docs/automation/traceability/run_batch_cleanup_modernization_plan.md:40;.repo_studios/docs/automation/traceability/run_standards_index_cli_modernization_plan.md:42
inputs	4	4	.repo_studios/docs/automation/generate_anchor_health_report.md,.repo_studios/docs/automation/generate_code_doc_churn_report.md,.repo_studios/docs/automation/generate_test_log_health_report.md,.repo_studios/docs/automation/generate_undocumented_logic_report.md	.repo_studios/docs/automation/generate_anchor_health_report.md:9;.repo_studios/docs/automation/generate_code_doc_churn_report.md:11;.repo_studios/docs/automation/generate_test_log_health_report.md:14;.repo_studios/docs/automation/generate_undocumented_logic_report.md:10
notes	4	4	.repo_studios/docs/automation/generate_test_log_health_report.md,.repo_studios/docs/automation/orchestrator_automation_hooks.md,.repo_studios/docs/automation/traceability/fault_pipeline_aggregator_plan.md,.repo_studios/docs/templates/structural_checklist_template.md	.repo_studios/docs/automation/generate_test_log_health_report.md:83;.repo_studios/docs/automation/orchestrator_automation_hooks.md:32;.repo_studios/docs/automation/traceability/fault_pipeline_aggregator_plan.md:43;.repo_studios/docs/templates/structural_checklist_template.md:26
target-architecture	4	4	.repo_studios/docs/automation/traceability/analyze_monkey_patch_trends_modernization_plan.md,.repo_studios/docs/automation/traceability/generate_churn_complexity_heatmap_modernization_plan.md,.repo_studios/docs/automation/traceability/run_batch_cleanup_modernization_plan.md,.repo_studios/docs/automation/traceability/run_standards_index_cli_modernization_plan.md	.repo_studios/docs/automation/traceability/analyze_monkey_patch_trends_modernization_plan.md:16;.repo_studios/docs/automation/traceability/generate_churn_complexity_heatmap_modernization_plan.md:15;.repo_studios/docs/automation/traceability/run_batch_cleanup_modernization_plan.md:27;.repo_studios/docs/automation/traceability/run_standards_index_cli_modernization_plan.md:29
acceptance-criteria	3	3	.repo_studios/docs/automation/traceability/analyze_monkey_patch_trends_modernization_plan.md,.repo_studios/docs/automation/traceability/run_batch_cleanup_modernization_plan.md,.repo_studios/docs/automation/traceability/run_standards_index_cli_modernization_plan.md	.repo_studios/docs/automation/traceability/analyze_monkey_patch_trends_modernization_plan.md:68;.repo_studios/docs/automation/traceability/run_batch_cleanup_modernization_plan.md:68;.repo_studios/docs/automation/traceability/run_standards_index_cli_modernization_plan.md:64
anchor-health-cross-link	3	3	.repo_studios/docs/standards/global/std-global-chainlit-ui.md,.repo_studios/docs/standards/global/std-global-code-cleanup.md,.repo_studios/docs/standards/global/std-global-html-coding.md	.repo_studios/docs/standards/global/std-global-chainlit-ui.md:197;.repo_studios/docs/standards/global/std-global-code-cleanup.md:133;.repo_studios/docs/standards/global/std-global-html-coding.md:156
anti-patterns-to-avoid	3	3	.repo_studios/docs/standards/global/std-global-html-coding.md,.repo_studios/docs/standards/global/std-global-markdown-authoring.md,.repo_studios/docs/standards/global/std-global-python-engineering.md	.repo_studios/docs/standards/global/std-global-html-coding.md:88;.repo_studios/docs/standards/global/std-global-markdown-authoring.md:89;.repo_studios/docs/standards/global/std-global-python-engineering.md:256
context	3	3	.repo_studios/docs/automation/traceability/fault_pipeline_aggregator_plan.md,.repo_studios/docs/templates/agent_note_template.md,automation/orchestrator_implementation.md	.repo_studios/docs/automation/traceability/fault_pipeline_aggregator_plan.md:14;.repo_studios/docs/templates/agent_note_template.md:14;automation/orchestrator_implementation.md:19
dependencies-coordination	3	3	.repo_studios/docs/automation/traceability/analyze_monkey_patch_trends_modernization_plan.md,.repo_studios/docs/automation/traceability/run_batch_cleanup_modernization_plan.md,.repo_studios/docs/automation/traceability/run_standards_index_cli_modernization_plan.md	.repo_studios/docs/automation/traceability/analyze_monkey_patch_trends_modernization_plan.md:62;.repo_studios/docs/automation/traceability/run_batch_cleanup_modernization_plan.md:62;.repo_studios/docs/automation/traceability/run_standards_index_cli_modernization_plan.md:57
quick-checklists	3	3	.repo_studios/docs/standards/global/std-global-html-coding.md,.repo_studios/docs/standards/global/std-global-monkey-patching.md,.repo_studios/docs/standards/global/std-global-prompt-engineering.md	.repo_studios/docs/standards/global/std-global-html-coding.md:104;.repo_studios/docs/standards/global/std-global-monkey-patching.md:146;.repo_studios/docs/standards/global/std-global-prompt-engineering.md:101
status	3	3	.repo_studios/docs/automation/traceability/fault_pipeline_aggregator_plan.md,.repo_studios/docs/automation/traceability/run_batch_cleanup_modernization_plan.md,.repo_studios/docs/automation/traceability/run_standards_index_cli_modernization_plan.md	.repo_studios/docs/automation/traceability/fault_pipeline_aggregator_plan.md:3;.repo_studios/docs/automation/traceability/run_batch_cleanup_modernization_plan.md:3;.repo_studios/docs/automation/traceability/run_standards_index_cli_modernization_plan.md:3
usage	3	3	.repo_studios/docs/automation/dump_faulthandler_snapshot.md,.repo_studios/docs/automation/generate_code_doc_churn_report.md,.repo_studios/docs/automation/generate_undocumented_logic_report.md	.repo_studios/docs/automation/dump_faulthandler_snapshot.md:34;.repo_studios/docs/automation/generate_code_doc_churn_report.md:43;.repo_studios/docs/automation/generate_undocumented_logic_report.md:43
anti-patterns	2	2	.repo_studios/docs/standards/global/std-global-monkey-patching.md,.repo_studios/docs/standards/global/std-global-prompt-engineering.md	.repo_studios/docs/standards/global/std-global-monkey-patching.md:137;.repo_studios/docs/standards/global/std-global-prompt-engineering.md:119
authoring-guidelines	2	2	.repo_studios/docs/standards/global/README.md,.repo_studios/docs/standards/project/README.md	.repo_studios/docs/standards/global/README.md:22;.repo_studios/docs/standards/project/README.md:25
change-history	2	2	.repo_studios/docs/standards/global/std-global-html-coding.md,.repo_studios/docs/standards/global/std-global-prompt-engineering.md	.repo_studios/docs/standards/global/std-global-html-coding.md:151;.repo_studios/docs/standards/global/std-global-prompt-engineering.md:185
cli-reference	2	2	.repo_studios/docs/automation/generate_anchor_inventory.md,.repo_studios/docs/automation/generate_doc_index.md	.repo_studios/docs/automation/generate_anchor_inventory.md:66;.repo_studios/docs/automation/generate_doc_index.md:71
data-shape	2	2	.repo_studios/docs/automation/generate_anchor_inventory.md,.repo_studios/docs/automation/generate_doc_index.md	.repo_studios/docs/automation/generate_anchor_inventory.md:34;.repo_studios/docs/automation/generate_doc_index.md:34
decisions-captured	2	2	.repo_studios/docs/automation/function_inventory_integration_plan.md,.repo_studios/docs/templates/integration_alignment_template.md	.repo_studios/docs/automation/function_inventory_integration_plan.md:128;.repo_studios/docs/templates/integration_alignment_template.md:97
environment-flags	2	2	.repo_studios/docs/automation/configure_faulthandler_runtime.md,.repo_studios/docs/automation/dump_faulthandler_snapshot.md	.repo_studios/docs/automation/configure_faulthandler_runtime.md:29;.repo_studios/docs/automation/dump_faulthandler_snapshot.md:21
future-enhancements	2	2	.repo_studios/docs/automation/function_analysis_guide.md,.repo_studios/docs/automation/standards-extraction-spec.md	.repo_studios/docs/automation/function_analysis_guide.md:91;.repo_studios/docs/automation/standards-extraction-spec.md:167
goals	2	2	.repo_studios/docs/automation/ci_metrics_checks.md,.repo_studios/docs/automation/standards-extraction-spec.md	.repo_studios/docs/automation/ci_metrics_checks.md:7;.repo_studios/docs/automation/standards-extraction-spec.md:27
implementation-summary	2	2	.repo_studios/docs/automation/generate_anchor_inventory.md,.repo_studios/docs/automation/generate_doc_index.md	.repo_studios/docs/automation/generate_anchor_inventory.md:80;.repo_studios/docs/automation/generate_doc_index.md:84
integration-notes	2	2	.repo_studios/docs/automation/extract_standards_rules.md,.repo_studios/docs/automation/verify_docs_integrity.md	.repo_studios/docs/automation/extract_standards_rules.md:92;.repo_studios/docs/automation/verify_docs_integrity.md:54
legacy-compatibility	2	2	.repo_studios/docs/automation/configure_faulthandler_runtime.md,.repo_studios/docs/automation/dump_faulthandler_snapshot.md	.repo_studios/docs/automation/configure_faulthandler_runtime.md:60;.repo_studios/docs/automation/dump_faulthandler_snapshot.md:65
migration-notes	2	2	.repo_studios/docs/standards/global/README.md,.repo_studios/docs/standards/project/README.md	.repo_studios/docs/standards/global/README.md:28;.repo_studios/docs/standards/project/README.md:31
next-actions	2	2	.repo_studios/docs/automation/ci_metrics_checks.md,.repo_studios/docs/automation/traceability/aggregator_dependency_audit.md	.repo_studios/docs/automation/ci_metrics_checks.md:43;.repo_studios/docs/automation/traceability/aggregator_dependency_audit.md:28
next-steps	2	2	.repo_studios/docs/automation/traceability/generate_code_doc_churn_report_plan.md,.repo_studios/docs/inventory/inventory-notes.md	.repo_studios/docs/automation/traceability/generate_code_doc_churn_report_plan.md:99;.repo_studios/docs/inventory/inventory-notes.md:120
notes-for-ai-consumers	2	2	.repo_studios/docs/automation/generate_anchor_inventory.md,.repo_studios/docs/automation/generate_doc_index.md	.repo_studios/docs/automation/generate_anchor_inventory.md:96;.repo_studios/docs/automation/generate_doc_index.md:101
output-contract	2	2	.repo_studios/docs/automation/generate_anchor_inventory.md,.repo_studios/docs/automation/generate_doc_index.md	.repo_studios/docs/automation/generate_anchor_inventory.md:12;.repo_studios/docs/automation/generate_doc_index.md:14
outstanding-considerations	2	2	.repo_studios/docs/automation/function_inventory_integration_plan.md,.repo_studios/docs/templates/integration_alignment_template.md	.repo_studios/docs/automation/function_inventory_integration_plan.md:141;.repo_studios/docs/templates/integration_alignment_template.md:106
phase-1-foundation-inventory	2	2	.repo_studios/docs/repo_studios_build_plan.md,.repo_studios/docs/templates/structural_checklist_template.md	.repo_studios/docs/repo_studios_build_plan.md:19;.repo_studios/docs/templates/structural_checklist_template.md:10
phase-2-migration-normalization	2	2	.repo_studios/docs/repo_studios_build_plan.md,.repo_studios/docs/templates/structural_checklist_template.md	.repo_studios/docs/repo_studios_build_plan.md:35;.repo_studios/docs/templates/structural_checklist_template.md:16
phase-3-automation-quality-gates	2	2	.repo_studios/docs/repo_studios_build_plan.md,.repo_studios/docs/templates/structural_checklist_template.md	.repo_studios/docs/repo_studios_build_plan.md:49;.repo_studios/docs/templates/structural_checklist_template.md:21
responsibilities	2	2	.repo_studios/docs/automation/configure_faulthandler_runtime.md,.repo_studios/docs/automation/dump_faulthandler_snapshot.md	.repo_studios/docs/automation/configure_faulthandler_runtime.md:13;.repo_studios/docs/automation/dump_faulthandler_snapshot.md:11
script-inventory-template	2	2	.repo_studios/docs/templates/script_inventory.md,.repo_studios/docs/templates/script_inventory_template.md	.repo_studios/docs/templates/script_inventory.md:1;.repo_studios/docs/templates/script_inventory_template.md:1
self-improvement-protocol	2	2	.repo_studios/docs/standards/global/std-global-code-cleanup.md,.repo_studios/docs/standards/global/std-global-html-coding.md	.repo_studios/docs/standards/global/std-global-code-cleanup.md:72;.repo_studios/docs/standards/global/std-global-html-coding.md:97
success-criteria	2	2	.repo_studios/docs/playbooks/playbook-memory-refresh.md,.repo_studios/docs/standards/global/std-global-mission-parameters.md	.repo_studios/docs/playbooks/playbook-memory-refresh.md:72;.repo_studios/docs/standards/global/std-global-mission-parameters.md:103
1-overview	1	1	automation/orchestrator_topic_refactor_rfc.md	automation/orchestrator_topic_refactor_rfc.md:3
1-record-structure	1	1	.repo_studios/docs/inventory_schema_spec.md	.repo_studios/docs/inventory_schema_spec.md:7
10-rollout-phases	1	1	automation/orchestrator_topic_refactor_rfc.md	automation/orchestrator_topic_refactor_rfc.md:136
11-risks-and-mitigations	1	1	automation/orchestrator_topic_refactor_rfc.md	automation/orchestrator_topic_refactor_rfc.md:154
12-open-questions	1	1	automation/orchestrator_topic_refactor_rfc.md	automation/orchestrator_topic_refactor_rfc.md:168
13-decision-record	1	1	automation/orchestrator_topic_refactor_rfc.md	automation/orchestrator_topic_refactor_rfc.md:191
14-references	1	1	automation/orchestrator_topic_refactor_rfc.md	automation/orchestrator_topic_refactor_rfc.md:207
2-enumerations	1	1	.repo_studios/docs/inventory_schema_spec.md	.repo_studios/docs/inventory_schema_spec.md:33
2-motivation	1	1	automation/orchestrator_topic_refactor_rfc.md	automation/orchestrator_topic_refactor_rfc.md:12
3-dependency-block	1	1	.repo_studios/docs/inventory_schema_spec.md	.repo_studios/docs/inventory_schema_spec.md:79
3-goals	1	1	automation/orchestrator_topic_refactor_rfc.md	automation/orchestrator_topic_refactor_rfc.md:24
4-non-goals	1	1	automation/orchestrator_topic_refactor_rfc.md	automation/orchestrator_topic_refactor_rfc.md:36
4-notes-block	1	1	.repo_studios/docs/inventory_schema_spec.md	.repo_studios/docs/inventory_schema_spec.md:96
5-example-entry	1	1	.repo_studios/docs/inventory_schema_spec.md	.repo_studios/docs/inventory_schema_spec.md:111
5-proposed-architecture	1	1	automation/orchestrator_topic_refactor_rfc.md	automation/orchestrator_topic_refactor_rfc.md:45
6-shared-helper-enhancements	1	1	automation/orchestrator_topic_refactor_rfc.md	automation/orchestrator_topic_refactor_rfc.md:83
6-validation-requirements	1	1	.repo_studios/docs/inventory_schema_spec.md	.repo_studios/docs/inventory_schema_spec.md:139
7-artifact-management-and-retention	1	1	automation/orchestrator_topic_refactor_rfc.md	automation/orchestrator_topic_refactor_rfc.md:99
7-future-extensions	1	1	.repo_studios/docs/inventory_schema_spec.md	.repo_studios/docs/inventory_schema_spec.md:148
8-testing-strategy	1	1	automation/orchestrator_topic_refactor_rfc.md	automation/orchestrator_topic_refactor_rfc.md:108
9-documentation-plan	1	1	automation/orchestrator_topic_refactor_rfc.md	automation/orchestrator_topic_refactor_rfc.md:122
accessibility-a11y	1	1	.repo_studios/docs/standards/global/std-global-html-coding.md	.repo_studios/docs/standards/global/std-global-html-coding.md:59
action-items	1	1	.repo_studios/docs/inventory/inventory-notes.md	.repo_studios/docs/inventory/inventory-notes.md:68
actions	1	1	.repo_studios/docs/templates/agent_note_template.md	.repo_studios/docs/templates/agent_note_template.md:17
active-producer-consumer-pairings	1	1	.repo_studios/docs/automation/traceability/producer_consumer_traceability_audit.md	.repo_studios/docs/automation/traceability/producer_consumer_traceability_audit.md:18
add-to-dev-requirements	1	1	.repo_studios/docs/standards/project/std-project-python-instructions.md	.repo_studios/docs/standards/project/std-project-python-instructions.md:591
agent-integration-outcomes-2025-12-05	1	1	automation/orchestrator_migration_announcement.md	automation/orchestrator_migration_announcement.md:34
agent-note-template	1	1	.repo_studios/docs/templates/agent_note_template.md	.repo_studios/docs/templates/agent_note_template.md:1
aggregatedocshealthsignals	1	1	.repo_studios/docs/automation/aggregate_docs_health_signals.md	.repo_studios/docs/automation/aggregate_docs_health_signals.md:1
aggregator-dependency-audit-draft-2025-11-24	1	1	.repo_studios/docs/automation/traceability/aggregator_dependency_audit.md	.repo_studios/docs/automation/traceability/aggregator_dependency_audit.md:1
ai-agent-compatibility	1	1	.repo_studios/docs/standards/global/std-global-html-coding.md	.repo_studios/docs/standards/global/std-global-html-coding.md:67
ai-ingestibility-requirements	1	1	.repo_studios/docs/standards/global/std-global-markdown-authoring.md	.repo_studios/docs/standards/global/std-global-markdown-authoring.md:65
alignment-considerations	1	1	.repo_studios/docs/automation/refactor_library_integration_notes.md	.repo_studios/docs/automation/refactor_library_integration_notes.md:46
alignment-with-repo-studios-orchestration	1	1	.repo_studios/docs/standards/global/std-global-chainlit-ui.md	.repo_studios/docs/standards/global/std-global-chainlit-ui.md:190
allowlist-format	1	1	.repo_studios/docs/automation/scan_code_placeholders.md	.repo_studios/docs/automation/scan_code_placeholders.md:65
analyze-monkey-patch-trends-modernization-plan-draft-2025-11-24	1	1	.repo_studios/docs/automation/traceability/analyze_monkey_patch_trends_modernization_plan.md	.repo_studios/docs/automation/traceability/analyze_monkey_patch_trends_modernization_plan.md:1
analyzetesthardeningpy	1	1	.repo_studios/docs/automation/analyze_test_hardening.md	.repo_studios/docs/automation/analyze_test_hardening.md:1
anchor-resolution	1	1	.repo_studios/docs/automation/standards-extraction-spec.md	.repo_studios/docs/automation/standards-extraction-spec.md:108
appendices	1	1	.repo_studios/docs/Repo_Studios_MOU_Strategic_Architecture.md	.repo_studios/docs/Repo_Studios_MOU_Strategic_Architecture.md:544
applies-to-guessing	1	1	.repo_studios/docs/automation/standards-extraction-spec.md	.repo_studios/docs/automation/standards-extraction-spec.md:85
approved-use-cases	1	1	.repo_studios/docs/standards/global/std-global-monkey-patching.md	.repo_studios/docs/standards/global/std-global-monkey-patching.md:58
artifact-locations	1	1	templates/test_execution_telemetry_summary_template.md	templates/test_execution_telemetry_summary_template.md:36
artifact-overview	1	1	.repo_studios/docs/automation/function_analysis_guide.md	.repo_studios/docs/automation/function_analysis_guide.md:9
artifact-plan	1	1	.repo_studios/docs/automation/traceability/generate_code_doc_churn_report_plan.md	.repo_studios/docs/automation/traceability/generate_code_doc_churn_report_plan.md:45
artifacts	1	1	.repo_studios/docs/automation/verify_docs_integrity.md	.repo_studios/docs/automation/verify_docs_integrity.md:32
artifacts-and-reports	1	1	automation/orchestrator_legacy_cleanup_checklist.md	automation/orchestrator_legacy_cleanup_checklist.md:56
async-and-api-guidance	1	1	.repo_studios/docs/standards/global/std-global-python-engineering.md	.repo_studios/docs/standards/global/std-global-python-engineering.md:85
async-patterns-and-cancellation	1	1	.repo_studios/docs/standards/global/std-global-chainlit-ui.md	.repo_studios/docs/standards/global/std-global-chainlit-ui.md:64
asynchrony-state	1	1	.repo_studios/docs/standards/global/std-global-javascript-engineering.md	.repo_studios/docs/standards/global/std-global-javascript-engineering.md:24
audience-and-scope	1	1	.repo_studios/docs/automation/healthview_onboarding.md	.repo_studios/docs/automation/healthview_onboarding.md:12
authoring-requirements	1	1	.repo_studios/docs/standards/global/std-global-monkey-patching.md	.repo_studios/docs/standards/global/std-global-monkey-patching.md:68
autofix-mismatched-hashes-and-skip-table-regeneration	1	1	.repo_studios/docs/automation/verify_docs_integrity.md	.repo_studios/docs/automation/verify_docs_integrity.md:19
automation	1	1	.repo_studios/docs/automation/dump_faulthandler_snapshot.md	.repo_studios/docs/automation/dump_faulthandler_snapshot.md:53
automation-visibility	1	1	standards/project/std-project-operating-standard.md	standards/project/std-project-operating-standard.md:18
backward-compatibility	1	1	.repo_studios/docs/automation/standards-index-schema.md	.repo_studios/docs/automation/standards-index-schema.md:141
bashzsh-interactive-example	1	1	.repo_studios/docs/automation/run_standards_index_cli.md	.repo_studios/docs/automation/run_standards_index_cli.md:56
behavioral-standards	1	1	.repo_studios/docs/standards/project/std-project-operating-standard.md	.repo_studios/docs/standards/project/std-project-operating-standard.md:76
best-practices	1	1	.repo_studios/docs/standards/global/std-global-markdown-authoring.md	.repo_studios/docs/standards/global/std-global-markdown-authoring.md:73
builtin-constraints	1	1	standards/global/std-global-monkey-patching.md	standards/global/std-global-monkey-patching.md:12
candidate-detection	1	1	.repo_studios/docs/automation/standards-extraction-spec.md	.repo_studios/docs/automation/standards-extraction-spec.md:49
canonical-section-order	1	1	.repo_studios/docs/standards/global/std-global-markdown-authoring.md	.repo_studios/docs/standards/global/std-global-markdown-authoring.md:140
ci-automation-and-prompts	1	1	automation/orchestrator_legacy_cleanup_checklist.md	automation/orchestrator_legacy_cleanup_checklist.md:48
ci-consumption-patterns	1	1	.repo_studios/docs/inventory_reports.md	.repo_studios/docs/inventory_reports.md:32
ci-metrics-checks-for-inventory-reports	1	1	.repo_studios/docs/automation/ci_metrics_checks.md	.repo_studios/docs/automation/ci_metrics_checks.md:1
ci-ratcheting-runtime-guards	1	1	.repo_studios/docs/standards/global/std-global-monkey-patching.md	.repo_studios/docs/standards/global/std-global-monkey-patching.md:118
classifymonkeypatchespy	1	1	.repo_studios/docs/automation/classify_monkey_patches.md	.repo_studios/docs/automation/classify_monkey_patches.md:1
cli-surface	1	1	.repo_studios/docs/automation/aggregate_docs_health_signals.md	.repo_studios/docs/automation/aggregate_docs_health_signals.md:65
collaboration-protocol	1	1	.repo_studios/docs/playbooks/playbook-agent-operations.md	.repo_studios/docs/playbooks/playbook-agent-operations.md:88
collectfaulthandlerreportspy	1	1	.repo_studios/docs/automation/collect_faulthandler_reports.md	.repo_studios/docs/automation/collect_faulthandler_reports.md:1
collecttestlogreportspy	1	1	.repo_studios/docs/automation/collect_test_log_reports.md	.repo_studios/docs/automation/collect_test_log_reports.md:1
common-layout-patterns	1	1	.repo_studios/docs/standards/global/std-global-html-coding.md	.repo_studios/docs/standards/global/std-global-html-coding.md:80
completion-criteria	1	1	.repo_studios/docs/standards/global/std-global-code-cleanup.md	.repo_studios/docs/standards/global/std-global-code-cleanup.md:125
complexity-guardrails	1	1	.repo_studios/docs/standards/global/std-global-python-engineering.md	.repo_studios/docs/standards/global/std-global-python-engineering.md:226
concerns	1	1	.repo_studios/docs/inventory/inventory-notes.md	.repo_studios/docs/inventory/inventory-notes.md:108
configuration-and-secrets	1	1	.repo_studios/docs/standards/global/std-global-python-engineering.md	.repo_studios/docs/standards/global/std-global-python-engineering.md:145
configuration-notes	1	1	.repo_studios/docs/inventory_validation.md	.repo_studios/docs/inventory_validation.md:57
configurefaulthandlerruntimepy	1	1	.repo_studios/docs/automation/configure_faulthandler_runtime.md	.repo_studios/docs/automation/configure_faulthandler_runtime.md:1
constraints-and-non-goals	1	1	.repo_studios/docs/standards/global/std-global-mission-parameters.md	.repo_studios/docs/standards/global/std-global-mission-parameters.md:96
continuous-improvement	1	1	.repo_studios/docs/standards/global/std-global-python-engineering.md	.repo_studios/docs/standards/global/std-global-python-engineering.md:266
core-principles	1	1	.repo_studios/docs/standards/global/std-global-prompt-engineering.md	.repo_studios/docs/standards/global/std-global-prompt-engineering.md:37
core-responsibilities	1	1	.repo_studios/docs/playbooks/playbook-agent-operations.md	.repo_studios/docs/playbooks/playbook-agent-operations.md:41
core-rules	1	1	.repo_studios/docs/playbooks/playbook-prompt-library.md	.repo_studios/docs/playbooks/playbook-prompt-library.md:29
cross-document-consistency	1	1	standards/global/std-global-markdown-authoring.md	standards/global/std-global-markdown-authoring.md:49
current-aggregator-inputs	1	1	.repo_studios/docs/automation/traceability/aggregator_dependency_audit.md	.repo_studios/docs/automation/traceability/aggregator_dependency_audit.md:9
current-progress-2025-11-30	1	1	automation/orchestrator_implementation.md	automation/orchestrator_implementation.md:29
current-structure	1	1	.repo_studios/docs/directory_layout.md	.repo_studios/docs/directory_layout.md:7
daily-command-checklist	1	1	.repo_studios/docs/playbooks/playbook-agent-operations.md	.repo_studios/docs/playbooks/playbook-agent-operations.md:50
database-and-performance-hygiene	1	1	.repo_studios/docs/standards/global/std-global-python-engineering.md	.repo_studios/docs/standards/global/std-global-python-engineering.md:188
de-dupe-merge-seeds-merge-overrides-validate-sort-emit	1	1	.repo_studios/docs/automation/standards-extraction-spec.md	.repo_studios/docs/automation/standards-extraction-spec.md:157
decision-log-pending	1	1	.repo_studios/docs/automation/refactor_library_integration_notes.md	.repo_studios/docs/automation/refactor_library_integration_notes.md:81
decisions	1	1	standards/global/std-global-mission-parameters.md	standards/global/std-global-mission-parameters.md:12
deduplication	1	1	.repo_studios/docs/automation/standards-extraction-spec.md	.repo_studios/docs/automation/standards-extraction-spec.md:104
default-index-path-and-output-location	1	1	.repo_studios/docs/automation/verify_docs_integrity.md	.repo_studios/docs/automation/verify_docs_integrity.md:10
deliverables	1	1	automation/orchestrator_implementation.md	automation/orchestrator_implementation.md:47
deliverables-snapshot	1	1	.repo_studios/docs/repo_studios_build_plan.md	.repo_studios/docs/repo_studios_build_plan.md:92
dependencies-and-tooling	1	1	automation/orchestrator_implementation.md	automation/orchestrator_implementation.md:719
dependencies-environment	1	1	.repo_studios/docs/standards/project/std-project-operating-standard.md	.repo_studios/docs/standards/project/std-project-operating-standard.md:53
dependency-management	1	1	standards/project/std-project-operating-standard.md	standards/project/std-project-operating-standard.md:12
deprecated-targets	1	1	automation/orchestrator_migration_announcement.md	automation/orchestrator_migration_announcement.md:23
design-decisions-required	1	1	.repo_studios/docs/templates/integration_alignment_template.md	.repo_studios/docs/templates/integration_alignment_template.md:114
designdecisionsrequired	1	1	.repo_studios/docs/automation/function_inventory_integration_plan.md	.repo_studios/docs/automation/function_inventory_integration_plan.md:156
detection-baseline	1	1	.repo_studios/docs/standards/global/std-global-monkey-patching.md	.repo_studios/docs/standards/global/std-global-monkey-patching.md:48
detection-heuristics	1	1	.repo_studios/docs/automation/traceability/generate_code_doc_churn_report_plan.md	.repo_studios/docs/automation/traceability/generate_code_doc_churn_report_plan.md:55
deterministic-ordering	1	1	.repo_studios/docs/automation/standards-index-schema.md	.repo_studios/docs/automation/standards-index-schema.md:128
deterministic-sorting	1	1	.repo_studios/docs/automation/standards-extraction-spec.md	.repo_studios/docs/automation/standards-extraction-spec.md:134
diagnostics-and-error-handling	1	1	.repo_studios/docs/automation/extract_standards_rules.md	.repo_studios/docs/automation/extract_standards_rules.md:80
diffstandardsindexpy	1	1	.repo_studios/docs/automation/diff_standards_index.md	.repo_studios/docs/automation/diff_standards_index.md:1
directory-layout-reference	1	1	.repo_studios/docs/directory_layout.md	.repo_studios/docs/directory_layout.md:1
do-work	1	1	.repo_studios/docs/standards/global/std-global-chainlit-ui.md	.repo_studios/docs/standards/global/std-global-chainlit-ui.md:92
docs-integrity-handbook	1	1	standards/global/std-docs-integrity-handbook.md	standards/global/std-docs-integrity-handbook.md:1
docstring-patterns	1	1	.repo_studios/docs/standards/global/std-global-python-engineering.md	.repo_studios/docs/standards/global/std-global-python-engineering.md:61
document-metadata-block	1	1	.repo_studios/docs/templates/script_inventory_template.md	.repo_studios/docs/templates/script_inventory_template.md:15
document-placement	1	1	standards/global/std-global-markdown-authoring.md	standards/global/std-global-markdown-authoring.md:19
documentation	1	1	.repo_studios/docs/standards/global/std-global-css-authoring.md	.repo_studios/docs/standards/global/std-global-css-authoring.md:34
documentation-comments	1	1	.repo_studios/docs/standards/global/std-global-javascript-engineering.md	.repo_studios/docs/standards/global/std-global-javascript-engineering.md:37
documentation-expectations	1	1	standards/project/std-project-python-instructions.md	standards/project/std-project-python-instructions.md:25
documentation-hygiene	1	1	standards/project/std-project-operating-standard.md	standards/project/std-project-operating-standard.md:24
documentation-inventory-hygiene	1	1	.repo_studios/docs/standards/project/std-project-operating-standard.md	.repo_studios/docs/standards/project/std-project-operating-standard.md:86
documentation-inventory-notes	1	1	.repo_studios/docs/inventory/inventory-notes.md	.repo_studios/docs/inventory/inventory-notes.md:20
documentation-references	1	1	automation/orchestrator_legacy_cleanup_checklist.md	automation/orchestrator_legacy_cleanup_checklist.md:19
documentation-tasks	1	1	.repo_studios/docs/automation/traceability/generate_code_doc_churn_report_plan.md	.repo_studios/docs/automation/traceability/generate_code_doc_churn_report_plan.md:85
dry-run-with-explicit-artifact-destination	1	1	.repo_studios/docs/automation/verify_docs_integrity.md	.repo_studios/docs/automation/verify_docs_integrity.md:13
dumpfaulthandlersnapshotpy	1	1	.repo_studios/docs/automation/dump_faulthandler_snapshot.md	.repo_studios/docs/automation/dump_faulthandler_snapshot.md:1
ensure-the-accessor-refreshes-from-env-or-tests-reset-the-cache	1	1	.repo_studios/docs/standards/project/std-project-python-instructions.md	.repo_studios/docs/standards/project/std-project-python-instructions.md:286
ensure-the-path-is-valid-and-prefer-configured-path-via-envdi	1	1	.repo_studios/docs/standards/project/std-project-python-instructions.md	.repo_studios/docs/standards/project/std-project-python-instructions.md:264
environment	1	1	standards/project/std-project-python-instructions.md	standards/project/std-project-python-instructions.md:19
error-handling	1	1	standards/global/std-global-python-engineering.md	standards/global/std-global-python-engineering.md:12
error-handling-and-ux	1	1	.repo_studios/docs/standards/global/std-global-chainlit-ui.md	.repo_studios/docs/standards/global/std-global-chainlit-ui.md:150
error-handling-expectations	1	1	.repo_studios/docs/standards/global/std-global-python-engineering.md	.repo_studios/docs/standards/global/std-global-python-engineering.md:180
evaluation-cases	1	1	standards/global/std-global-prompt-engineering.md	standards/global/std-global-prompt-engineering.md:12
evidence-sources	1	1	.repo_studios/docs/automation/traceability/producer_consumer_traceability_audit.md	.repo_studios/docs/automation/traceability/producer_consumer_traceability_audit.md:12
exclusions	1	1	.repo_studios/docs/automation/standards-extraction-spec.md	.repo_studios/docs/automation/standards-extraction-spec.md:126
execution-steps	1	1	.repo_studios/docs/playbooks/playbook-memory-refresh.md	.repo_studios/docs/playbooks/playbook-memory-refresh.md:46
executive-summary	1	1	.repo_studios/docs/Repo_Studios_MOU_Strategic_Architecture.md	.repo_studios/docs/Repo_Studios_MOU_Strategic_Architecture.md:13
exit-semantics	1	1	.repo_studios/docs/automation/verify_docs_integrity.md	.repo_studios/docs/automation/verify_docs_integrity.md:43
extractstandardsrulespy	1	1	.repo_studios/docs/automation/extract_standards_rules.md	.repo_studios/docs/automation/extract_standards_rules.md:1
failure-highlights	1	1	templates/test_execution_telemetry_summary_template.md	templates/test_execution_telemetry_summary_template.md:29
failure-modes	1	1	.repo_studios/docs/automation/function_analysis_guide.md	.repo_studios/docs/automation/function_analysis_guide.md:68
fault-diagnostics-overview-orchestrator	1	1	.repo_studios/docs/automation/run_fault_pipeline.md	.repo_studios/docs/automation/run_fault_pipeline.md:1
fault-pipeline-aggregator-blueprint	1	1	.repo_studios/docs/automation/traceability/fault_pipeline_aggregator_plan.md	.repo_studios/docs/automation/traceability/fault_pipeline_aggregator_plan.md:1
file-decomposition-policy	1	1	.repo_studios/docs/standards/global/std-global-prompt-engineering.md	.repo_studios/docs/standards/global/std-global-prompt-engineering.md:64
file-naming-and-cross-references	1	1	.repo_studios/docs/standards/global/std-global-markdown-authoring.md	.repo_studios/docs/standards/global/std-global-markdown-authoring.md:380
files-directories	1	1	.repo_studios/docs/naming_conventions.md	.repo_studios/docs/naming_conventions.md:7
findings-and-scoring	1	1	.repo_studios/docs/automation/analyze_test_hardening.md	.repo_studios/docs/automation/analyze_test_hardening.md:46
findings-structure	1	1	.repo_studios/docs/automation/function_analysis_guide.md	.repo_studios/docs/automation/function_analysis_guide.md:38
follow-up	1	1	.repo_studios/docs/templates/agent_note_template.md	.repo_studios/docs/templates/agent_note_template.md:23
follow-up-opportunities	1	1	.repo_studios/docs/automation/aggregate_docs_health_signals.md	.repo_studios/docs/automation/aggregate_docs_health_signals.md:127
follow-ups	1	1	.repo_studios/docs/automation/run_fault_pipeline.md	.repo_studios/docs/automation/run_fault_pipeline.md:82
for-unused-loop-vars-use-or-a-leading-underscore-for-example-c	1	1	.repo_studios/docs/standards/project/std-project-python-instructions.md	.repo_studios/docs/standards/project/std-project-python-instructions.md:404
format-for-adding-new-entries	1	1	.repo_studios/docs/standards/project/std-project-python-instructions.md	.repo_studios/docs/standards/project/std-project-python-instructions.md:40
front-matter	1	1	standards/global/std-global-markdown-authoring.md	standards/global/std-global-markdown-authoring.md:12
function-analysis-companion-report-guide	1	1	.repo_studios/docs/automation/function_analysis_guide.md	.repo_studios/docs/automation/function_analysis_guide.md:1
function-inventory-integration-plan	1	1	.repo_studios/docs/automation/function_inventory_integration_plan.md	.repo_studios/docs/automation/function_inventory_integration_plan.md:1
future-reserved-fields	1	1	.repo_studios/docs/automation/standards-index-schema.md	.repo_studios/docs/automation/standards-index-schema.md:146
gaps-to-investigate	1	1	.repo_studios/docs/inventory/inventory-notes.md	.repo_studios/docs/inventory/inventory-notes.md:114
generate-churn-complexity-heatmap-modernization-plan-draft-2025-11-24	1	1	.repo_studios/docs/automation/traceability/generate_churn_complexity_heatmap_modernization_plan.md	.repo_studios/docs/automation/traceability/generate_churn_complexity_heatmap_modernization_plan.md:1
generate-test-log-health-report	1	1	.repo_studios/docs/automation/generate_test_log_health_report.md	.repo_studios/docs/automation/generate_test_log_health_report.md:1
generateanchorhealthreport	1	1	.repo_studios/docs/automation/generate_anchor_health_report.md	.repo_studios/docs/automation/generate_anchor_health_report.md:1
generateanchorinventorypy	1	1	.repo_studios/docs/automation/generate_anchor_inventory.md	.repo_studios/docs/automation/generate_anchor_inventory.md:1
generatecodedocchurnreport	1	1	.repo_studios/docs/automation/generate_code_doc_churn_report.md	.repo_studios/docs/automation/generate_code_doc_churn_report.md:1
generatecodedocchurnreport-planning-notes	1	1	.repo_studios/docs/automation/traceability/generate_code_doc_churn_report_plan.md	.repo_studios/docs/automation/traceability/generate_code_doc_churn_report_plan.md:1
generatedependencyhygienereportpy	1	1	.repo_studios/docs/automation/generate_dependency_hygiene_report.md	.repo_studios/docs/automation/generate_dependency_hygiene_report.md:1
generatedocindexpy	1	1	.repo_studios/docs/automation/generate_doc_index.md	.repo_studios/docs/automation/generate_doc_index.md:1
generatelizardreportpy	1	1	.repo_studios/docs/automation/generate_lizard_report.md	.repo_studios/docs/automation/generate_lizard_report.md:1
generatestandardsindexpy	1	1	.repo_studios/docs/automation/generate_standards_index.md	.repo_studios/docs/automation/generate_standards_index.md:1
generatetestcoverageinventorypy	1	1	.repo_studios/docs/automation/generate_test_coverage_inventory.md	.repo_studios/docs/automation/generate_test_coverage_inventory.md:1
generateundocumentedlogicreport	1	1	.repo_studios/docs/automation/generate_undocumented_logic_report.md	.repo_studios/docs/automation/generate_undocumented_logic_report.md:1
global-chainlit-ui-standard	1	1	standards/global/std-global-chainlit-ui.md	standards/global/std-global-chainlit-ui.md:3
global-html-coding-standard	1	1	standards/global/std-global-html-coding.md	standards/global/std-global-html-coding.md:3
global-standards-catalog	1	1	.repo_studios/docs/standards/global/README.md	.repo_studios/docs/standards/global/README.md:1
governance-notes	1	1	.repo_studios/docs/playbooks/playbook-prompt-library.md	.repo_studios/docs/playbooks/playbook-prompt-library.md:66
governance-tracking	1	1	.repo_studios/docs/standards/global/std-global-monkey-patching.md	.repo_studios/docs/standards/global/std-global-monkey-patching.md:109
guiding-principles	1	1	.repo_studios/docs/repo_studios_build_plan.md	.repo_studios/docs/repo_studios_build_plan.md:7
headings-outline	1	1	standards/global/std-global-markdown-authoring.md	standards/global/std-global-markdown-authoring.md:24
healthview-artifacts	1	1	.repo_studios/docs/standards/docs_index.md	.repo_studios/docs/standards/docs_index.md:36
healthview-bundle-layout	1	1	.repo_studios/docs/automation/healthview_onboarding.md	.repo_studios/docs/automation/healthview_onboarding.md:28
healthview-command-center-onboarding	1	1	.repo_studios/docs/automation/healthview_onboarding.md	.repo_studios/docs/automation/healthview_onboarding.md:1
healthview-manifest-mapping-2025-11-30	1	1	automation/orchestrator_implementation.md	automation/orchestrator_implementation.md:187
healthview-manifest-schema-example	1	1	automation/examples/healthview_manifest_example.md	automation/examples/healthview_manifest_example.md:12
healthview-viewer-wiring-reference	1	1	automation/orchestrator_implementation.md	automation/orchestrator_implementation.md:629
how	1	1	.repo_studios/docs/standards/global/std-global-mission-parameters.md	.repo_studios/docs/standards/global/std-global-mission-parameters.md:70
how-to-use-this-checklist	1	1	automation/orchestrator_legacy_cleanup_checklist.md	automation/orchestrator_legacy_cleanup_checklist.md:11
html-structure-best-practices	1	1	.repo_studios/docs/standards/global/std-global-html-coding.md	.repo_studios/docs/standards/global/std-global-html-coding.md:28
i-strategic-vision	1	1	.repo_studios/docs/Repo_Studios_MOU_Strategic_Architecture.md	.repo_studios/docs/Repo_Studios_MOU_Strategic_Architecture.md:23
id-generation	1	1	.repo_studios/docs/automation/standards-extraction-spec.md	.repo_studios/docs/automation/standards-extraction-spec.md:95
ii-architectural-principles	1	1	.repo_studios/docs/Repo_Studios_MOU_Strategic_Architecture.md	.repo_studios/docs/Repo_Studios_MOU_Strategic_Architecture.md:79
iii-technical-implementation	1	1	.repo_studios/docs/Repo_Studios_MOU_Strategic_Architecture.md	.repo_studios/docs/Repo_Studios_MOU_Strategic_Architecture.md:144
implementation-checklist	1	1	.repo_studios/docs/automation/aggregate_docs_health_signals.md	.repo_studios/docs/automation/aggregate_docs_health_signals.md:106
implementation-notes	1	1	.repo_studios/docs/automation/ci_metrics_checks.md	.repo_studios/docs/automation/ci_metrics_checks.md:37
implementation-notes-2025-11-24	1	1	.repo_studios/docs/automation/traceability/generate_churn_complexity_heatmap_modernization_plan.md	.repo_studios/docs/automation/traceability/generate_churn_complexity_heatmap_modernization_plan.md:61
implementation-objectives	1	1	automation/orchestrator_implementation.md	automation/orchestrator_implementation.md:38
implementation-plan-phased-checklist	1	1	.repo_studios/docs/automation/function_inventory_integration_plan.md	.repo_studios/docs/automation/function_inventory_integration_plan.md:28
implementation-status-2025-11-25	1	1	.repo_studios/docs/automation/traceability/generate_code_doc_churn_report_plan.md	.repo_studios/docs/automation/traceability/generate_code_doc_churn_report_plan.md:12
in-small-test-shims-a-short-valueerror-is-acceptable-keep-messages-brief	1	1	.repo_studios/docs/standards/project/std-project-python-instructions.md	.repo_studios/docs/standards/project/std-project-python-instructions.md:613
in-tests-set-metricsdbpath-to-a-tmp-file-and-seed-schema-before-querying	1	1	.repo_studios/docs/standards/project/std-project-python-instructions.md	.repo_studios/docs/standards/project/std-project-python-instructions.md:270
input-sources	1	1	.repo_studios/docs/automation/standards-extraction-spec.md	.repo_studios/docs/automation/standards-extraction-spec.md:34
inputs-and-actions	1	1	.repo_studios/docs/standards/global/std-global-chainlit-ui.md	.repo_studios/docs/standards/global/std-global-chainlit-ui.md:109
insert-bad-pattern-here	1	1	.repo_studios/docs/standards/global/std-global-code-cleanup.md	.repo_studios/docs/standards/global/std-global-code-cleanup.md:85
insert-the-approved-pattern-or-fix-here-with-type-hints-docstring-when-applicable	1	1	.repo_studios/docs/standards/global/std-global-code-cleanup.md	.repo_studios/docs/standards/global/std-global-code-cleanup.md:91
instructions	1	1	.repo_studios/docs/templates/script_inventory_template.md	.repo_studios/docs/templates/script_inventory_template.md:7
integrating-with-tooling	1	1	.repo_studios/docs/automation/function_analysis_guide.md	.repo_studios/docs/automation/function_analysis_guide.md:80
integration-checklist	1	1	.repo_studios/docs/automation/generate_anchor_health_report.md	.repo_studios/docs/automation/generate_anchor_health_report.md:45
integrity-hash-algorithm	1	1	.repo_studios/docs/automation/standards-index-schema.md	.repo_studios/docs/automation/standards-index-schema.md:120
inventory-ids	1	1	.repo_studios/docs/naming_conventions.md	.repo_studios/docs/naming_conventions.md:26
inventory-reports-overview	1	1	.repo_studios/docs/inventory_reports.md	.repo_studios/docs/inventory_reports.md:1
inventory-schema-specification	1	1	.repo_studios/docs/inventory_schema_spec.md	.repo_studios/docs/inventory_schema_spec.md:1
inventory-validation-guide	1	1	.repo_studios/docs/inventory_validation.md	.repo_studios/docs/inventory_validation.md:1
issue-catalog	1	1	.repo_studios/docs/standards/project/std-project-python-instructions.md	.repo_studios/docs/standards/project/std-project-python-instructions.md:70
issue-short-name-for-pattern-or-bug	1	1	.repo_studios/docs/standards/project/std-project-python-instructions.md	.repo_studios/docs/standards/project/std-project-python-instructions.md:45
issue-short-title-for-issue	1	1	.repo_studios/docs/standards/global/std-global-code-cleanup.md	.repo_studios/docs/standards/global/std-global-code-cleanup.md:82
iv-operational-model	1	1	.repo_studios/docs/Repo_Studios_MOU_Strategic_Architecture.md	.repo_studios/docs/Repo_Studios_MOU_Strategic_Architecture.md:208
ix-affirmation	1	1	.repo_studios/docs/Repo_Studios_MOU_Strategic_Architecture.md	.repo_studios/docs/Repo_Studios_MOU_Strategic_Architecture.md:491
javascript-and-css-considerations	1	1	.repo_studios/docs/automation/healthview_onboarding.md	.repo_studios/docs/automation/healthview_onboarding.md:84
key-assets-provided-phases-13	1	1	.repo_studios/docs/automation/refactor_library_integration_notes.md	.repo_studios/docs/automation/refactor_library_integration_notes.md:28
language-syntax	1	1	.repo_studios/docs/standards/global/std-global-javascript-engineering.md	.repo_studios/docs/standards/global/std-global-javascript-engineering.md:10
lead-summary-paragraph	1	1	standards/global/std-global-markdown-authoring.md	standards/global/std-global-markdown-authoring.md:31
learned-fixes-append-here	1	1	.repo_studios/docs/standards/global/std-global-chainlit-ui.md	.repo_studios/docs/standards/global/std-global-chainlit-ui.md:201
legacy-mapping	1	1	.repo_studios/docs/directory_layout.md	.repo_studios/docs/directory_layout.md:16
legacy-orchestrator-cleanup-checklist	1	1	automation/orchestrator_legacy_cleanup_checklist.md	automation/orchestrator_legacy_cleanup_checklist.md:1
legacy-removal-ticket-backlog-to-be-opened	1	1	automation/orchestrator_implementation.md	automation/orchestrator_implementation.md:121
legacy-retirement-targets	1	1	automation/orchestrator_implementation.md	automation/orchestrator_implementation.md:79
legacy-to-target-parity-matrix	1	1	automation/orchestrator_implementation.md	automation/orchestrator_implementation.md:57
library-integration-alignment-template	1	1	.repo_studios/docs/templates/integration_alignment_template.md	.repo_studios/docs/templates/integration_alignment_template.md:1
lifecycle-hooks-required	1	1	.repo_studios/docs/standards/global/std-global-chainlit-ui.md	.repo_studios/docs/standards/global/std-global-chainlit-ui.md:36
lint-and-ci-rules	1	1	.repo_studios/docs/standards/global/std-global-markdown-authoring.md	.repo_studios/docs/standards/global/std-global-markdown-authoring.md:175
logging	1	1	standards/global/std-global-python-engineering.md	standards/global/std-global-python-engineering.md:18
logging-and-metrics	1	1	.repo_studios/docs/standards/global/std-global-python-engineering.md	.repo_studios/docs/standards/global/std-global-python-engineering.md:120
logging-observability	1	1	.repo_studios/docs/playbooks/playbook-agent-operations.md	.repo_studios/docs/playbooks/playbook-agent-operations.md:80
logging-protocol-repocleanlog	1	1	.repo_studios/docs/standards/global/std-global-code-cleanup.md	.repo_studios/docs/standards/global/std-global-code-cleanup.md:56
logging-provenance	1	1	.repo_studios/docs/automation/traceability/generate_code_doc_churn_report_plan.md	.repo_studios/docs/automation/traceability/generate_code_doc_churn_report_plan.md:70
machine-readable-contract-example	1	1	.repo_studios/docs/standards/global/std-global-prompt-engineering.md	.repo_studios/docs/standards/global/std-global-prompt-engineering.md:87
make-target	1	1	.repo_studios/docs/automation/generate_test_log_health_report.md	.repo_studios/docs/automation/generate_test_log_health_report.md:63
make-targets-and-cli-shims	1	1	automation/orchestrator_legacy_cleanup_checklist.md	automation/orchestrator_legacy_cleanup_checklist.md:29
markdown-structure-guidelines	1	1	.repo_studios/docs/standards/global/std-global-markdown-authoring.md	.repo_studios/docs/standards/global/std-global-markdown-authoring.md:45
memorandum-of-understanding	1	1	.repo_studios/docs/Repo_Studios_MOU_Strategic_Architecture.md	.repo_studios/docs/Repo_Studios_MOU_Strategic_Architecture.md:1
message-semantics-create-update-stream	1	1	.repo_studios/docs/standards/global/std-global-chainlit-ui.md	.repo_studios/docs/standards/global/std-global-chainlit-ui.md:80
metadata-fields	1	1	.repo_studios/docs/automation/function_analysis_guide.md	.repo_studios/docs/automation/function_analysis_guide.md:25
metadata-header	1	1	.repo_studios/docs/standards/project/README.md	.repo_studios/docs/standards/project/README.md:7
metadata-hygiene	1	1	standards/global/std-global-markdown-authoring.md	standards/global/std-global-markdown-authoring.md:36
metadata-yaml-front-matter	1	1	.repo_studios/docs/standards/global/std-global-markdown-authoring.md	.repo_studios/docs/standards/global/std-global-markdown-authoring.md:97
migration-checklist	1	1	.repo_studios/docs/playbooks/playbook-migration.md	.repo_studios/docs/playbooks/playbook-migration.md:39
migration-notices-2025-12-05	1	1	.repo_studios/docs/automation/orchestrator_automation_hooks.md	.repo_studios/docs/automation/orchestrator_automation_hooks.md:21
modernization-targets	1	1	.repo_studios/docs/automation/traceability/aggregator_dependency_audit.md	.repo_studios/docs/automation/traceability/aggregator_dependency_audit.md:16
modules-imports	1	1	.repo_studios/docs/standards/global/std-global-javascript-engineering.md	.repo_studios/docs/standards/global/std-global-javascript-engineering.md:17
naming-class-conventions	1	1	.repo_studios/docs/standards/global/std-global-html-coding.md	.repo_studios/docs/standards/global/std-global-html-coding.md:40
naming-specificity	1	1	.repo_studios/docs/standards/global/std-global-css-authoring.md	.repo_studios/docs/standards/global/std-global-css-authoring.md:16
next-actions-list	1	1	.repo_studios/docs/templates/script_inventory_template.md	.repo_studios/docs/templates/script_inventory_template.md:32
next-checkpoints	1	1	automation/orchestrator_migration_announcement.md	automation/orchestrator_migration_announcement.md:46
normalization	1	1	.repo_studios/docs/automation/standards-extraction-spec.md	.repo_studios/docs/automation/standards-extraction-spec.md:65
notes-collected	1	1	.repo_studios/docs/automation/function_inventory_integration_plan.md	.repo_studios/docs/automation/function_inventory_integration_plan.md:114
object-category	1	1	.repo_studios/docs/automation/standards-index-schema.md	.repo_studios/docs/automation/standards-index-schema.md:51
object-coverage	1	1	.repo_studios/docs/automation/standards-index-schema.md	.repo_studios/docs/automation/standards-index-schema.md:94
object-examples	1	1	.repo_studios/docs/automation/standards-index-schema.md	.repo_studios/docs/automation/standards-index-schema.md:76
object-metadata	1	1	.repo_studios/docs/automation/standards-index-schema.md	.repo_studios/docs/automation/standards-index-schema.md:110
object-rule	1	1	.repo_studios/docs/automation/standards-index-schema.md	.repo_studios/docs/automation/standards-index-schema.md:59
object-source	1	1	.repo_studios/docs/automation/standards-index-schema.md	.repo_studios/docs/automation/standards-index-schema.md:44
object-sourceref	1	1	.repo_studios/docs/automation/standards-index-schema.md	.repo_studios/docs/automation/standards-index-schema.md:85
observability	1	1	.repo_studios/docs/standards/global/std-global-chainlit-ui.md	.repo_studios/docs/standards/global/std-global-chainlit-ui.md:164
observability-signals	1	1	.repo_studios/docs/playbooks/playbook-memory-refresh.md	.repo_studios/docs/playbooks/playbook-memory-refresh.md:81
observations	1	1	.repo_studios/docs/inventory/inventory-notes.md	.repo_studios/docs/inventory/inventory-notes.md:37
operation-notes	1	1	.repo_studios/docs/automation/generate_anchor_health_report.md	.repo_studios/docs/automation/generate_anchor_health_report.md:26
operational-checklists	1	1	.repo_studios/docs/standards/project/std-project-operating-standard.md	.repo_studios/docs/standards/project/std-project-operating-standard.md:108
operational-commands	1	1	.repo_studios/docs/standards/project/std-project-operating-standard.md	.repo_studios/docs/standards/project/std-project-operating-standard.md:95
operational-impact-inventory	1	1	automation/orchestrator_implementation.md	automation/orchestrator_implementation.md:104
operational-notes-agent-specific	1	1	.repo_studios/docs/standards/global/std-global-code-cleanup.md	.repo_studios/docs/standards/global/std-global-code-cleanup.md:99
or-convert-when-you-truly-need-indexing	1	1	.repo_studios/docs/standards/project/std-project-python-instructions.md	.repo_studios/docs/standards/project/std-project-python-instructions.md:517
or-type-narrow-interfaces-via-protocols-instead-of-concrete-imports-in-tests	1	1	.repo_studios/docs/standards/project/std-project-python-instructions.md	.repo_studios/docs/standards/project/std-project-python-instructions.md:593
or-via-make	1	1	.repo_studios/docs/automation/refresh_mypy_baselines.md	.repo_studios/docs/automation/refresh_mypy_baselines.md:17
or-with-python-310	1	1	.repo_studios/docs/standards/project/std-project-python-instructions.md	.repo_studios/docs/standards/project/std-project-python-instructions.md:491
orchestrator-automation-hooks	1	1	.repo_studios/docs/automation/orchestrator_automation_hooks.md	.repo_studios/docs/automation/orchestrator_automation_hooks.md:1
orchestrator-implementation-plan	1	1	automation/orchestrator_implementation.md	automation/orchestrator_implementation.md:13
orchestrator-migration-announcement	1	1	automation/orchestrator_migration_announcement.md	automation/orchestrator_migration_announcement.md:1
outcomes	1	1	.repo_studios/docs/templates/agent_note_template.md	.repo_studios/docs/templates/agent_note_template.md:20
output-bundle	1	1	.repo_studios/docs/automation/aggregate_docs_health_signals.md	.repo_studios/docs/automation/aggregate_docs_health_signals.md:43
outstanding-questions	1	1	.repo_studios/docs/automation/traceability/generate_code_doc_churn_report_plan.md	.repo_studios/docs/automation/traceability/generate_code_doc_churn_report_plan.md:92
overrides-merge-order	1	1	.repo_studios/docs/automation/standards-extraction-spec.md	.repo_studios/docs/automation/standards-extraction-spec.md:119
packaging-dependencies	1	1	.repo_studios/docs/standards/global/std-global-python-engineering.md	.repo_studios/docs/standards/global/std-global-python-engineering.md:170
parallel-workstreams	1	1	.repo_studios/docs/repo_studios_build_plan.md	.repo_studios/docs/repo_studios_build_plan.md:86
per-script-table-skeleton	1	1	.repo_studios/docs/templates/script_inventory_template.md	.repo_studios/docs/templates/script_inventory_template.md:24
performance-accessibility	1	1	.repo_studios/docs/standards/global/std-global-css-authoring.md	.repo_studios/docs/standards/global/std-global-css-authoring.md:22
phase-0-alignment-complete	1	1	.repo_studios/docs/repo_studios_build_plan.md	.repo_studios/docs/repo_studios_build_plan.md:14
phase-1-foundation-setup	1	1	.repo_studios/docs/templates/integration_alignment_template.md	.repo_studios/docs/templates/integration_alignment_template.md:28
phase-2-duplicate-detection-tool	1	1	.repo_studios/docs/templates/integration_alignment_template.md	.repo_studios/docs/templates/integration_alignment_template.md:37
phase-3-manual-extraction-validation	1	1	.repo_studios/docs/templates/integration_alignment_template.md	.repo_studios/docs/templates/integration_alignment_template.md:46
phase-4-automated-extraction	1	1	.repo_studios/docs/templates/integration_alignment_template.md	.repo_studios/docs/templates/integration_alignment_template.md:56
phase-4-reporting-observability-enhancements	1	1	.repo_studios/docs/repo_studios_build_plan.md	.repo_studios/docs/repo_studios_build_plan.md:63
phase-5-governance-onboarding-assets	1	1	.repo_studios/docs/repo_studios_build_plan.md	.repo_studios/docs/repo_studios_build_plan.md:75
phase-5-integration-with-repo-operations	1	1	.repo_studios/docs/templates/integration_alignment_template.md	.repo_studios/docs/templates/integration_alignment_template.md:64
phase-6-ai-prompt-engineering	1	1	.repo_studios/docs/templates/integration_alignment_template.md	.repo_studios/docs/templates/integration_alignment_template.md:72
phase-7-validation-hardening	1	1	.repo_studios/docs/templates/integration_alignment_template.md	.repo_studios/docs/templates/integration_alignment_template.md:79
phase-8-scale-to-new-projects	1	1	.repo_studios/docs/templates/integration_alignment_template.md	.repo_studios/docs/templates/integration_alignment_template.md:87
phase-checklist	1	1	automation/orchestrator_implementation.md	automation/orchestrator_implementation.md:418
phase-overview	1	1	.repo_studios/docs/templates/integration_alignment_template.md	.repo_studios/docs/templates/integration_alignment_template.md:11
phase-snapshot	1	1	.repo_studios/docs/automation/refactor_library_integration_notes.md	.repo_studios/docs/automation/refactor_library_integration_notes.md:11
pipeline-stages	1	1	.repo_studios/docs/automation/standards-extraction-spec.md	.repo_studios/docs/automation/standards-extraction-spec.md:38
preconditions	1	1	.repo_studios/docs/playbooks/playbook-memory-refresh.md	.repo_studios/docs/playbooks/playbook-memory-refresh.md:37
prefer-ascii-punctuation-in-docstringscomments	1	1	.repo_studios/docs/standards/project/std-project-python-instructions.md	.repo_studios/docs/standards/project/std-project-python-instructions.md:424
prefer-calling-the-accessor-getdbpath-and-avoid-hardcoding	1	1	.repo_studios/docs/standards/project/std-project-python-instructions.md	.repo_studios/docs/standards/project/std-project-python-instructions.md:287
prerequisites	1	1	.repo_studios/docs/automation/healthview_onboarding.md	.repo_studios/docs/automation/healthview_onboarding.md:19
primary-inputs	1	1	.repo_studios/docs/automation/traceability/generate_code_doc_churn_report_plan.md	.repo_studios/docs/automation/traceability/generate_code_doc_churn_report_plan.md:25
primary-objective	1	1	.repo_studios/docs/standards/global/std-global-code-cleanup.md	.repo_studios/docs/standards/global/std-global-code-cleanup.md:26
primary-responsibilities	1	1	.repo_studios/docs/standards/project/std-project-operating-standard.md	.repo_studios/docs/standards/project/std-project-operating-standard.md:29
primary-scope	1	1	.repo_studios/docs/standards/global/std-global-python-engineering.md	.repo_studios/docs/standards/global/std-global-python-engineering.md:29
principles	1	1	.repo_studios/docs/standards/global/std-global-monkey-patching.md	.repo_studios/docs/standards/global/std-global-monkey-patching.md:39
producer-consumer-traceability-audit-draft-2025-11-24	1	1	.repo_studios/docs/automation/traceability/producer_consumer_traceability_audit.md	.repo_studios/docs/automation/traceability/producer_consumer_traceability_audit.md:1
project-python-instructions	1	1	standards/project/std-project-python-instructions.md	standards/project/std-project-python-instructions.md:15
project-specific-quick-rules-jarvis2	1	1	.repo_studios/docs/standards/project/std-project-python-instructions.md	.repo_studios/docs/standards/project/std-project-python-instructions.md:29
project-standards-catalog	1	1	.repo_studios/docs/standards/project/README.md	.repo_studios/docs/standards/project/README.md:1
project-structure	1	1	.repo_studios/docs/standards/global/std-global-chainlit-ui.md	.repo_studios/docs/standards/global/std-global-chainlit-ui.md:25
project-tree-overview	1	1	.repo_studios/docs/project_tree_overview.md	.repo_studios/docs/project_tree_overview.md:1
prompt-patterns	1	1	.repo_studios/docs/standards/global/std-global-prompt-engineering.md	.repo_studios/docs/standards/global/std-global-prompt-engineering.md:46
proposed-cli-interface	1	1	.repo_studios/docs/automation/traceability/generate_code_doc_churn_report_plan.md	.repo_studios/docs/automation/traceability/generate_code_doc_churn_report_plan.md:32
proposed-next-steps	1	1	.repo_studios/docs/automation/traceability/fault_pipeline_aggregator_plan.md	.repo_studios/docs/automation/traceability/fault_pipeline_aggregator_plan.md:30
proposed-pipeline-steps	1	1	.repo_studios/docs/automation/ci_metrics_checks.md	.repo_studios/docs/automation/ci_metrics_checks.md:13
pseudo-code-simplified	1	1	.repo_studios/docs/automation/standards-extraction-spec.md	.repo_studios/docs/automation/standards-extraction-spec.md:138
purpose-of-markdown-files	1	1	.repo_studios/docs/standards/global/std-global-markdown-authoring.md	.repo_studios/docs/standards/global/std-global-markdown-authoring.md:33
questions-from-agent	1	1	.repo_studios/docs/automation/function_inventory_integration_plan.md	.repo_studios/docs/automation/function_inventory_integration_plan.md:169
questions-to-resolve	1	1	.repo_studios/docs/automation/function_inventory_integration_plan.md	.repo_studios/docs/automation/function_inventory_integration_plan.md:160
rationale-derivation	1	1	.repo_studios/docs/automation/standards-extraction-spec.md	.repo_studios/docs/automation/standards-extraction-spec.md:72
recommendations	1	1	.repo_studios/docs/automation/traceability/producer_consumer_traceability_audit.md	.repo_studios/docs/automation/traceability/producer_consumer_traceability_audit.md:39
refactor-library-integration-notes	1	1	.repo_studios/docs/automation/refactor_library_integration_notes.md	.repo_studios/docs/automation/refactor_library_integration_notes.md:1
refactoring-playbook	1	1	.repo_studios/docs/standards/global/std-global-monkey-patching.md	.repo_studios/docs/standards/global/std-global-monkey-patching.md:100
reference-commands	1	1	.repo_studios/docs/playbooks/playbook-prompt-library.md	.repo_studios/docs/playbooks/playbook-prompt-library.md:56
refresh-mypy-baselines	1	1	.repo_studios/docs/automation/refresh_mypy_baselines.md	.repo_studios/docs/automation/refresh_mypy_baselines.md:1
related	1	1	.repo_studios/docs/standards/global/std-global-mission-parameters.md	.repo_studios/docs/standards/global/std-global-mission-parameters.md:109
related-resources	1	1	.repo_studios/docs/playbooks/playbook-memory-refresh.md	.repo_studios/docs/playbooks/playbook-memory-refresh.md:104
removal-process	1	1	.repo_studios/docs/standards/global/std-global-monkey-patching.md	.repo_studios/docs/standards/global/std-global-monkey-patching.md:128
remove-unused-modules-and-variables	1	1	.repo_studios/docs/standards/project/std-project-python-instructions.md	.repo_studios/docs/standards/project/std-project-python-instructions.md:88
render-inventory-views-producer	1	1	.repo_studios/docs/automation/render_inventory_views.md	.repo_studios/docs/automation/render_inventory_views.md:1
repo-studios-agent-operations-playbook	1	1	.repo_studios/docs/playbooks/playbook-agent-operations.md	.repo_studios/docs/playbooks/playbook-agent-operations.md:21
repo-studios-alignment-ledger	1	1	.repo_studios/docs/governance/alignment-ledger.md	.repo_studios/docs/governance/alignment-ledger.md:1
repo-studios-build-plan	1	1	.repo_studios/docs/repo_studios_build_plan.md	.repo_studios/docs/repo_studios_build_plan.md:1
repo-studios-code-cleanup-instructions	1	1	.repo_studios/docs/standards/global/std-global-code-cleanup.md	.repo_studios/docs/standards/global/std-global-code-cleanup.md:20
repo-studios-documentation-index	1	1	.repo_studios/docs/standards/docs_index.md	.repo_studios/docs/standards/docs_index.md:1
repo-studios-html-coding-practices	1	1	.repo_studios/docs/standards/global/std-global-html-coding.md	.repo_studios/docs/standards/global/std-global-html-coding.md:21
repo-studios-memory-refresh-playbook	1	1	.repo_studios/docs/playbooks/playbook-memory-refresh.md	.repo_studios/docs/playbooks/playbook-memory-refresh.md:21
repo-studios-migration-playbook	1	1	.repo_studios/docs/playbooks/playbook-migration.md	.repo_studios/docs/playbooks/playbook-migration.md:22
repo-studios-monkey-patch-governance	1	1	.repo_studios/docs/standards/global/std-global-monkey-patching.md	.repo_studios/docs/standards/global/std-global-monkey-patching.md:20
repo-studios-naming-conventions	1	1	.repo_studios/docs/naming_conventions.md	.repo_studios/docs/naming_conventions.md:1
repo-studios-project-operating-standard	1	1	.repo_studios/docs/standards/project/std-project-operating-standard.md	.repo_studios/docs/standards/project/std-project-operating-standard.md:21
repo-studios-prompt-engineering-standards	1	1	.repo_studios/docs/standards/global/std-global-prompt-engineering.md	.repo_studios/docs/standards/global/std-global-prompt-engineering.md:22
repo-studios-prompt-library-playbook	1	1	.repo_studios/docs/playbooks/playbook-prompt-library.md	.repo_studios/docs/playbooks/playbook-prompt-library.md:21
repo-studios-python-engineering-standards	1	1	.repo_studios/docs/standards/global/std-global-python-engineering.md	.repo_studios/docs/standards/global/std-global-python-engineering.md:21
repo-studios-python-remediation-instructions	1	1	.repo_studios/docs/standards/project/std-project-python-instructions.md	.repo_studios/docs/standards/project/std-project-python-instructions.md:21
repo-studios-standards-markdown-authoring-for-ai-agent-and-human-integration	1	1	.repo_studios/docs/standards/global/std-global-markdown-authoring.md	.repo_studios/docs/standards/global/std-global-markdown-authoring.md:20
repo-studios-strategic-architecture-operational-manifesto	1	1	.repo_studios/docs/Repo_Studios_MOU_Strategic_Architecture.md	.repo_studios/docs/Repo_Studios_MOU_Strategic_Architecture.md:3
repo-studios-structural-checklist-project-name	1	1	.repo_studios/docs/templates/structural_checklist_template.md	.repo_studios/docs/templates/structural_checklist_template.md:8
report-layout	1	1	.repo_studios/docs/inventory_reports.md	.repo_studios/docs/inventory_reports.md:17
report-naming-standard-initiative	1	1	automation/orchestrator_implementation.md	automation/orchestrator_implementation.md:663
reporting-and-tracking	1	1	automation/orchestrator_implementation.md	automation/orchestrator_implementation.md:726
reports-roadmap	1	1	.repo_studios/docs/directory_layout.md	.repo_studios/docs/directory_layout.md:31
required-sections-when-relevant	1	1	.repo_studios/docs/standards/global/std-global-markdown-authoring.md	.repo_studios/docs/standards/global/std-global-markdown-authoring.md:54
research-actions-open	1	1	.repo_studios/docs/automation/refactor_library_integration_notes.md	.repo_studios/docs/automation/refactor_library_integration_notes.md:58
retention	1	1	.repo_studios/docs/automation/refresh_mypy_baselines.md	.repo_studios/docs/automation/refresh_mypy_baselines.md:43
retention-pruning	1	1	.repo_studios/docs/automation/generate_test_log_health_report.md	.repo_studios/docs/automation/generate_test_log_health_report.md:47
rfc-topic-oriented-orchestrator-refactor	1	1	automation/orchestrator_topic_refactor_rfc.md	automation/orchestrator_topic_refactor_rfc.md:1
risks	1	1	.repo_studios/docs/automation/traceability/fault_pipeline_aggregator_plan.md	.repo_studios/docs/automation/traceability/fault_pipeline_aggregator_plan.md:38
risks-considerations	1	1	.repo_studios/docs/automation/traceability/generate_churn_complexity_heatmap_modernization_plan.md	.repo_studios/docs/automation/traceability/generate_churn_complexity_heatmap_modernization_plan.md:68
roadmap	1	1	.repo_studios/docs/inventory_validation.md	.repo_studios/docs/inventory_validation.md:61
rollback	1	1	.repo_studios/docs/playbooks/playbook-memory-refresh.md	.repo_studios/docs/playbooks/playbook-memory-refresh.md:96
rollback-guidance	1	1	.repo_studios/docs/playbooks/playbook-migration.md	.repo_studios/docs/playbooks/playbook-migration.md:68
run-batch-cleanup-modernization-plan-draft-2025-11-24	1	1	.repo_studios/docs/automation/traceability/run_batch_cleanup_modernization_plan.md	.repo_studios/docs/automation/traceability/run_batch_cleanup_modernization_plan.md:1
run-context	1	1	templates/test_execution_telemetry_summary_template.md	templates/test_execution_telemetry_summary_template.md:7
run-standards-index-cli-modernization-plan-draft-2025-11-27	1	1	.repo_studios/docs/automation/traceability/run_standards_index_cli_modernization_plan.md	.repo_studios/docs/automation/traceability/run_standards_index_cli_modernization_plan.md:1
running-the-renderer	1	1	.repo_studios/docs/inventory_reports.md	.repo_studios/docs/inventory_reports.md:7
running-the-validator	1	1	.repo_studios/docs/inventory_validation.md	.repo_studios/docs/inventory_validation.md:7
runpytestlogcapturepy	1	1	.repo_studios/docs/automation/run_pytest_log_capture.md	.repo_studios/docs/automation/run_pytest_log_capture.md:1
runstandardsindexclipy	1	1	.repo_studios/docs/automation/run_standards_index_cli.md	.repo_studios/docs/automation/run_standards_index_cli.md:1
runtime-metrics	1	1	templates/test_execution_telemetry_summary_template.md	templates/test_execution_telemetry_summary_template.md:21
scancodeplaceholderspy	1	1	.repo_studios/docs/automation/scan_code_placeholders.md	.repo_studios/docs/automation/scan_code_placeholders.md:1
scanmonkeypatchespy	1	1	.repo_studios/docs/automation/scan_monkey_patches.md	.repo_studios/docs/automation/scan_monkey_patches.md:1
scope	1	1	.repo_studios/docs/standards/global/std-global-monkey-patching.md	.repo_studios/docs/standards/global/std-global-monkey-patching.md:28
scope-prerequisites	1	1	.repo_studios/docs/playbooks/playbook-migration.md	.repo_studios/docs/playbooks/playbook-migration.md:30
score-model	1	1	.repo_studios/docs/automation/aggregate_docs_health_signals.md	.repo_studios/docs/automation/aggregate_docs_health_signals.md:91
scripts-automation	1	1	.repo_studios/docs/naming_conventions.md	.repo_studios/docs/naming_conventions.md:15
security	1	1	.repo_studios/docs/standards/global/std-global-chainlit-ui.md	.repo_studios/docs/standards/global/std-global-chainlit-ui.md:184
seedstandardspromptspy	1	1	.repo_studios/docs/automation/seed_standards_prompts.md	.repo_studios/docs/automation/seed_standards_prompts.md:1
selector-integration-notes	1	1	automation/examples/healthview_manifest_example.md	automation/examples/healthview_manifest_example.md:63
selector-wiring	1	1	.repo_studios/docs/automation/healthview_onboarding.md	.repo_studios/docs/automation/healthview_onboarding.md:48
self-updating-instructions	1	1	.repo_studios/docs/standards/global/std-global-markdown-authoring.md	.repo_studios/docs/standards/global/std-global-markdown-authoring.md:82
severity-heuristic	1	1	.repo_studios/docs/automation/standards-extraction-spec.md	.repo_studios/docs/automation/standards-extraction-spec.md:76
short-title	1	1	.repo_studios/docs/templates/agent_note_template.md	.repo_studios/docs/templates/agent_note_template.md:8
show-a-bad-or-discouraged-code-pattern-here	1	1	.repo_studios/docs/standards/project/std-project-python-instructions.md	.repo_studios/docs/standards/project/std-project-python-instructions.md:48
show-the-clean-modern-or-approved-pattern-here	1	1	.repo_studios/docs/standards/project/std-project-python-instructions.md	.repo_studios/docs/standards/project/std-project-python-instructions.md:53
source-structure	1	1	.repo_studios/docs/standards/global/std-global-css-authoring.md	.repo_studios/docs/standards/global/std-global-css-authoring.md:10
standards-index-schema-specification	1	1	.repo_studios/docs/automation/standards-index-schema.md	.repo_studios/docs/automation/standards-index-schema.md:21
standards-reference-map	1	1	.repo_studios/docs/playbooks/playbook-agent-operations.md	.repo_studios/docs/playbooks/playbook-agent-operations.md:64
standards-rule-extraction-specification	1	1	.repo_studios/docs/automation/standards-extraction-spec.md	.repo_studios/docs/automation/standards-extraction-spec.md:21
state-management	1	1	.repo_studios/docs/standards/global/std-global-chainlit-ui.md	.repo_studios/docs/standards/global/std-global-chainlit-ui.md:138
step-by-step-plan	1	1	.repo_studios/docs/automation/function_inventory_integration_plan.md	.repo_studios/docs/automation/function_inventory_integration_plan.md:9
step-outcomes	1	1	templates/test_execution_telemetry_summary_template.md	templates/test_execution_telemetry_summary_template.md:45
structural-checklist-template	1	1	.repo_studios/docs/templates/structural_checklist_template.md	.repo_studios/docs/templates/structural_checklist_template.md:1
structural-requirements	1	1	.repo_studios/docs/standards/global/std-global-python-engineering.md	.repo_studios/docs/standards/global/std-global-python-engineering.md:51
style-and-formatting	1	1	.repo_studios/docs/standards/global/std-global-python-engineering.md	.repo_studios/docs/standards/global/std-global-python-engineering.md:37
style-essentials	1	1	standards/global/std-global-markdown-authoring.md	standards/global/std-global-markdown-authoring.md:43
styling-css	1	1	.repo_studios/docs/standards/global/std-global-html-coding.md	.repo_studios/docs/standards/global/std-global-html-coding.md:51
summarizestandardspy	1	1	.repo_studios/docs/automation/summarize_standards.md	.repo_studios/docs/automation/summarize_standards.md:1
summary	1	1	.repo_studios/docs/standards/global/std-global-mission-parameters.md	.repo_studios/docs/standards/global/std-global-mission-parameters.md:131
summary-metrics	1	1	.repo_studios/docs/inventory/inventory-notes.md	.repo_studios/docs/inventory/inventory-notes.md:28
supported-patterns	1	1	.repo_studios/docs/automation/extract_standards_rules.md	.repo_studios/docs/automation/extract_standards_rules.md:11
system-snapshot	1	1	.repo_studios/docs/playbooks/playbook-agent-operations.md	.repo_studios/docs/playbooks/playbook-agent-operations.md:29
technology-baseline	1	1	.repo_studios/docs/standards/project/std-project-operating-standard.md	.repo_studios/docs/standards/project/std-project-operating-standard.md:37
test-execution-telemetry-summary-template	1	1	templates/test_execution_telemetry_summary_template.md	templates/test_execution_telemetry_summary_template.md:1
test-sets-metricsdbpath-but-the-server-still-uses-an-old-cached-path	1	1	.repo_studios/docs/standards/project/std-project-python-instructions.md	.repo_studios/docs/standards/project/std-project-python-instructions.md:280
testing-and-fixture-migration-requirements	1	1	automation/orchestrator_implementation.md	automation/orchestrator_implementation.md:93
testing-and-testability	1	1	.repo_studios/docs/standards/global/std-global-chainlit-ui.md	.repo_studios/docs/standards/global/std-global-chainlit-ui.md:170
testing-discipline	1	1	standards/project/std-project-python-instructions.md	standards/project/std-project-python-instructions.md:32
testing-expectations	1	1	.repo_studios/docs/standards/global/std-global-python-engineering.md	.repo_studios/docs/standards/global/std-global-python-engineering.md:207
testing-plan	1	1	.repo_studios/docs/automation/aggregate_docs_health_signals.md	.repo_studios/docs/automation/aggregate_docs_health_signals.md:118
testing-protocol	1	1	.repo_studios/docs/standards/global/std-global-code-cleanup.md	.repo_studios/docs/standards/global/std-global-code-cleanup.md:44
testing-qa-expectations	1	1	.repo_studios/docs/standards/project/std-project-operating-standard.md	.repo_studios/docs/standards/project/std-project-operating-standard.md:63
testing-strategy	1	1	.repo_studios/docs/automation/traceability/generate_code_doc_churn_report_plan.md	.repo_studios/docs/automation/traceability/generate_code_doc_churn_report_plan.md:75
testing-tooling	1	1	.repo_studios/docs/standards/global/std-global-javascript-engineering.md	.repo_studios/docs/standards/global/std-global-javascript-engineering.md:30
tests-and-fixtures	1	1	automation/orchestrator_legacy_cleanup_checklist.md	automation/orchestrator_legacy_cleanup_checklist.md:38
tests-fixtures	1	1	.repo_studios/docs/naming_conventions.md	.repo_studios/docs/naming_conventions.md:21
timeline	1	1	automation/orchestrator_migration_announcement.md	automation/orchestrator_migration_announcement.md:14
tooling-checklist	1	1	.repo_studios/docs/standards/global/std-global-python-engineering.md	.repo_studios/docs/standards/global/std-global-python-engineering.md:247
tooling-delivery	1	1	.repo_studios/docs/standards/global/std-global-css-authoring.md	.repo_studios/docs/standards/global/std-global-css-authoring.md:28
top-level-structure	1	1	.repo_studios/docs/automation/standards-index-schema.md	.repo_studios/docs/automation/standards-index-schema.md:27
topic-assignment-validation-2025-11-30	1	1	automation/orchestrator_implementation.md	automation/orchestrator_implementation.md:147
topic-implementation-workstreams	1	1	automation/orchestrator_implementation.md	automation/orchestrator_implementation.md:199
tracking	1	1	automation/orchestrator_legacy_cleanup_checklist.md	automation/orchestrator_legacy_cleanup_checklist.md:63
triggers	1	1	.repo_studios/docs/playbooks/playbook-memory-refresh.md	.repo_studios/docs/playbooks/playbook-memory-refresh.md:29
typecheck-report-producer	1	1	.repo_studios/docs/automation/generate_typecheck_report.md	.repo_studios/docs/automation/generate_typecheck_report.md:1
types-requests	1	1	.repo_studios/docs/standards/project/std-project-python-instructions.md	.repo_studios/docs/standards/project/std-project-python-instructions.md:592
typical-workflow	1	1	.repo_studios/docs/automation/generate_test_log_health_report.md	.repo_studios/docs/automation/generate_test_log_health_report.md:53
unpaired-producers-proposed-consumers	1	1	.repo_studios/docs/automation/traceability/producer_consumer_traceability_audit.md	.repo_studios/docs/automation/traceability/producer_consumer_traceability_audit.md:27
updating-prompts	1	1	.repo_studios/docs/playbooks/playbook-prompt-library.md	.repo_studios/docs/playbooks/playbook-prompt-library.md:47
upstream-inputs	1	1	.repo_studios/docs/automation/aggregate_docs_health_signals.md	.repo_studios/docs/automation/aggregate_docs_health_signals.md:16
usage-example	1	1	.repo_studios/docs/automation/generate_anchor_health_report.md	.repo_studios/docs/automation/generate_anchor_health_report.md:32
usage-guidance	1	1	automation/examples/healthview_manifest_example.md	automation/examples/healthview_manifest_example.md:72
use-400-for-invalid-client-input-401403-for-auth-issues-404-when-not-found	1	1	.repo_studios/docs/standards/project/std-project-python-instructions.md	.repo_studios/docs/standards/project/std-project-python-instructions.md:323
use-logging-instead-or-remove-if-unnecessary	1	1	.repo_studios/docs/standards/project/std-project-python-instructions.md	.repo_studios/docs/standards/project/std-project-python-instructions.md:107
using-requests-or-testclient-sync-patterns-inconsistently-with-async-code	1	1	.repo_studios/docs/standards/project/std-project-python-instructions.md	.repo_studios/docs/standards/project/std-project-python-instructions.md:222
v-roi-analysis-justification	1	1	.repo_studios/docs/Repo_Studios_MOU_Strategic_Architecture.md	.repo_studios/docs/Repo_Studios_MOU_Strategic_Architecture.md:274
validate-inventory-producer	1	1	.repo_studios/docs/automation/validate_inventory.md	.repo_studios/docs/automation/validate_inventory.md:1
validateimportboundariespy	1	1	.repo_studios/docs/automation/validate_import_boundaries.md	.repo_studios/docs/automation/validate_import_boundaries.md:1
validatemarkdownanchorspy	1	1	.repo_studios/docs/automation/validate_markdown_anchors.md	.repo_studios/docs/automation/validate_markdown_anchors.md:1
validatemetricsanchorstubspy	1	1	.repo_studios/docs/automation/validate_metrics_anchor_stubs.md	.repo_studios/docs/automation/validate_metrics_anchor_stubs.md:1
validation	1	1	.repo_studios/docs/automation/refresh_mypy_baselines.md	.repo_studios/docs/automation/refresh_mypy_baselines.md:49
validation-checklist	1	1	.repo_studios/docs/automation/healthview_onboarding.md	.repo_studios/docs/automation/healthview_onboarding.md:97
validation-commands-ci-gates	1	1	.repo_studios/docs/standards/global/std-global-python-engineering.md	.repo_studios/docs/standards/global/std-global-python-engineering.md:216
validation-coverage	1	1	.repo_studios/docs/inventory_validation.md	.repo_studios/docs/inventory_validation.md:45
validation-hooks-pre-index	1	1	.repo_studios/docs/automation/standards-extraction-spec.md	.repo_studios/docs/automation/standards-extraction-spec.md:160
validation-practices	1	1	.repo_studios/docs/standards/global/std-global-prompt-engineering.md	.repo_studios/docs/standards/global/std-global-prompt-engineering.md:55
validation-rules	1	1	.repo_studios/docs/automation/standards-index-schema.md	.repo_studios/docs/automation/standards-index-schema.md:133
validation-signals	1	1	.repo_studios/docs/playbooks/playbook-migration.md	.repo_studios/docs/playbooks/playbook-migration.md:59
verifydocsintegrity	1	1	.repo_studios/docs/automation/verify_docs_integrity.md	.repo_studios/docs/automation/verify_docs_integrity.md:1
vi-manifesto-the-repo-studios-way	1	1	.repo_studios/docs/Repo_Studios_MOU_Strategic_Architecture.md	.repo_studios/docs/Repo_Studios_MOU_Strategic_Architecture.md:329
viewer-tab-integration	1	1	.repo_studios/docs/automation/healthview_onboarding.md	.repo_studios/docs/automation/healthview_onboarding.md:68
vii-success-criteria	1	1	.repo_studios/docs/Repo_Studios_MOU_Strategic_Architecture.md	.repo_studios/docs/Repo_Studios_MOU_Strategic_Architecture.md:398
viii-governance	1	1	.repo_studios/docs/Repo_Studios_MOU_Strategic_Architecture.md	.repo_studios/docs/Repo_Studios_MOU_Strategic_Architecture.md:452
what	1	1	.repo_studios/docs/standards/global/std-global-mission-parameters.md	.repo_studios/docs/standards/global/std-global-mission-parameters.md:30
when	1	1	.repo_studios/docs/standards/global/std-global-mission-parameters.md	.repo_studios/docs/standards/global/std-global-mission-parameters.md:40
when-necessary-use-a-specific-code-type-ignorearg-type	1	1	.repo_studios/docs/standards/project/std-project-python-instructions.md	.repo_studios/docs/standards/project/std-project-python-instructions.md:535
when-needed-in-tests-set-metricsdbpath-early-before-importing-app	1	1	.repo_studios/docs/standards/project/std-project-python-instructions.md	.repo_studios/docs/standards/project/std-project-python-instructions.md:288
where	1	1	.repo_studios/docs/standards/global/std-global-mission-parameters.md	.repo_studios/docs/standards/global/std-global-mission-parameters.md:49
who	1	1	.repo_studios/docs/standards/global/std-global-mission-parameters.md	.repo_studios/docs/standards/global/std-global-mission-parameters.md:21
why	1	1	.repo_studios/docs/standards/global/std-global-mission-parameters.md	.repo_studios/docs/standards/global/std-global-mission-parameters.md:59
workflow-checklist	1	1	.repo_studios/docs/playbooks/playbook-prompt-library.md	.repo_studios/docs/playbooks/playbook-prompt-library.md:38
x-signatures-attestation	1	1	.repo_studios/docs/Repo_Studios_MOU_Strategic_Architecture.md	.repo_studios/docs/Repo_Studios_MOU_Strategic_Architecture.md:526
yaml-conversion-example	1	1	.repo_studios/docs/templates/script_inventory_template.md	.repo_studios/docs/templates/script_inventory_template.md:39
