file_path,line_number,heading_h1,heading_h2,heading_h3,heading_h4,checkbox_text
.repo_studios/agent_notes/meta/phase1_foundation_review_2025-10-18_0138.md,30,Phase 1 Foundation Review,Follow-up,,,Migrate remaining legacy standards into `docs/standards/global/` or `docs/standards/project/` and assign owners.
.repo_studios/agent_notes/meta/phase1_foundation_review_2025-10-18_0138.md,31,Phase 1 Foundation Review,Follow-up,,,Define CI health checks that consume `reports/producer_reports/render_inventory_views/latest_*.json` artifacts.
.repo_studios/agent_notes/meta/phase1_foundation_review_2025-10-18_0138.md,32,Phase 1 Foundation Review,Follow-up,,,"Expand secondary views (dependency graphs, trend snapshots) once consumers are identified."
.repo_studios/command_center/README.md,169,Library Integration Protocol,Onboarding Checklist,,,Latest duplicate reports mirrored into `.repo_studios/command_center/reports/<slug>_duplicate_scan/`.
.repo_studios/command_center/README.md,170,Library Integration Protocol,Onboarding Checklist,,,Checklist updated with priority targets and assigned owners.
.repo_studios/command_center/README.md,171,Library Integration Protocol,Onboarding Checklist,,,Target library paths confirmed against naming conventions.
.repo_studios/command_center/README.md,172,Library Integration Protocol,Onboarding Checklist,,,Tests identified/apportioned for library and producer impacts.
.repo_studios/command_center/README.md,173,Library Integration Protocol,Onboarding Checklist,,,"Rollback plan documented (backup locations, restore steps)."
.repo_studios/command_center/checklists/2025-10-24.md,56,Library Integration Alignment Plan,Phase 3 – Manual Extraction Validation,,,"**Confirm live duplicates** for `_slugify_relative`, `build_paths`, and `build_options` using the 2025-10-27 Command Center index *(Developer → provide folder-level index snapshots; Agent → verify occurrences).*"
.repo_studios/command_center/checklists/2025-10-24.md,57,Library Integration Alignment Plan,Phase 3 – Manual Extraction Validation,,,"**Establish priority order** for first extractions (candidate sequence updated to `_slugify_relative`, `_copy_latest`, `write_artifacts`, `build_paths`, `configure_logging`) *(Joint → finalize order in Decisions section).*"
.repo_studios/command_center/checklists/2025-10-24.md,58,Library Integration Alignment Plan,Phase 3 – Manual Extraction Validation,,,"**Map each target** to a library destination path following naming conventions (e.g., `artifact_lifecycle/versioning/create_latest_link.py`) *(Agent → propose, Developer → sign off).*"
.repo_studios/command_center/checklists/2025-10-24.md,59,Library Integration Alignment Plan,Phase 3 – Manual Extraction Validation,,,**Define test coverage approach** for each extraction (mirror Phase 3 guide: dedicated tests under `tests/tests_library/` plus targeted producer tests) *(Agent → outline test matrix).*
.repo_studios/command_center/checklists/2025-10-24.md,60,Library Integration Alignment Plan,Phase 3 – Manual Extraction Validation,,,"**Capture manual checklist** (from `PHASE_3_MANUAL_EXTRACTION_GUIDE.md`) customized for Repo Studios scripts and Windows tooling *(Agent → adapt guide, include cross-platform notes).*"
.repo_studios/command_center/checklists/2025-10-24.md,61,Library Integration Alignment Plan,Phase 3 – Manual Extraction Validation,,,"**Create run-folder template** (`reports/<timestamp>/SUMMARY.md`) capturing duplicates addressed, tests run, and follow-up items *(Agent → template, Developer → confirm).*"
.repo_studios/command_center/checklists/2025-10-24.md,67,Library Integration Alignment Plan,Phase 4 – Automated Extraction,,,"**Outline guardrails** required before implementing any `refactor_from_report.py` equivalent (dry-run mode, backups, code review checkpoints) *(Agent → draft guardrail doc for future approval).*"
.repo_studios/command_center/checklists/2025-10-24.md,68,Library Integration Alignment Plan,Phase 4 – Automated Extraction,,,"**Determine success criteria** for automation based on manual extraction outcomes (e.g., number of functions migrated without regressions) *(Agent → capture metrics once Phase 3 pilots complete).*"
.repo_studios/command_center/checklists/2025-10-24.md,69,Library Integration Alignment Plan,Phase 4 – Automated Extraction,,,"**Identify dependencies** (schema stability, detection accuracy, library structure completeness) that must be met beforehand *(Agent → maintain dependency checklist).*"
.repo_studios/command_center/checklists/2025-10-24.md,75,Library Integration Alignment Plan,Phase 5 – Integration with Repo Studios,,,"**Sketch Make target design** mirroring reference plan (`studio-detect-duplicates`, `studio-refactor-duplicates`) without implementation *(Agent → architect command flow for later review).*"
.repo_studios/command_center/checklists/2025-10-24.md,76,Library Integration Alignment Plan,Phase 5 – Integration with Repo Studios,,,**Review health suite orchestrator impacts** if duplicate detection becomes part of remediation pipeline *(Agent → summarize integration points; Developer → approve or defer).*
.repo_studios/command_center/checklists/2025-10-24.md,77,Library Integration Alignment Plan,Phase 5 – Integration with Repo Studios,,,"**Plan documentation updates** (e.g., `script_inventory_architecture.md`) contingent on library adoption *(Agent → list affected docs, Developer → confirm sequencing).*"
.repo_studios/command_center/checklists/2025-10-24.md,78,Library Integration Alignment Plan,Phase 5 – Integration with Repo Studios,,,"**Cross-link protocol** from key docs (e.g., script inventory blueprint) so agents discover `.repo_studios/command_center/` quickly *(Agent → propose links, Developer → approve).*"
.repo_studios/command_center/checklists/2025-10-24.md,84,Library Integration Alignment Plan,Phase 6 – AI Prompt Engineering,,,**Audit existing prompts** in `repo_prompts.md` to avoid conflicting guidance *(Agent → inventory current instructions).*
.repo_studios/command_center/checklists/2025-10-24.md,85,Library Integration Alignment Plan,Phase 6 – AI Prompt Engineering,,,"**Draft candidate instruction deltas** based on naming conventions, manual extraction lessons, and the new protocol workspace (stored separately until approved) *(Agent → produce proposal once library structure decisions settle).*"
.repo_studios/command_center/checklists/2025-10-24.md,86,Library Integration Alignment Plan,Phase 6 – AI Prompt Engineering,,,"**Embed explicit pointer** to `.repo_studios/command_center/` and its README once prompts are updated *(Agent → ensure prompts direct agents to the protocol, Developer → approve wording).*"
.repo_studios/command_center/checklists/2025-10-24.md,92,Library Integration Alignment Plan,Phase 7 – Validation & Hardening,,,"**Define metrics** (lines deduplicated, duplicate groups resolved, test coverage increase) aligned with 360-occurrence baseline *(Agent → draft metric sheet).*"
.repo_studios/command_center/checklists/2025-10-24.md,93,Library Integration Alignment Plan,Phase 7 – Validation & Hardening,,,**Plan CI integration strategy** (warning-only vs. blocking) pending automation readiness *(Agent → outline options based on automation guardrails).*
.repo_studios/command_center/checklists/2025-10-24.md,94,Library Integration Alignment Plan,Phase 7 – Validation & Hardening,,,"**Collect false-positive feedback loop** if we adopt new detection tooling *(Agent → design feedback capture process, Developer → approve).*"
.repo_studios/command_center/checklists/2025-10-24.md,95,Library Integration Alignment Plan,Phase 7 – Validation & Hardening,,,**Review retention** of run folders and checklists to ensure repository size stays manageable *(Agent → recommend pruning policy).*
.repo_studios/command_center/docs/artifact_naming_audit.md,435,Artifact Naming Audit: Current State Analysis,Implementation Checklist,Pre-Refactoring,,Update [REPORT_NAMING_STANDARDS.md](REPORT_NAMING_STANDARDS.md) with canonical artifact registry
.repo_studios/command_center/docs/artifact_naming_audit.md,436,Artifact Naming Audit: Current State Analysis,Implementation Checklist,Pre-Refactoring,,Create path builder helper in `scripts/libraries/path_utils.py`
.repo_studios/command_center/docs/artifact_naming_audit.md,437,Artifact Naming Audit: Current State Analysis,Implementation Checklist,Pre-Refactoring,,Update `database_integration.py` to enforce artifact names
.repo_studios/command_center/docs/artifact_naming_audit.md,438,Artifact Naming Audit: Current State Analysis,Implementation Checklist,Pre-Refactoring,,Document viewer mapping for tier-based reports
.repo_studios/command_center/docs/artifact_naming_audit.md,442,Artifact Naming Audit: Current State Analysis,Implementation Checklist,During Refactoring (Per Script),,"Add `manifest.json` generation with catalog, inputs, viewer_slug, topic, timestamp"
.repo_studios/command_center/docs/artifact_naming_audit.md,443,Artifact Naming Audit: Current State Analysis,Implementation Checklist,During Refactoring (Per Script),,Rename `report.md` → `summary.md`
.repo_studios/command_center/docs/artifact_naming_audit.md,444,Artifact Naming Audit: Current State Analysis,Implementation Checklist,During Refactoring (Per Script),,Add `telemetry.json` extraction
.repo_studios/command_center/docs/artifact_naming_audit.md,445,Artifact Naming Audit: Current State Analysis,Implementation Checklist,During Refactoring (Per Script),,Remove `latest_*` pointer generation
.repo_studios/command_center/docs/artifact_naming_audit.md,446,Artifact Naming Audit: Current State Analysis,Implementation Checklist,During Refactoring (Per Script),,Convert timestamp format: `YYYYMMDD_HHMMSS` → `YYYYMMDD-HHMM`
.repo_studios/command_center/docs/artifact_naming_audit.md,447,Artifact Naming Audit: Current State Analysis,Implementation Checklist,During Refactoring (Per Script),,Lowercase all artifact filenames
.repo_studios/command_center/docs/artifact_naming_audit.md,448,Artifact Naming Audit: Current State Analysis,Implementation Checklist,During Refactoring (Per Script),,Add DB_INTEGRATION_MARKER tags
.repo_studios/command_center/docs/artifact_naming_audit.md,449,Artifact Naming Audit: Current State Analysis,Implementation Checklist,During Refactoring (Per Script),,Document schema mapping in `db_integration_<script>.md`
.repo_studios/command_center/docs/artifact_naming_audit.md,450,Artifact Naming Audit: Current State Analysis,Implementation Checklist,During Refactoring (Per Script),,Update tests to assert new artifact names
.repo_studios/command_center/docs/artifact_naming_audit.md,454,Artifact Naming Audit: Current State Analysis,Implementation Checklist,Post-Refactoring,,Run marker audit: `python utilities/list_db_markers.py`
.repo_studios/command_center/docs/artifact_naming_audit.md,455,Artifact Naming Audit: Current State Analysis,Implementation Checklist,Post-Refactoring,,"Verify no `latest_*` files exist: `find .repo_studios/reports -name ""latest_*""`"
.repo_studios/command_center/docs/artifact_naming_audit.md,456,Artifact Naming Audit: Current State Analysis,Implementation Checklist,Post-Refactoring,,"Check timestamp consistency: `find .repo_studios/reports -type d -name ""*_*""` (should be empty)"
.repo_studios/command_center/docs/artifact_naming_audit.md,457,Artifact Naming Audit: Current State Analysis,Implementation Checklist,Post-Refactoring,,Validate artifact names against registry: `python utilities/validate_artifact_names.py`
.repo_studios/command_center/docs/artifact_naming_audit.md,458,Artifact Naming Audit: Current State Analysis,Implementation Checklist,Post-Refactoring,,Update documentation examples to reference new paths
.repo_studios/command_center/docs/db_integration_guide.md,566,Repo Studios Database Integration Guide,Migration Timeline,Phase 1: Foundation (Week 1-2),,Deploy schema to main repo DB
.repo_studios/command_center/docs/db_integration_guide.md,569,Repo Studios Database Integration Guide,Migration Timeline,Phase 2: Orchestrators (Week 3-4),,Document each orchestrator
.repo_studios/command_center/docs/db_integration_guide.md,570,Repo Studios Database Integration Guide,Migration Timeline,Phase 2: Orchestrators (Week 3-4),,Add DB integration to orchestrators
.repo_studios/command_center/docs/db_integration_guide.md,571,Repo Studios Database Integration Guide,Migration Timeline,Phase 2: Orchestrators (Week 3-4),,Test dual-writes
.repo_studios/command_center/docs/db_integration_guide.md,572,Repo Studios Database Integration Guide,Migration Timeline,Phase 2: Orchestrators (Week 3-4),,Update tests
.repo_studios/command_center/docs/db_integration_guide.md,575,Repo Studios Database Integration Guide,Migration Timeline,Phase 3: Producers (Week 5-6),,Document producers
.repo_studios/command_center/docs/db_integration_guide.md,576,Repo Studios Database Integration Guide,Migration Timeline,Phase 3: Producers (Week 5-6),,Add DB integration
.repo_studios/command_center/docs/db_integration_guide.md,577,Repo Studios Database Integration Guide,Migration Timeline,Phase 3: Producers (Week 5-6),,Test extraction logic
.repo_studios/command_center/docs/db_integration_guide.md,580,Repo Studios Database Integration Guide,Migration Timeline,Phase 4: Consumers & Aggregators (Week 7-8),,Document consumers/aggregators
.repo_studios/command_center/docs/db_integration_guide.md,581,Repo Studios Database Integration Guide,Migration Timeline,Phase 4: Consumers & Aggregators (Week 7-8),,Add DB integration
.repo_studios/command_center/docs/db_integration_guide.md,582,Repo Studios Database Integration Guide,Migration Timeline,Phase 4: Consumers & Aggregators (Week 7-8),,Validate time-series metrics
.repo_studios/command_center/docs/db_integration_guide.md,585,Repo Studios Database Integration Guide,Migration Timeline,Phase 5: Validation (Week 9-10),,End-to-end pipeline tests
.repo_studios/command_center/docs/db_integration_guide.md,586,Repo Studios Database Integration Guide,Migration Timeline,Phase 5: Validation (Week 9-10),,Agent query tests
.repo_studios/command_center/docs/db_integration_guide.md,587,Repo Studios Database Integration Guide,Migration Timeline,Phase 5: Validation (Week 9-10),,Performance benchmarks
.repo_studios/command_center/docs/db_integration_guide.md,588,Repo Studios Database Integration Guide,Migration Timeline,Phase 5: Validation (Week 9-10),,Documentation review
.repo_studios/command_center/docs/db_integration_guide.md,591,Repo Studios Database Integration Guide,Migration Timeline,Phase 6: Deployment (Week 11-12),,Enable DB in production
.repo_studios/command_center/docs/db_integration_guide.md,592,Repo Studios Database Integration Guide,Migration Timeline,Phase 6: Deployment (Week 11-12),,Monitor dual-writes
.repo_studios/command_center/docs/db_integration_guide.md,593,Repo Studios Database Integration Guide,Migration Timeline,Phase 6: Deployment (Week 11-12),,Train agents on DB queries
.repo_studios/command_center/docs/db_integration_guide.md,594,Repo Studios Database Integration Guide,Migration Timeline,Phase 6: Deployment (Week 11-12),,Plan file phase-out (Q2 2026)
.repo_studios/command_center/docs/db_integration_template.md,188,Database Integration Documentation Template,Validation & Testing,DB_INTEGRATION_MARKER: Test Strategy,File Output Validation,File artifacts written to expected paths
.repo_studios/command_center/docs/db_integration_template.md,189,Database Integration Documentation Template,Validation & Testing,DB_INTEGRATION_MARKER: Test Strategy,File Output Validation,JSON schema validation passes
.repo_studios/command_center/docs/db_integration_template.md,190,Database Integration Documentation Template,Validation & Testing,DB_INTEGRATION_MARKER: Test Strategy,File Output Validation,Markdown formatting follows standards
.repo_studios/command_center/docs/db_integration_template.md,191,Database Integration Documentation Template,Validation & Testing,DB_INTEGRATION_MARKER: Test Strategy,File Output Validation,Timestamps properly formatted
.repo_studios/command_center/docs/db_integration_template.md,194,Database Integration Documentation Template,Validation & Testing,DB_INTEGRATION_MARKER: Test Strategy,DB Write Validation (when enabled),`report_runs` record created with correct foreign keys
.repo_studios/command_center/docs/db_integration_template.md,195,Database Integration Documentation Template,Validation & Testing,DB_INTEGRATION_MARKER: Test Strategy,DB Write Validation (when enabled),All artifact writes succeed without exceptions
.repo_studios/command_center/docs/db_integration_template.md,196,Database Integration Documentation Template,Validation & Testing,DB_INTEGRATION_MARKER: Test Strategy,DB Write Validation (when enabled),Extracted metrics match source data
.repo_studios/command_center/docs/db_integration_template.md,197,Database Integration Documentation Template,Validation & Testing,DB_INTEGRATION_MARKER: Test Strategy,DB Write Validation (when enabled),DB failures logged but don't abort script
.repo_studios/command_center/docs/db_integration_template.md,200,Database Integration Documentation Template,Validation & Testing,DB_INTEGRATION_MARKER: Test Strategy,Idempotency Checks,Rerunning script with same timestamp doesn't corrupt data
.repo_studios/command_center/docs/db_integration_template.md,201,Database Integration Documentation Template,Validation & Testing,DB_INTEGRATION_MARKER: Test Strategy,Idempotency Checks,DB UNIQUE constraints prevent duplicate records
.repo_studios/command_center/docs/db_integration_template.md,202,Database Integration Documentation Template,Validation & Testing,DB_INTEGRATION_MARKER: Test Strategy,Idempotency Checks,File overwrites are safe
.repo_studios/command_center/docs/db_integration_template.md,223,Database Integration Documentation Template,Migration Checklist,DB_INTEGRATION_MARKER: Integration Status,,Database schema documented in this file
.repo_studios/command_center/docs/db_integration_template.md,224,Database Integration Documentation Template,Migration Checklist,DB_INTEGRATION_MARKER: Integration Status,,`database_integration` module imported
.repo_studios/command_center/docs/db_integration_template.md,225,Database Integration Documentation Template,Migration Checklist,DB_INTEGRATION_MARKER: Integration Status,,Storage instance created via `create_storage()`
.repo_studios/command_center/docs/db_integration_template.md,226,Database Integration Documentation Template,Migration Checklist,DB_INTEGRATION_MARKER: Integration Status,,All file writes converted to `storage.write_*()` calls
.repo_studios/command_center/docs/db_integration_template.md,227,Database Integration Documentation Template,Migration Checklist,DB_INTEGRATION_MARKER: Integration Status,,DB writes tested with `enabled=True`
.repo_studios/command_center/docs/db_integration_template.md,228,Database Integration Documentation Template,Migration Checklist,DB_INTEGRATION_MARKER: Integration Status,,DB failures tested (graceful degradation)
.repo_studios/command_center/docs/db_integration_template.md,229,Database Integration Documentation Template,Migration Checklist,DB_INTEGRATION_MARKER: Integration Status,,Logging includes DB_INTEGRATION_MARKER tags
.repo_studios/command_center/docs/db_integration_template.md,230,Database Integration Documentation Template,Migration Checklist,DB_INTEGRATION_MARKER: Integration Status,,Tests updated to cover dual-write behavior
.repo_studios/command_center/docs/db_integration_template.md,231,Database Integration Documentation Template,Migration Checklist,DB_INTEGRATION_MARKER: Integration Status,,Documentation reviewed by team
.repo_studios/command_center/docs/db_integration_template.md,232,Database Integration Documentation Template,Migration Checklist,DB_INTEGRATION_MARKER: Integration Status,,Ready for main repo integration
.repo_studios/command_center/docs/db_integration_template.md,236,Database Integration Documentation Template,Migration Checklist,Future Work,,Remove file writes once agents trained (target date: ________)
.repo_studios/command_center/docs/db_integration_template.md,237,Database Integration Documentation Template,Migration Checklist,Future Work,,Add DB query helpers for common agent requests
.repo_studios/command_center/docs/db_integration_template.md,238,Database Integration Documentation Template,Migration Checklist,Future Work,,Implement connection pooling for high-volume scripts
.repo_studios/command_center/docs/db_integration_template.md,239,Database Integration Documentation Template,Migration Checklist,Future Work,,Add TimescaleDB hypertables for time-series data
.repo_studios/command_center/docs/db_integration_template.md,240,Database Integration Documentation Template,Migration Checklist,Future Work,,Create materialized views for common queries
.repo_studios/command_center/docs/db_integration_test_execution_telemetry.md,336,Database Integration Documentation,Validation & Testing,DB_INTEGRATION_MARKER: Test Strategy,DB Write Validation (when enabled),`report_runs` record created with FK to child artifacts
.repo_studios/command_center/docs/db_integration_test_execution_telemetry.md,337,Database Integration Documentation,Validation & Testing,DB_INTEGRATION_MARKER: Test Strategy,DB Write Validation (when enabled),"`report_artifacts` contains 4 records (manifest, 2 summaries, telemetry)"
.repo_studios/command_center/docs/db_integration_test_execution_telemetry.md,338,Database Integration Documentation,Validation & Testing,DB_INTEGRATION_MARKER: Test Strategy,DB Write Validation (when enabled),`test_metrics` record extracted with correct values
.repo_studios/command_center/docs/db_integration_test_execution_telemetry.md,339,Database Integration Documentation,Validation & Testing,DB_INTEGRATION_MARKER: Test Strategy,DB Write Validation (when enabled),DB failures logged without aborting script
.repo_studios/command_center/docs/db_integration_test_execution_telemetry.md,340,Database Integration Documentation,Validation & Testing,DB_INTEGRATION_MARKER: Test Strategy,DB Write Validation (when enabled),Coverage metrics match file-based summary
.repo_studios/command_center/docs/db_integration_test_execution_telemetry.md,343,Database Integration Documentation,Validation & Testing,DB_INTEGRATION_MARKER: Test Strategy,Idempotency Checks,Rerunning with same timestamp updates existing DB record
.repo_studios/command_center/docs/db_integration_test_execution_telemetry.md,344,Database Integration Documentation,Validation & Testing,DB_INTEGRATION_MARKER: Test Strategy,Idempotency Checks,"UNIQUE constraint on (viewer_slug, topic, run_timestamp) prevents duplicates"
.repo_studios/command_center/docs/db_integration_test_execution_telemetry.md,345,Database Integration Documentation,Validation & Testing,DB_INTEGRATION_MARKER: Test Strategy,Idempotency Checks,File overwrites work as expected
.repo_studios/command_center/docs/db_integration_test_execution_telemetry.md,374,Database Integration Documentation,Migration Checklist,DB_INTEGRATION_MARKER: Integration Status,,Database schema documented in this file
.repo_studios/command_center/docs/db_integration_test_execution_telemetry.md,375,Database Integration Documentation,Migration Checklist,DB_INTEGRATION_MARKER: Integration Status,,`database_integration` module imported
.repo_studios/command_center/docs/db_integration_test_execution_telemetry.md,376,Database Integration Documentation,Migration Checklist,DB_INTEGRATION_MARKER: Integration Status,,Storage instance created via `create_storage()`
.repo_studios/command_center/docs/db_integration_test_execution_telemetry.md,377,Database Integration Documentation,Migration Checklist,DB_INTEGRATION_MARKER: Integration Status,,Manifest write converted to `storage.write_manifest()`
.repo_studios/command_center/docs/db_integration_test_execution_telemetry.md,378,Database Integration Documentation,Migration Checklist,DB_INTEGRATION_MARKER: Integration Status,,Summary writes converted to `storage.write_summary()`
.repo_studios/command_center/docs/db_integration_test_execution_telemetry.md,379,Database Integration Documentation,Migration Checklist,DB_INTEGRATION_MARKER: Integration Status,,Telemetry write converted to `storage.write_telemetry()`
.repo_studios/command_center/docs/db_integration_test_execution_telemetry.md,380,Database Integration Documentation,Migration Checklist,DB_INTEGRATION_MARKER: Integration Status,,DB writes tested with `enabled=True`
.repo_studios/command_center/docs/db_integration_test_execution_telemetry.md,381,Database Integration Documentation,Migration Checklist,DB_INTEGRATION_MARKER: Integration Status,,DB failures tested (graceful degradation)
.repo_studios/command_center/docs/db_integration_test_execution_telemetry.md,382,Database Integration Documentation,Migration Checklist,DB_INTEGRATION_MARKER: Integration Status,,Logging includes DB_INTEGRATION_MARKER tags
.repo_studios/command_center/docs/db_integration_test_execution_telemetry.md,383,Database Integration Documentation,Migration Checklist,DB_INTEGRATION_MARKER: Integration Status,,Tests updated to verify dual-write behavior
.repo_studios/command_center/docs/db_integration_test_execution_telemetry.md,384,Database Integration Documentation,Migration Checklist,DB_INTEGRATION_MARKER: Integration Status,,Documentation reviewed by team
.repo_studios/command_center/docs/db_integration_test_execution_telemetry.md,385,Database Integration Documentation,Migration Checklist,DB_INTEGRATION_MARKER: Integration Status,,Ready for main repo integration
.repo_studios/command_center/docs/db_integration_test_execution_telemetry.md,389,Database Integration Documentation,Migration Checklist,Future Work,,Remove file writes once agents trained (target: Q2 2026)
.repo_studios/command_center/docs/db_integration_test_execution_telemetry.md,390,Database Integration Documentation,Migration Checklist,Future Work,,Add GraphQL endpoint for agent queries
.repo_studios/command_center/docs/db_integration_test_execution_telemetry.md,391,Database Integration Documentation,Migration Checklist,Future Work,,Implement TimescaleDB continuous aggregates for daily/weekly rollups
.repo_studios/command_center/docs/db_integration_test_execution_telemetry.md,392,Database Integration Documentation,Migration Checklist,Future Work,,"Create materialized view for ""test health dashboard"""
.repo_studios/command_center/docs/db_integration_test_execution_telemetry.md,393,Database Integration Documentation,Migration Checklist,Future Work,,Add webhook notifications for coverage regressions
.repo_studios/command_center/docs/groundwork_and_db_alignment.md,502,Groundwork and Database Alignment Plan,Timeline and Migration Phases,Phase 1: Groundwork (Current - 2 months),,Refactor 77 scripts to use `create_storage()` pattern
.repo_studios/command_center/docs/groundwork_and_db_alignment.md,503,Groundwork and Database Alignment Plan,Timeline and Migration Phases,Phase 1: Groundwork (Current - 2 months),,Document each script's schema mapping
.repo_studios/command_center/docs/groundwork_and_db_alignment.md,504,Groundwork and Database Alignment Plan,Timeline and Migration Phases,Phase 1: Groundwork (Current - 2 months),,Tag all integration points with DB_INTEGRATION_MARKER
.repo_studios/command_center/docs/groundwork_and_db_alignment.md,505,Groundwork and Database Alignment Plan,Timeline and Migration Phases,Phase 1: Groundwork (Current - 2 months),,Run marker audit and verify 100% script coverage
.repo_studios/command_center/docs/groundwork_and_db_alignment.md,506,Groundwork and Database Alignment Plan,Timeline and Migration Phases,Phase 1: Groundwork (Current - 2 months),,Freeze filesystem structure (no more path changes)
.repo_studios/command_center/docs/groundwork_and_db_alignment.md,583,Groundwork and Database Alignment Plan,Validation Checkpoints,Checkpoint 1: Groundwork Complete,,All 77 scripts use `create_storage()` pattern
.repo_studios/command_center/docs/groundwork_and_db_alignment.md,584,Groundwork and Database Alignment Plan,Validation Checkpoints,Checkpoint 1: Groundwork Complete,,Every script has DB_INTEGRATION_MARKER tags
.repo_studios/command_center/docs/groundwork_and_db_alignment.md,585,Groundwork and Database Alignment Plan,Validation Checkpoints,Checkpoint 1: Groundwork Complete,,Marker audit shows 100% coverage
.repo_studios/command_center/docs/groundwork_and_db_alignment.md,586,Groundwork and Database Alignment Plan,Validation Checkpoints,Checkpoint 1: Groundwork Complete,,All scripts have `db_integration_<name>.md` docs
.repo_studios/command_center/docs/groundwork_and_db_alignment.md,587,Groundwork and Database Alignment Plan,Validation Checkpoints,Checkpoint 1: Groundwork Complete,,Test suite passes with `REPO_STUDIOS_DB_ENABLED=false` (no database dependencies)
.repo_studios/command_center/docs/groundwork_and_db_alignment.md,608,Groundwork and Database Alignment Plan,Validation Checkpoints,Checkpoint 2: Activation Successful,,`report_runs` table contains ≥5 successful runs
.repo_studios/command_center/docs/groundwork_and_db_alignment.md,609,Groundwork and Database Alignment Plan,Validation Checkpoints,Checkpoint 2: Activation Successful,,`report_artifacts` table populated with manifest/summary/matrix JSONBs
.repo_studios/command_center/docs/groundwork_and_db_alignment.md,610,Groundwork and Database Alignment Plan,Validation Checkpoints,Checkpoint 2: Activation Successful,,No INSERT failures in logs
.repo_studios/command_center/docs/groundwork_and_db_alignment.md,611,Groundwork and Database Alignment Plan,Validation Checkpoints,Checkpoint 2: Activation Successful,,Agent layer successfully queries database (sanity check)
.repo_studios/command_center/docs/groundwork_and_db_alignment.md,634,Groundwork and Database Alignment Plan,Validation Checkpoints,Checkpoint 3: Agent Validation,,Agent query success rate > 95%
.repo_studios/command_center/docs/groundwork_and_db_alignment.md,635,Groundwork and Database Alignment Plan,Validation Checkpoints,Checkpoint 3: Agent Validation,,SQL error rate < 1%
.repo_studios/command_center/docs/groundwork_and_db_alignment.md,636,Groundwork and Database Alignment Plan,Validation Checkpoints,Checkpoint 3: Agent Validation,,No data inconsistencies between files and database
.repo_studios/command_center/docs/groundwork_and_db_alignment.md,637,Groundwork and Database Alignment Plan,Validation Checkpoints,Checkpoint 3: Agent Validation,,Agents demonstrate preference for database over file parsing
.repo_studios/command_center/docs/groundwork_and_db_alignment.md,655,Groundwork and Database Alignment Plan,Validation Checkpoints,Checkpoint 4: File Phase-Out Ready,,Zero agent file reads for 30 consecutive days
.repo_studios/command_center/docs/groundwork_and_db_alignment.md,656,Groundwork and Database Alignment Plan,Validation Checkpoints,Checkpoint 4: File Phase-Out Ready,,Database queries handle 100% of agent needs
.repo_studios/command_center/docs/groundwork_and_db_alignment.md,657,Groundwork and Database Alignment Plan,Validation Checkpoints,Checkpoint 4: File Phase-Out Ready,,Markdown summaries still generated for humans
.repo_studios/command_center/docs/manual_extraction_checklist.md,11,Manual Extraction Checklist (Repo Studios Command Center),0. Pre-flight (once per work session),,,Confirm you are on a clean branch derived from `main`.
.repo_studios/command_center/docs/manual_extraction_checklist.md,12,Manual Extraction Checklist (Repo Studios Command Center),0. Pre-flight (once per work session),,,Ensure the virtual environment is active (`.venv\\Scripts\\Activate.ps1`).
.repo_studios/command_center/docs/manual_extraction_checklist.md,13,Manual Extraction Checklist (Repo Studios Command Center),0. Pre-flight (once per work session),,,Run the orchestrator for the target folder to refresh artifacts:
.repo_studios/command_center/docs/manual_extraction_checklist.md,20,Manual Extraction Checklist (Repo Studios Command Center),0. Pre-flight (once per work session),,,Note the latest duplicate matrix/summary paths under both `<target>/<name>_index/` and `.repo_studios/command_center/reports/<slug>_duplicate_scan/`.
.repo_studios/command_center/docs/manual_extraction_checklist.md,21,Manual Extraction Checklist (Repo Studios Command Center),0. Pre-flight (once per work session),,,Snapshot relevant matrix entries for the functions you plan to extract.
.repo_studios/command_center/docs/manual_extraction_checklist.md,25,Manual Extraction Checklist (Repo Studios Command Center),1. Scope & Planning,,,Identify the canonical implementation to migrate (pick the version with the richest tests or most complete logic).
.repo_studios/command_center/docs/manual_extraction_checklist.md,26,Manual Extraction Checklist (Repo Studios Command Center),1. Scope & Planning,,,"Record the planned library destination using the naming conventions in `docs/naming_conventions.md` (e.g., `filesystem/path_operations/slugify_relative_path.py`)."
.repo_studios/command_center/docs/manual_extraction_checklist.md,27,Manual Extraction Checklist (Repo Studios Command Center),1. Scope & Planning,,,Log the intent and owner in the active checklist under `checklists/`.
.repo_studios/command_center/docs/manual_extraction_checklist.md,31,Manual Extraction Checklist (Repo Studios Command Center),2. Library Module Authoring,,,Work within the staged `libraries` package (`.repo_studios/command_center/scripts/libraries/`) for the initial implementation; only promote into `.repo_studios/library/` once the pilot extraction criteria are satisfied.
.repo_studios/command_center/docs/manual_extraction_checklist.md,32,Manual Extraction Checklist (Repo Studios Command Center),2. Library Module Authoring,,,Add the new module/function using `verb_noun` naming and document the intended future library destination in the checklist log.
.repo_studios/command_center/docs/manual_extraction_checklist.md,33,Manual Extraction Checklist (Repo Studios Command Center),2. Library Module Authoring,,,Copy (and adapt as needed) the canonical implementation into the new module.
.repo_studios/command_center/docs/manual_extraction_checklist.md,34,Manual Extraction Checklist (Repo Studios Command Center),2. Library Module Authoring,,,Provide a focused docstring describing inputs/outputs; keep implementation comments minimal.
.repo_studios/command_center/docs/manual_extraction_checklist.md,35,Manual Extraction Checklist (Repo Studios Command Center),2. Library Module Authoring,,,Export the function via `__all__` if appropriate.
.repo_studios/command_center/docs/manual_extraction_checklist.md,39,Manual Extraction Checklist (Repo Studios Command Center),3. Test Coverage,,,Add or extend a unit test in `.repo_studios/tests/tests_library_integration/libraries/…` covering primary behaviours and edge cases.
.repo_studios/command_center/docs/manual_extraction_checklist.md,40,Manual Extraction Checklist (Repo Studios Command Center),3. Test Coverage,,,Identify the producer/consumer/orchestrator tests affected and update fixtures or expectations.
.repo_studios/command_center/docs/manual_extraction_checklist.md,41,Manual Extraction Checklist (Repo Studios Command Center),3. Test Coverage,,,Run targeted tests locally:
.repo_studios/command_center/docs/manual_extraction_checklist.md,47,Manual Extraction Checklist (Repo Studios Command Center),3. Test Coverage,,,"Capture test results (pass/fail, command used) for inclusion in the run summary."
.repo_studios/command_center/docs/manual_extraction_checklist.md,51,Manual Extraction Checklist (Repo Studios Command Center),4. Integration & Replacement,,,Update all duplicate call sites to import the new library function.
.repo_studios/command_center/docs/manual_extraction_checklist.md,52,Manual Extraction Checklist (Repo Studios Command Center),4. Integration & Replacement,,,"Remove redundant, now-empty helper definitions."
.repo_studios/command_center/docs/manual_extraction_checklist.md,53,Manual Extraction Checklist (Repo Studios Command Center),4. Integration & Replacement,,,Ensure logging/import order matches repository standards.
.repo_studios/command_center/docs/manual_extraction_checklist.md,54,Manual Extraction Checklist (Repo Studios Command Center),4. Integration & Replacement,,,"Rerun affected test suites (orchestrator smoke, producer-specific, etc.) and verify green status."
.repo_studios/command_center/docs/manual_extraction_checklist.md,58,Manual Extraction Checklist (Repo Studios Command Center),5. Artifact Updates,,,Re-run the orchestrator for each modified target directory to refresh duplicate matrices:
.repo_studios/command_center/docs/manual_extraction_checklist.md,65,Manual Extraction Checklist (Repo Studios Command Center),5. Artifact Updates,,,Confirm the duplicate matrix shows the group resolved or reduced in count.
.repo_studios/command_center/docs/manual_extraction_checklist.md,66,Manual Extraction Checklist (Repo Studios Command Center),5. Artifact Updates,,,Update the manual checklist with outcomes and follow-ups.
.repo_studios/command_center/docs/manual_extraction_checklist.md,70,Manual Extraction Checklist (Repo Studios Command Center),6. Documentation & Run Notes,,,Fill out the run-folder summary (see `docs/run_folder_summary_template.md`) with:
.repo_studios/command_center/docs/manual_extraction_checklist.md,74,Manual Extraction Checklist (Repo Studios Command Center),6. Documentation & Run Notes,,,"If naming conventions or process adjustments were required, update the relevant doc under `docs/`."
.repo_studios/command_center/docs/manual_extraction_checklist.md,78,Manual Extraction Checklist (Repo Studios Command Center),7. Wrap-up,,,Run `git status` to double-check expected file changes only.
.repo_studios/command_center/docs/manual_extraction_checklist.md,79,Manual Extraction Checklist (Repo Studios Command Center),7. Wrap-up,,,Stage work-in-progress commits or open a draft PR as appropriate.
.repo_studios/command_center/docs/manual_extraction_checklist.md,80,Manual Extraction Checklist (Repo Studios Command Center),7. Wrap-up,,,Share the updated checklist/run summary with the reviewer.
.repo_studios/command_center/docs/mermaid/mermaid_viewer.md,94,Progressive Detail Mermaid Viewer — Implementation Checklist,Phase 7 · Selector Views & Packs,,,For each view:
.repo_studios/command_center/docs/mermaid/mermaid_viewer.md,95,Progressive Detail Mermaid Viewer — Implementation Checklist,Phase 7 · Selector Views & Packs,,,Define required data slice and transforms.
.repo_studios/command_center/docs/mermaid/mermaid_viewer.md,97,Progressive Detail Mermaid Viewer — Implementation Checklist,Phase 7 · Selector Views & Packs,,,Wire viewer controls to trigger view-specific Mermaid generation.
.repo_studios/command_center/docs/mermaid/mermaid_viewer.md,99,Progressive Detail Mermaid Viewer — Implementation Checklist,Phase 7 · Selector Views & Packs,,,Ensure multiple views can coexist (tabbed or multi-panel) without reloading JSON.
.repo_studios/command_center/docs/mermaid/mermaid_viewer.md,342,Progressive Detail Mermaid Viewer — Implementation Checklist,Phase 8 · UX Enhancements,,,"Add metrics-driven overlays (line count, complexity, IO effects) at relevant zoom levels."
.repo_studios/command_center/docs/mermaid/mermaid_viewer.md,343,Progressive Detail Mermaid Viewer — Implementation Checklist,Phase 8 · UX Enhancements,,,Provide node count warnings when thresholds exceeded.
.repo_studios/command_center/docs/mermaid/mermaid_viewer.md,344,Progressive Detail Mermaid Viewer — Implementation Checklist,Phase 8 · UX Enhancements,,,Offer optional search input to jump to module/function.
.repo_studios/command_center/docs/mermaid/mermaid_viewer.md,345,Progressive Detail Mermaid Viewer — Implementation Checklist,Phase 8 · UX Enhancements,,,Consider URL parameters for sharing current zoom state.
.repo_studios/command_center/docs/mermaid/mermaid_viewer.md,346,Progressive Detail Mermaid Viewer — Implementation Checklist,Phase 8 · UX Enhancements,,,"Confirm selector, refresh, and export interactions are reflected in UI smoke tests and documented operator notes."
.repo_studios/command_center/docs/mermaid/mermaid_viewer.md,350,Progressive Detail Mermaid Viewer — Implementation Checklist,Phase 9 · Extension Hooks,,,"Design API surface for future features: side-by-side comparisons, live refresh on file change, metric filters, path tracing, static export."
.repo_studios/command_center/docs/mermaid/mermaid_viewer.md,351,Progressive Detail Mermaid Viewer — Implementation Checklist,Phase 9 · Extension Hooks,,,Keep architecture modular so packs can add transforms without touching core rendering.
.repo_studios/command_center/docs/mermaid/mermaid_viewer.md,355,Progressive Detail Mermaid Viewer — Implementation Checklist,Phase 10 · Quality & Governance,,,"Write unit tests for data loaders, selector filters, and zoom computations."
.repo_studios/command_center/docs/mermaid/mermaid_viewer.md,356,Progressive Detail Mermaid Viewer — Implementation Checklist,Phase 10 · Quality & Governance,,,Create integration smoke test that loads sample inventory and renders each pack once.
.repo_studios/command_center/docs/mermaid/mermaid_viewer.md,357,Progressive Detail Mermaid Viewer — Implementation Checklist,Phase 10 · Quality & Governance,,,"Document operator playbook covering refresh command, troubleshooting, and artifact retention."
.repo_studios/command_center/docs/mermaid/mermaid_viewer.md,358,Progressive Detail Mermaid Viewer — Implementation Checklist,Phase 10 · Quality & Governance,,,"Track outstanding gaps (e.g., cyclomatic complexity, coverage overlays) in the integration checklist backlog."
.repo_studios/command_center/docs/metrics/weighted_progress_briefing_template.md,64,Weighted Progress Briefing Template,Follow-up Actions,,,Update guardrail checklist with any overrides approved this week.
.repo_studios/command_center/docs/metrics/weighted_progress_briefing_template.md,65,Weighted Progress Briefing Template,Follow-up Actions,,,Schedule dry-run rehearsal if duplicate backlog falls below threshold.
.repo_studios/command_center/docs/metrics/weighted_progress_briefing_template.md,66,Weighted Progress Briefing Template,Follow-up Actions,,,Refresh helper adoption CLI inputs before next briefing.
.repo_studios/command_center/docs/metrics/weighted_progress_briefing_template.md,67,Weighted Progress Briefing Template,Follow-up Actions,,,Log deviations or weight adjustments in `.repo_studios/command_center/docs/decision_log.md`.
.repo_studios/command_center/docs/naming_conventions.md,91,.repo_studios Library Naming Training Guide,5. AI Agent Playbook,5.1 New Module Checklist,,Validate domain folder exists; create if missing with noun naming.
.repo_studios/command_center/docs/naming_conventions.md,92,.repo_studios Library Naming Training Guide,5. AI Agent Playbook,5.1 New Module Checklist,,Pick purpose folder; ensure at least 3 peer modules justify its existence.
.repo_studios/command_center/docs/naming_conventions.md,93,.repo_studios Library Naming Training Guide,5. AI Agent Playbook,5.1 New Module Checklist,,Name module `verb_noun.py`; implement `verb_noun()` as primary export.
.repo_studios/command_center/docs/naming_conventions.md,94,.repo_studios Library Naming Training Guide,5. AI Agent Playbook,5.1 New Module Checklist,,Add module docstring with one-line capability summary.
.repo_studios/command_center/docs/naming_conventions.md,95,.repo_studios Library Naming Training Guide,5. AI Agent Playbook,5.1 New Module Checklist,,Update function inventory (`.repo_studios/scripts/producers/generate_commandview_inventory.py`).
.repo_studios/command_center/docs/naming_conventions.md,96,.repo_studios Library Naming Training Guide,5. AI Agent Playbook,5.1 New Module Checklist,,Log addition in `.repo_studios/command_center/checklists/YYYY-MM-DD.md`.
.repo_studios/command_center/docs/naming_conventions.md,100,.repo_studios Library Naming Training Guide,5. AI Agent Playbook,5.2 Refactor Checklist,,Run enforcement decision tree (§4) against candidate modules.
.repo_studios/command_center/docs/naming_conventions.md,101,.repo_studios Library Naming Training Guide,5. AI Agent Playbook,5.2 Refactor Checklist,,"For each rename, update imports across repo using search-and-replace."
.repo_studios/command_center/docs/naming_conventions.md,102,.repo_studios Library Naming Training Guide,5. AI Agent Playbook,5.2 Refactor Checklist,,Regenerate inventories + reports.
.repo_studios/command_center/docs/naming_conventions.md,103,.repo_studios Library Naming Training Guide,5. AI Agent Playbook,5.2 Refactor Checklist,,Capture before/after paths in run report.
.repo_studios/command_center/docs/naming_conventions.md,104,.repo_studios Library Naming Training Guide,5. AI Agent Playbook,5.2 Refactor Checklist,,Notify owning team with rationale.
.repo_studios/command_center/docs/naming_conventions.md,148,.repo_studios Library Naming Training Guide,10. Success Criteria (Definition of Done),,,Zero banned tokens in directory or file names.
.repo_studios/command_center/docs/naming_conventions.md,149,.repo_studios Library Naming Training Guide,10. Success Criteria (Definition of Done),,,Every module’s primary function matches filename.
.repo_studios/command_center/docs/naming_conventions.md,150,.repo_studios Library Naming Training Guide,10. Success Criteria (Definition of Done),,,Inventory and documentation synchronized after changes.
.repo_studios/command_center/docs/naming_conventions.md,151,.repo_studios Library Naming Training Guide,10. Success Criteria (Definition of Done),,,Checklist updated with actions taken and issues raised.
.repo_studios/command_center/docs/naming_conventions.md,337,.repo_studios Library Naming Training Guide,📊 Validation Checklist,,,Does the folder name describe WHAT (not HOW)?
.repo_studios/command_center/docs/naming_conventions.md,338,.repo_studios Library Naming Training Guide,📊 Validation Checklist,,,Does the filename start with a VERB?
.repo_studios/command_center/docs/naming_conventions.md,339,.repo_studios Library Naming Training Guide,📊 Validation Checklist,,,Can an AI infer the purpose from the path alone?
.repo_studios/command_center/docs/naming_conventions.md,340,.repo_studios Library Naming Training Guide,📊 Validation Checklist,,,Is the hierarchy maximum 3 levels deep?
.repo_studios/command_center/docs/naming_conventions.md,341,.repo_studios Library Naming Training Guide,📊 Validation Checklist,,,Does the primary function name match the filename?
.repo_studios/command_center/docs/naming_conventions.md,342,.repo_studios Library Naming Training Guide,📊 Validation Checklist,,,"Are there no ""utils/helpers/common"" anti-patterns?"
.repo_studios/command_center/docs/naming_conventions.md,343,.repo_studios Library Naming Training Guide,📊 Validation Checklist,,,Would a junior developer (or AI) find this intuitively?
.repo_studios/command_center/docs/phase_4/PR_CHECKLIST_TEMPLATE.md,13,Automation Run Pull Request Checklist,Summary,,,Automation target(s): `scripts-duplicates` / `…`
.repo_studios/command_center/docs/phase_4/PR_CHECKLIST_TEMPLATE.md,14,Automation Run Pull Request Checklist,Summary,,,Run date: `YYYY-MM-DD`
.repo_studios/command_center/docs/phase_4/PR_CHECKLIST_TEMPLATE.md,15,Automation Run Pull Request Checklist,Summary,,,Operator(s): `@handle`
.repo_studios/command_center/docs/phase_4/PR_CHECKLIST_TEMPLATE.md,16,Automation Run Pull Request Checklist,Summary,,,Guardrail configuration version: `.repo_studios/command_center/docs/guardrails/automation_config.yaml`
.repo_studios/command_center/docs/phase_4/PR_CHECKLIST_TEMPLATE.md,17,Automation Run Pull Request Checklist,Summary,,,Guardrail reference link: `.repo_studios/command_center/docs/guardrails/library_extraction_guardrails.md`
.repo_studios/command_center/docs/phase_4/PR_CHECKLIST_TEMPLATE.md,18,Automation Run Pull Request Checklist,Summary,,,Weighted progress briefing attached? ☐ N/A ☐ Yes (link to `.repo_studios/command_center/docs/metrics/weighted_progress_briefing_template.md` instance)
.repo_studios/command_center/docs/phase_4/PR_CHECKLIST_TEMPLATE.md,22,Automation Run Pull Request Checklist,Pre-flight Validation,,,"Fresh inventory, analysis, and duplicate scans generated immediately before the run (attach artifact links)."
.repo_studios/command_center/docs/phase_4/PR_CHECKLIST_TEMPLATE.md,23,Automation Run Pull Request Checklist,Pre-flight Validation,,,Command center lock check passed via `verify-command-center-locks` workflow (link to successful run).
.repo_studios/command_center/docs/phase_4/PR_CHECKLIST_TEMPLATE.md,24,Automation Run Pull Request Checklist,Pre-flight Validation,,,`max_files_per_run` limit respected (record file count vs. configured limit from manifest).
.repo_studios/command_center/docs/phase_4/PR_CHECKLIST_TEMPLATE.md,25,Automation Run Pull Request Checklist,Pre-flight Validation,,,Manual override applied? ☐ No ☐ Yes (provide approver + rationale).
.repo_studios/command_center/docs/phase_4/PR_CHECKLIST_TEMPLATE.md,26,Automation Run Pull Request Checklist,Pre-flight Validation,,,Helper adoption audit executed when applicable (link to latest `helper_adoption.md/json`).
.repo_studios/command_center/docs/phase_4/PR_CHECKLIST_TEMPLATE.md,30,Automation Run Pull Request Checklist,Execution Details,,,Dry-run performed first with artifacts attached.
.repo_studios/command_center/docs/phase_4/PR_CHECKLIST_TEMPLATE.md,31,Automation Run Pull Request Checklist,Execution Details,,,"`run_automation_dry_run.py` invocation recorded (command, timestamp slug, bundle path)."
.repo_studios/command_center/docs/phase_4/PR_CHECKLIST_TEMPLATE.md,32,Automation Run Pull Request Checklist,Execution Details,,,Automation executed from clean worktree/worktree slug: `<path>`.
.repo_studios/command_center/docs/phase_4/PR_CHECKLIST_TEMPLATE.md,33,Automation Run Pull Request Checklist,Execution Details,,,Rollback bundle captured under `.repo_studios/command_center/reports/repo-studios__command-center__automation_run/` with README updated.
.repo_studios/command_center/docs/phase_4/PR_CHECKLIST_TEMPLATE.md,34,Automation Run Pull Request Checklist,Execution Details,,,`manifest.json` and `metrics_summary.json` attached to the PR (link or upload).
.repo_studios/command_center/docs/phase_4/PR_CHECKLIST_TEMPLATE.md,35,Automation Run Pull Request Checklist,Execution Details,,,Guardrail configuration snapshot attached (`automation_config.yaml` or excerpt) if changes were made.
.repo_studios/command_center/docs/phase_4/PR_CHECKLIST_TEMPLATE.md,36,Automation Run Pull Request Checklist,Execution Details,,,Inputs bundle (`inputs/`) mirrors dry-run contents and is referenced in the PR.
.repo_studios/command_center/docs/phase_4/PR_CHECKLIST_TEMPLATE.md,40,Automation Run Pull Request Checklist,Testing,,,`pytest .repo_studios/tests/tests_library_integration` → ✅ / ❌ (attach output)
.repo_studios/command_center/docs/phase_4/PR_CHECKLIST_TEMPLATE.md,41,Automation Run Pull Request Checklist,Testing,,,`pytest .repo_studios/tests/tests_producers` → ✅ / ❌ (attach output)
.repo_studios/command_center/docs/phase_4/PR_CHECKLIST_TEMPLATE.md,42,Automation Run Pull Request Checklist,Testing,,,"Additional suites listed in `phase_4/POST_RUN_TEST_MATRIX.md` executed (record command, status, duration)."
.repo_studios/command_center/docs/phase_4/PR_CHECKLIST_TEMPLATE.md,43,Automation Run Pull Request Checklist,Testing,,,Orchestrator dry-run regression suite (`pytest .repo_studios/tests/tests_command_center/orchestrators/test_run_automation_dry_run.py`) → ✅ / ❌ (attach output).
.repo_studios/command_center/docs/phase_4/PR_CHECKLIST_TEMPLATE.md,44,Automation Run Pull Request Checklist,Testing,,,Any failing suite rerun after fixes with updated evidence linked.
.repo_studios/command_center/docs/phase_4/PR_CHECKLIST_TEMPLATE.md,48,Automation Run Pull Request Checklist,Review Notes,,,Highlights of duplicate groups resolved (reference matrix IDs and `metrics_summary.json`).
.repo_studios/command_center/docs/phase_4/PR_CHECKLIST_TEMPLATE.md,49,Automation Run Pull Request Checklist,Review Notes,,,"Follow-up actions required (docs, manual verification, etc.)."
.repo_studios/command_center/docs/phase_4/PR_CHECKLIST_TEMPLATE.md,50,Automation Run Pull Request Checklist,Review Notes,,,Approval sign-off (steward / QA) recorded in guardrail log with date (`.repo_studios/command_center/docs/guardrails/library_extraction_guardrails.md`).
.repo_studios/command_center/docs/phase_4/PR_CHECKLIST_TEMPLATE.md,51,Automation Run Pull Request Checklist,Review Notes,,,Weighted progress impact summarized (reference latest briefing).
.repo_studios/command_center/docs/phase_4/PR_CHECKLIST_TEMPLATE.md,57,Automation Run Pull Request Checklist,Attachments,,,Dry-run diff (`*.patch`)
.repo_studios/command_center/docs/phase_4/PR_CHECKLIST_TEMPLATE.md,58,Automation Run Pull Request Checklist,Attachments,,,Automation run logs
.repo_studios/command_center/docs/phase_4/PR_CHECKLIST_TEMPLATE.md,59,Automation Run Pull Request Checklist,Attachments,,,Metrics summary report
.repo_studios/command_center/docs/phase_4/PR_CHECKLIST_TEMPLATE.md,60,Automation Run Pull Request Checklist,Attachments,,,Helper adoption report (if generated)
.repo_studios/command_center/docs/phase_4/PR_CHECKLIST_TEMPLATE.md,61,Automation Run Pull Request Checklist,Attachments,,,Updated weighted progress briefing (if scope warrants)
.repo_studios/command_center/docs/phase_4/PR_CHECKLIST_TEMPLATE.md,62,Automation Run Pull Request Checklist,Attachments,,,Additional evidence (link): `…`
.repo_studios/command_center/docs/phase_7/PLACEHOLDER_DEBT_PLAN.md,47,Placeholder Debt Remediation Plan,Workstreams,C. Remediation Campaign,,Track weekly burn-down metrics in `.repo_studios/command_center/docs/phase_7/METRIC_BASELINE_LOG.csv`.
.repo_studios/command_center/docs/phase_7/PLACEHOLDER_DEBT_PLAN.md,48,Placeholder Debt Remediation Plan,Workstreams,C. Remediation Campaign,,Require owners to link PRs that resolve high-volume files in the decision log.
.repo_studios/command_center/docs/phase_7/PLACEHOLDER_DEBT_PLAN.md,161,Placeholder Debt Remediation Plan,Next Actions,,,Maintain the placeholder allowlist via monthly reviews (next check 2025-12-23) and capture any new sanctioned entries in the decision log.
.repo_studios/command_center/docs/phase_7/PLACEHOLDER_DEBT_PLAN.md,163,Placeholder Debt Remediation Plan,Next Actions,,,"Monitor the `placeholder-scan` workflow (warning mode), circulate weekly run summaries, and prepare sign-off for the transition to blocking enforcement. *(Week 2 summary logged 2025-11-24; next action: collect two additional clean observation runs before requesting blocking review.)*"
.repo_studios/command_center/docs/phase_7/placeholder_scan_blocking_transition_brief.md,26,Placeholder Scan Blocking Transition Brief,Readiness Checklist,,,Collect two additional clean observation runs before requesting blocking review.
.repo_studios/command_center/docs/phase_7/placeholder_scan_blocking_transition_brief.md,27,Placeholder Scan Blocking Transition Brief,Readiness Checklist,,,Draft operator comms for the blocking flip (pending week 4 results).
.repo_studios/command_center/docs/run_folder_summary_template.md,37,Duplicate Remediation Run Summary,Library Changes,,,"`[e.g., add async variant in future sprint]`"
.repo_studios/command_center/docs/run_folder_summary_template.md,50,Duplicate Remediation Run Summary,Documentation & Checklists,,,`docs/manual_extraction_checklist.md` updated? (link) `[Yes/No]`
.repo_studios/command_center/docs/run_folder_summary_template.md,51,Duplicate Remediation Run Summary,Documentation & Checklists,,,Checklist entry in `checklists/YYYY-MM-DD.md` updated? `[Yes/No]`
.repo_studios/command_center/docs/run_folder_summary_template.md,52,Duplicate Remediation Run Summary,Documentation & Checklists,,,Additional docs touched: `[list or N/A]`
.repo_studios/command_center/viewer/SCREENING_TIMELINE_VERIFICATION.md,239,Screening Signal Timeline - Verification Guide,📝 Testing Checklist,,,Viewer loads without errors
.repo_studios/command_center/viewer/SCREENING_TIMELINE_VERIFICATION.md,240,Screening Signal Timeline - Verification Guide,📝 Testing Checklist,,,Artifacts list populates in sidebar
.repo_studios/command_center/viewer/SCREENING_TIMELINE_VERIFICATION.md,241,Screening Signal Timeline - Verification Guide,📝 Testing Checklist,,,Can select an artifact
.repo_studios/command_center/viewer/SCREENING_TIMELINE_VERIFICATION.md,242,Screening Signal Timeline - Verification Guide,📝 Testing Checklist,,,Health Pack section is visible
.repo_studios/command_center/viewer/SCREENING_TIMELINE_VERIFICATION.md,243,Screening Signal Timeline - Verification Guide,📝 Testing Checklist,,,Screening Signal Timeline button appears
.repo_studios/command_center/viewer/SCREENING_TIMELINE_VERIFICATION.md,244,Screening Signal Timeline - Verification Guide,📝 Testing Checklist,,,Button state (enabled/disabled) is correct
.repo_studios/command_center/viewer/SCREENING_TIMELINE_VERIFICATION.md,245,Screening Signal Timeline - Verification Guide,📝 Testing Checklist,,,Clicking button creates new tab
.repo_studios/command_center/viewer/SCREENING_TIMELINE_VERIFICATION.md,246,Screening Signal Timeline - Verification Guide,📝 Testing Checklist,,,Timeline diagram renders
.repo_studios/command_center/viewer/SCREENING_TIMELINE_VERIFICATION.md,247,Screening Signal Timeline - Verification Guide,📝 Testing Checklist,,,Timeline shows correct pack sections
.repo_studios/command_center/viewer/SCREENING_TIMELINE_VERIFICATION.md,248,Screening Signal Timeline - Verification Guide,📝 Testing Checklist,,,Events display with proper formatting
.repo_studios/command_center/viewer/SCREENING_TIMELINE_VERIFICATION.md,249,Screening Signal Timeline - Verification Guide,📝 Testing Checklist,,,Timestamps are readable
.repo_studios/command_center/viewer/SCREENING_TIMELINE_VERIFICATION.md,250,Screening Signal Timeline - Verification Guide,📝 Testing Checklist,,,Score deltas calculate correctly
.repo_studios/command_center/viewer/SCREENING_TIMELINE_VERIFICATION.md,251,Screening Signal Timeline - Verification Guide,📝 Testing Checklist,,,Severity labels are correct
.repo_studios/command_center/viewer/SCREENING_TIMELINE_VERIFICATION.md,252,Screening Signal Timeline - Verification Guide,📝 Testing Checklist,,,Can zoom in/out on timeline
.repo_studios/command_center/viewer/SCREENING_TIMELINE_VERIFICATION.md,253,Screening Signal Timeline - Verification Guide,📝 Testing Checklist,,,Can pan the timeline
.repo_studios/command_center/viewer/SCREENING_TIMELINE_VERIFICATION.md,254,Screening Signal Timeline - Verification Guide,📝 Testing Checklist,,,Can switch back to zoom levels tab
.repo_studios/command_center/viewer/SCREENING_TIMELINE_VERIFICATION.md,255,Screening Signal Timeline - Verification Guide,📝 Testing Checklist,,,Switching between timeline and other view tabs preserves both diagrams without reloading or resetting counts
.repo_studios/command_center/viewer/SCREENING_TIMELINE_VERIFICATION.md,256,Screening Signal Timeline - Verification Guide,📝 Testing Checklist,,,Can close the timeline tab
.repo_studios/docs/Repo_Studios_MOU_Strategic_Architecture.md,476,MEMORANDUM OF UNDERSTANDING,VIII. GOVERNANCE,8.2 Quality Assurance,,All systems tested end-to-end
.repo_studios/docs/Repo_Studios_MOU_Strategic_Architecture.md,477,MEMORANDUM OF UNDERSTANDING,VIII. GOVERNANCE,8.2 Quality Assurance,,Documentation reviewed for completeness
.repo_studios/docs/Repo_Studios_MOU_Strategic_Architecture.md,478,MEMORANDUM OF UNDERSTANDING,VIII. GOVERNANCE,8.2 Quality Assurance,,AI instructions validated with Copilot
.repo_studios/docs/Repo_Studios_MOU_Strategic_Architecture.md,479,MEMORANDUM OF UNDERSTANDING,VIII. GOVERNANCE,8.2 Quality Assurance,,Sample project created successfully
.repo_studios/docs/Repo_Studios_MOU_Strategic_Architecture.md,480,MEMORANDUM OF UNDERSTANDING,VIII. GOVERNANCE,8.2 Quality Assurance,,Performance benchmarks met
.repo_studios/docs/automation/function_inventory_integration_plan.md,42,Function Inventory Integration Plan,Implementation Plan (Phased Checklist),Phase A – Alignment & Scoping,,Inventory current manual usages (`tools/generate_inventory.py`) to plan deprecation messaging and overlap timeline.
.repo_studios/docs/automation/function_inventory_integration_plan.md,73,Function Inventory Integration Plan,Implementation Plan (Phased Checklist),Phase E – Testing & Quality Gates,,"Add integration tests that generate indices for curated fixtures (empty dirs, nested trees, syntax-error files, large modules). _(Initial round-trip test added in `.repo_studios/tests/tests_producers/test_function_inventory_integration.py`; dependency note: `jsonschema` already pinned so payload validation can run once fixture matrix expands.)_"
.repo_studios/docs/automation/function_inventory_integration_plan.md,74,Function Inventory Integration Plan,Implementation Plan (Phased Checklist),Phase E – Testing & Quality Gates,,Create golden snapshot and/or JSON schema validation tests to guard against regressions in structure and metadata.
.repo_studios/docs/automation/function_inventory_integration_plan.md,75,Function Inventory Integration Plan,Implementation Plan (Phased Checklist),Phase E – Testing & Quality Gates,,Provide cross-platform fixture paths (Windows/Posix) and ensure line endings are normalized in assertions.
.repo_studios/docs/automation/function_inventory_integration_plan.md,76,Function Inventory Integration Plan,Implementation Plan (Phased Checklist),Phase E – Testing & Quality Gates,,Add performance smoke test to ensure typical folders (hundreds of `.py` files) run within acceptable bounds.
.repo_studios/docs/automation/function_inventory_integration_plan.md,77,Function Inventory Integration Plan,Implementation Plan (Phased Checklist),Phase E – Testing & Quality Gates,,"Configure lint and formatting checks (e.g., `ruff`, `black`) for the inventory and companion analysis producers."
.repo_studios/docs/automation/function_inventory_integration_plan.md,78,Function Inventory Integration Plan,Implementation Plan (Phased Checklist),Phase E – Testing & Quality Gates,,"Extend schema validation to cover both structural and analysis artifacts, blocking unexpected changes in CI."
.repo_studios/docs/automation/function_inventory_integration_plan.md,79,Function Inventory Integration Plan,Implementation Plan (Phased Checklist),Phase E – Testing & Quality Gates,,"Verify sequencing logic: companion analysis must fail fast when the index generation errors, preventing stale insights."
.repo_studios/docs/automation/function_inventory_integration_plan.md,85,Function Inventory Integration Plan,Implementation Plan (Phased Checklist),Phase F – Test Data & Tooling Support,,Document fixture maintenance guidelines (adding/removing files) to keep snapshots aligned with schema expectations.
.repo_studios/docs/automation/function_inventory_integration_plan.md,86,Function Inventory Integration Plan,Implementation Plan (Phased Checklist),Phase F – Test Data & Tooling Support,,Wire fixture regeneration helper (Make or script) to update golden outputs when schema changes or new analysis heuristics land.
.repo_studios/docs/automation/function_inventory_integration_plan.md,87,Function Inventory Integration Plan,Implementation Plan (Phased Checklist),Phase F – Test Data & Tooling Support,,Provide paired golden artifacts (inventory + analysis) to validate dual-output freshness and cleanup behavior.
.repo_studios/docs/automation/function_inventory_integration_plan.md,91,Function Inventory Integration Plan,Implementation Plan (Phased Checklist),Phase G – Tooling & Automation Wiring,,Define Make target (`studio-generate-function-index` or similar) with parameter validation and help text covering dual-output behavior.
.repo_studios/docs/automation/function_inventory_integration_plan.md,92,Function Inventory Integration Plan,Implementation Plan (Phased Checklist),Phase G – Tooling & Automation Wiring,,"Update `.repo_studios/Makefile` hierarchy so the target runs the structural index producer first, then the companion analysis producer, reusing the same timestamp context."
.repo_studios/docs/automation/function_inventory_integration_plan.md,93,Function Inventory Integration Plan,Implementation Plan (Phased Checklist),Phase G – Tooling & Automation Wiring,,"Implement shared logging that summarizes both outputs (paths, counts, warnings) and surfaces failure from either stage."
.repo_studios/docs/automation/function_inventory_integration_plan.md,94,Function Inventory Integration Plan,Implementation Plan (Phased Checklist),Phase G – Tooling & Automation Wiring,,"Add GitHub Actions job/step (likely in `studio-inventory.yml`) to invoke the Make target on representative directories, asserting both artifacts exist."
.repo_studios/docs/automation/function_inventory_integration_plan.md,95,Function Inventory Integration Plan,Implementation Plan (Phased Checklist),Phase G – Tooling & Automation Wiring,,"Decide on artifact upload or retention strategy for generated indices and analyses within CI runs, including cleanup of stale dated files."
.repo_studios/docs/automation/function_inventory_integration_plan.md,96,Function Inventory Integration Plan,Implementation Plan (Phased Checklist),Phase G – Tooling & Automation Wiring,,"Ensure the Make target removes previous dated artifacts before regeneration so `<folder_name>_index/` contains only the freshest pair, per retention decision."
.repo_studios/docs/automation/function_inventory_integration_plan.md,101,Function Inventory Integration Plan,Implementation Plan (Phased Checklist),Phase H – Documentation & Communication,,"Update `script_inventory_architecture.md` to reflect remediation status, targets, tests, CI wiring, and the new companion analysis module."
.repo_studios/docs/automation/function_inventory_integration_plan.md,102,Function Inventory Integration Plan,Implementation Plan (Phased Checklist),Phase H – Documentation & Communication,,Refresh README or contributor docs with instructions for generating and reviewing structural inventories and companion analyses together.
.repo_studios/docs/automation/function_inventory_integration_plan.md,103,Function Inventory Integration Plan,Implementation Plan (Phased Checklist),Phase H – Documentation & Communication,,"Draft communication plan covering manual usage deprecation timeline, insight interpretation guidance, and onboarding for teams adopting the analysis artifact."
.repo_studios/docs/automation/function_inventory_integration_plan.md,104,Function Inventory Integration Plan,Implementation Plan (Phased Checklist),Phase H – Documentation & Communication,,Publish an interpretation cheat sheet summarizing common analysis findings and recommended next actions.
.repo_studios/docs/automation/function_inventory_integration_plan.md,108,Function Inventory Integration Plan,Implementation Plan (Phased Checklist),Phase I – Rollout & Monitoring,,Run pilot generation on `.repo_studios/scripts/producers/` and review output for accuracy and performance.
.repo_studios/docs/automation/function_inventory_integration_plan.md,109,Function Inventory Integration Plan,Implementation Plan (Phased Checklist),Phase I – Rollout & Monitoring,,Capture baseline index + analysis files for critical folders and commit them as part of the rollout.
.repo_studios/docs/automation/function_inventory_integration_plan.md,110,Function Inventory Integration Plan,Implementation Plan (Phased Checklist),Phase I – Rollout & Monitoring,,"Establish monitoring checklist (e.g., periodic verification, size checks, schema validation scripts, analysis signal accuracy audits)."
.repo_studios/docs/automation/function_inventory_integration_plan.md,111,Function Inventory Integration Plan,Implementation Plan (Phased Checklist),Phase I – Rollout & Monitoring,,"Schedule post-integration review to assess adoption, gather feedback, and plan future enhancements (additional analyses, cross-folder rollups, API hooks)."
.repo_studios/docs/automation/function_inventory_integration_plan.md,112,Function Inventory Integration Plan,Implementation Plan (Phased Checklist),Phase I – Rollout & Monitoring,,Track runtime and artifact size growth over time to ensure dual-output remains sustainable.
.repo_studios/docs/automation/healthview_onboarding.md,99,Healthview Command Center Onboarding,Validation Checklist,,,`reports_naming_audit.py` run shows zero Healthview violations.
.repo_studios/docs/automation/healthview_onboarding.md,100,Healthview Command Center Onboarding,Validation Checklist,,,`selector.json` includes the `healthview` entry with all orchestrator options.
.repo_studios/docs/automation/healthview_onboarding.md,101,Healthview Command Center Onboarding,Validation Checklist,,,Viewer tab renders locally via `serve_viewer.py` with the new tab visible and responsive.
.repo_studios/docs/automation/healthview_onboarding.md,102,Healthview Command Center Onboarding,Validation Checklist,,,Markdown summaries render without layout overflow; audit using browser responsive mode.
.repo_studios/docs/automation/healthview_onboarding.md,103,Healthview Command Center Onboarding,Validation Checklist,,,Telemetry JSON loads successfully (verify via browser developer tools).
.repo_studios/docs/pipeline/pipeline_templates/tier2_pipeline_howto.md,114,How-To — Authoring Tier-2 Pipeline Documents,5. Quick Reference Checklist,,,Duplicate `tier2_pipeline_template.md` and rename appropriately.
.repo_studios/docs/pipeline/pipeline_templates/tier2_pipeline_howto.md,115,How-To — Authoring Tier-2 Pipeline Documents,5. Quick Reference Checklist,,,Replace front-matter placeholders with real metadata and Tier references.
.repo_studios/docs/pipeline/pipeline_templates/tier2_pipeline_howto.md,116,How-To — Authoring Tier-2 Pipeline Documents,5. Quick Reference Checklist,,,Update the Instruction Block with stage-specific editing guidance.
.repo_studios/docs/pipeline/pipeline_templates/tier2_pipeline_howto.md,117,How-To — Authoring Tier-2 Pipeline Documents,5. Quick Reference Checklist,,,"Populate Goals, System Context, and Coverage Snapshot tables."
.repo_studios/docs/pipeline/pipeline_templates/tier2_pipeline_howto.md,118,How-To — Authoring Tier-2 Pipeline Documents,5. Quick Reference Checklist,,,Define workstreams/stage narratives with evidence-backed checklists.
.repo_studios/docs/pipeline/pipeline_templates/tier2_pipeline_howto.md,119,How-To — Authoring Tier-2 Pipeline Documents,5. Quick Reference Checklist,,,"List regression suites, telemetry endpoints, and manual harnesses."
.repo_studios/docs/pipeline/pipeline_templates/tier2_pipeline_howto.md,120,How-To — Authoring Tier-2 Pipeline Documents,5. Quick Reference Checklist,,,"Record Tier-1 stop-gates, Tier-3 dependencies, and feature flags."
.repo_studios/docs/pipeline/pipeline_templates/tier2_pipeline_howto.md,121,How-To — Authoring Tier-2 Pipeline Documents,5. Quick Reference Checklist,,,Embed/update the agent automation block.
.repo_studios/docs/pipeline/pipeline_templates/tier2_pipeline_howto.md,122,How-To — Authoring Tier-2 Pipeline Documents,5. Quick Reference Checklist,,,Run `make doc-index` (and `make checkbox-report` if needed) and log the timestamp.
.repo_studios/docs/pipeline/pipeline_templates/tier2_pipeline_howto.md,123,How-To — Authoring Tier-2 Pipeline Documents,5. Quick Reference Checklist,,,Cross-link the new doc from Tier-1 and any relevant Tier-3 horizontals.
.repo_studios/docs/pipeline/pipeline_templates/tier2_pipeline_template.md,91,Tier-2 Pipeline Document Template,3. Workstreams or Stage Narratives,3.A Workstream Template (copy per workstream),,`<Action item with evidence + test/doc-index reminder>`
.repo_studios/docs/pipeline/pipeline_templates/tier2_pipeline_template.md,92,Tier-2 Pipeline Document Template,3. Workstreams or Stage Narratives,3.A Workstream Template (copy per workstream),,`<Action item>`
.repo_studios/docs/pipeline/pipeline_templates/tier2_pipeline_template.md,104,Tier-2 Pipeline Document Template,3. Workstreams or Stage Narratives,3.B Stage Narrative Template (use if needed),Stage `<Number/Letter>` — `<Name>`,`<Checkpoint referencing implementation detail>`
.repo_studios/docs/pipeline/pipeline_templates/tier2_pipeline_template.md,105,Tier-2 Pipeline Document Template,3. Workstreams or Stage Narratives,3.B Stage Narrative Template (use if needed),Stage `<Number/Letter>` — `<Name>`,`<Checkpoint>`
.repo_studios/docs/pipeline/pipeline_templates/tier3_pipeline_template.md,100,Tier-3 Horizontal Document Template,3. Horizontal Contracts & Adoption State,3.3 Implementation Checkpoints,,"`<Checkpoint with evidence + ""run make doc-index"" reminder>`"
.repo_studios/docs/pipeline/pipeline_templates/tier3_pipeline_template.md,101,Tier-3 Horizontal Document Template,3. Horizontal Contracts & Adoption State,3.3 Implementation Checkpoints,,`<Checkpoint referencing regression suite>`
.repo_studios/docs/pipeline/pipeline_templates/tier3_pipeline_template.md,102,Tier-3 Horizontal Document Template,3. Horizontal Contracts & Adoption State,3.3 Implementation Checkpoints,,`<Checkpoint citing Tier-1 sync requirement>`
.repo_studios/docs/standards/global/std-global-code-cleanup.md,48,Repo Studios Code Cleanup Instructions,Testing Protocol,,,Create at least one test case per public function or method.
.repo_studios/docs/standards/global/std-global-code-cleanup.md,49,Repo Studios Code Cleanup Instructions,Testing Protocol,,,Use descriptive test function names.
.repo_studios/docs/standards/global/std-global-code-cleanup.md,50,Repo Studios Code Cleanup Instructions,Testing Protocol,,,Assert expected outputs and side effects.
.repo_studios/docs/standards/global/std-global-code-cleanup.md,51,Repo Studios Code Cleanup Instructions,Testing Protocol,,,Add integration tests where the module orchestrates multiple components.
.repo_studios/docs/standards/global/std-global-code-cleanup.md,52,Repo Studios Code Cleanup Instructions,Testing Protocol,,,Ensure all tests are idempotent and do not require external state unless mocked.
.repo_studios/docs/standards/global/std-global-code-cleanup.md,60,Repo Studios Code Cleanup Instructions,Logging Protocol (`repo_clean_log`),,,Create a `.txt` log file in `.repo_studios/cleanup_logs/` (the batch tool writes this automatically).
.repo_studios/docs/standards/global/std-global-code-cleanup.md,61,Repo Studios Code Cleanup Instructions,Logging Protocol (`repo_clean_log`),,,Filename format: `clean_YYYY-MM-DD_HHMM.txt`.
.repo_studios/docs/standards/global/std-global-code-cleanup.md,62,Repo Studios Code Cleanup Instructions,Logging Protocol (`repo_clean_log`),,,Log must include:
.repo_studios/docs/standards/global/std-global-html-coding.md,108,Repo Studios HTML Coding Practices,✅ Quick Checklists,Shipping new HTML,,Start with semantic containers and a single `<h1>`.
.repo_studios/docs/standards/global/std-global-html-coding.md,109,Repo Studios HTML Coding Practices,✅ Quick Checklists,Shipping new HTML,,Ensure every interactive control has labels and keyboard focus support.
.repo_studios/docs/standards/global/std-global-html-coding.md,110,Repo Studios HTML Coding Practices,✅ Quick Checklists,Shipping new HTML,,Avoid inline styles; prefer Tailwind or shared utility classes.
.repo_studios/docs/standards/global/std-global-html-coding.md,111,Repo Studios HTML Coding Practices,✅ Quick Checklists,Shipping new HTML,,Document complex blocks with HTML comments so agents can target them.
.repo_studios/docs/standards/global/std-global-html-coding.md,115,Repo Studios HTML Coding Practices,✅ Quick Checklists,Reviewing or refactoring existing HTML,,Replace anonymous `<div>` stacks with semantic tags.
.repo_studios/docs/standards/global/std-global-html-coding.md,116,Repo Studios HTML Coding Practices,✅ Quick Checklists,Reviewing or refactoring existing HTML,,"Confirm accessibility metadata (`aria-*`, `role`, `lang`) remains accurate."
.repo_studios/docs/standards/global/std-global-html-coding.md,117,Repo Studios HTML Coding Practices,✅ Quick Checklists,Reviewing or refactoring existing HTML,,Verify responsive behavior using container utilities and flex/grid layouts.
.repo_studios/docs/standards/global/std-global-html-coding.md,118,Repo Studios HTML Coding Practices,✅ Quick Checklists,Reviewing or refactoring existing HTML,,Update related standards or inventory notes if new patterns emerge.
.repo_studios/docs/standards/global/std-global-monkey-patching.md,150,Repo Studios Monkey Patch Governance,Quick Checklists,When introducing a patch,,Scoped module under `monkey_patches/` with docstring rationale and expiry plan.
.repo_studios/docs/standards/global/std-global-monkey-patching.md,151,Repo Studios Monkey Patch Governance,Quick Checklists,When introducing a patch,,Feature flag default-off with ticket/ADR reference.
.repo_studios/docs/standards/global/std-global-monkey-patching.md,152,Repo Studios Monkey Patch Governance,Quick Checklists,When introducing a patch,,Tests cover patched and unpatched paths.
.repo_studios/docs/standards/global/std-global-monkey-patching.md,153,Repo Studios Monkey Patch Governance,Quick Checklists,When introducing a patch,,Telemetry emits activation logs/metrics.
.repo_studios/docs/standards/global/std-global-monkey-patching.md,157,Repo Studios Monkey Patch Governance,Quick Checklists,When reviewing existing patches,,Replace builtins/`sys.modules` edits with DI or adapters where feasible.
.repo_studios/docs/standards/global/std-global-monkey-patching.md,158,Repo Studios Monkey Patch Governance,Quick Checklists,When reviewing existing patches,,Move import-time behavior to startup code or fixtures.
.repo_studios/docs/standards/global/std-global-monkey-patching.md,159,Repo Studios Monkey Patch Governance,Quick Checklists,When reviewing existing patches,,"Update inventory, cleanup logs, and ADRs with current status."
.repo_studios/docs/standards/global/std-global-monkey-patching.md,160,Repo Studios Monkey Patch Governance,Quick Checklists,When reviewing existing patches,,Run scanner in strict mode plus `make anchor-health` prior to merge.
.repo_studios/docs/standards/global/std-global-prompt-engineering.md,105,Repo Studios Prompt Engineering Standards,Quick Checklists,Drafting a new prompt,,"Establish context, scope, and explicit success criteria."
.repo_studios/docs/standards/global/std-global-prompt-engineering.md,106,Repo Studios Prompt Engineering Standards,Quick Checklists,Drafting a new prompt,,"Provide structure (bullets, tables, YAML) that downstream tools can parse."
.repo_studios/docs/standards/global/std-global-prompt-engineering.md,107,Repo Studios Prompt Engineering Standards,Quick Checklists,Drafting a new prompt,,Include validation commands or expectations.
.repo_studios/docs/standards/global/std-global-prompt-engineering.md,108,Repo Studios Prompt Engineering Standards,Quick Checklists,Drafting a new prompt,,"Cross-link to related standards, playbooks, or inventory entries."
.repo_studios/docs/standards/global/std-global-prompt-engineering.md,112,Repo Studios Prompt Engineering Standards,Quick Checklists,Reviewing an existing prompt,,Confirm assumptions are stated or unanswered questions are surfaced.
.repo_studios/docs/standards/global/std-global-prompt-engineering.md,113,Repo Studios Prompt Engineering Standards,Quick Checklists,Reviewing an existing prompt,,Ensure machine-readable blocks line up with the latest repo schema.
.repo_studios/docs/standards/global/std-global-prompt-engineering.md,114,Repo Studios Prompt Engineering Standards,Quick Checklists,Reviewing an existing prompt,,Verify acceptance criteria reflect current CI and validation commands.
.repo_studios/docs/standards/global/std-global-prompt-engineering.md,115,Repo Studios Prompt Engineering Standards,Quick Checklists,Reviewing an existing prompt,,Update `repo_prompts.md` or the prompt library playbook when reusable patterns emerge.
.repo_studios/docs/standards/project/std-project-operating-standard.md,112,Repo Studios Project Operating Standard,Operational Checklists,New feature or refactor,,"Align code changes with the paired global standards (Python, HTML, Chainlit, Markdown)."
.repo_studios/docs/standards/project/std-project-operating-standard.md,113,Repo Studios Project Operating Standard,Operational Checklists,New feature or refactor,,"Update docs, ADRs, or agent notes for new flags, metrics, or services."
.repo_studios/docs/standards/project/std-project-operating-standard.md,114,Repo Studios Project Operating Standard,Operational Checklists,New feature or refactor,,"Run `make qa`, `make studio-check-inventory-health`, and anchor checks."
.repo_studios/docs/standards/project/std-project-operating-standard.md,115,Repo Studios Project Operating Standard,Operational Checklists,New feature or refactor,,Capture follow-up tasks in the cleanup ledger if debt remains.
.repo_studios/docs/standards/project/std-project-operating-standard.md,119,Repo Studios Project Operating Standard,Operational Checklists,Documentation migration or rename,,Apply migration playbook front matter template.
.repo_studios/docs/standards/project/std-project-operating-standard.md,120,Repo Studios Project Operating Standard,Operational Checklists,Documentation migration or rename,,Update relevant inventory catalog entries and rerun health checks.
.repo_studios/docs/standards/project/std-project-operating-standard.md,121,Repo Studios Project Operating Standard,Operational Checklists,Documentation migration or rename,,"Verify cross-links (README, prompts, plan checklists) still resolve."
.repo_studios/docs/standards/project/std-project-operating-standard.md,122,Repo Studios Project Operating Standard,Operational Checklists,Documentation migration or rename,,Remove or archive the legacy source in `.repo_studios_legacy/`.
.repo_studios/docs/templates/integration_alignment_template.md,30,Library Integration Alignment Template,Phase 1 – Foundation Setup,,,**Inventory library structure** vs. current repository tree *(Owner → deliverable).*
.repo_studios/docs/templates/integration_alignment_template.md,31,Library Integration Alignment Template,Phase 1 – Foundation Setup,,,**Confirm naming convention adoption** with examples from top duplicate targets *(Owner → deliverable).*
.repo_studios/docs/templates/integration_alignment_template.md,32,Library Integration Alignment Template,Phase 1 – Foundation Setup,,,"**Decide on generator usage** (run, adapt, or replace) after comparison *(Owner → recommendation).*"
.repo_studios/docs/templates/integration_alignment_template.md,33,Library Integration Alignment Template,Phase 1 – Foundation Setup,,,**Document onboarding README adjustments** required for the project *(Owner → deliverable).*
.repo_studios/docs/templates/integration_alignment_template.md,39,Library Integration Alignment Template,Phase 2 – Duplicate Detection Tool,,,**Compare new detection outputs** to current duplicate metrics *(Owner → deliverable).*
.repo_studios/docs/templates/integration_alignment_template.md,40,Library Integration Alignment Template,Phase 2 – Duplicate Detection Tool,,,**Validate schema alignment** between reference reports and project expectations *(Owner → deliverable).*
.repo_studios/docs/templates/integration_alignment_template.md,41,Library Integration Alignment Template,Phase 2 – Duplicate Detection Tool,,,**Assess testing harness compatibility** across target environments *(Owner → deliverable).*
.repo_studios/docs/templates/integration_alignment_template.md,42,Library Integration Alignment Template,Phase 2 – Duplicate Detection Tool,,,"**Decide integration strategy** (adopt, adapt, or reuse existing tooling) *(Owner → recommendation).*"
.repo_studios/docs/templates/integration_alignment_template.md,48,Library Integration Alignment Template,Phase 3 – Manual Extraction Validation,,,**Confirm live duplicates** for prioritized functions using latest analysis *(Owner(s) → deliverable).*
.repo_studios/docs/templates/integration_alignment_template.md,49,Library Integration Alignment Template,Phase 3 – Manual Extraction Validation,,,**Establish priority order** for extraction targets *(Owner(s) → decision).*
.repo_studios/docs/templates/integration_alignment_template.md,50,Library Integration Alignment Template,Phase 3 – Manual Extraction Validation,,,**Map each target** to library destination paths following conventions *(Owner → deliverable).*
.repo_studios/docs/templates/integration_alignment_template.md,51,Library Integration Alignment Template,Phase 3 – Manual Extraction Validation,,,**Define test coverage approach** (library tests plus producer regression) *(Owner → plan).*
.repo_studios/docs/templates/integration_alignment_template.md,52,Library Integration Alignment Template,Phase 3 – Manual Extraction Validation,,,**Capture manual checklist** tailored to project tooling *(Owner → deliverable).*
.repo_studios/docs/templates/integration_alignment_template.md,58,Library Integration Alignment Template,Phase 4 – Automated Extraction,,,"**Outline guardrails** (dry-run, backups, reviews) prior to automation *(Owner → plan).*"
.repo_studios/docs/templates/integration_alignment_template.md,59,Library Integration Alignment Template,Phase 4 – Automated Extraction,,,**Determine success criteria** based on manual pilot outcomes *(Owner → metrics).*
.repo_studios/docs/templates/integration_alignment_template.md,60,Library Integration Alignment Template,Phase 4 – Automated Extraction,,,"**Identify dependencies** (schema stability, detection accuracy, library readiness) *(Owner → checklist).*"
.repo_studios/docs/templates/integration_alignment_template.md,66,Library Integration Alignment Template,Phase 5 – Integration with Repo Operations,,,**Sketch Make/CI target design** for duplicate detection/refactoring flows *(Owner → design).*
.repo_studios/docs/templates/integration_alignment_template.md,67,Library Integration Alignment Template,Phase 5 – Integration with Repo Operations,,,**Review orchestrator impacts** if integrating with existing remediation suites *(Owner → analysis).*
.repo_studios/docs/templates/integration_alignment_template.md,68,Library Integration Alignment Template,Phase 5 – Integration with Repo Operations,,,**Plan documentation updates** contingent on adoption *(Owner → list).*
.repo_studios/docs/templates/integration_alignment_template.md,74,Library Integration Alignment Template,Phase 6 – AI Prompt Engineering,,,**Audit existing AI prompts** to prevent conflicting guidance *(Owner → inventory).*
.repo_studios/docs/templates/integration_alignment_template.md,75,Library Integration Alignment Template,Phase 6 – AI Prompt Engineering,,,**Draft candidate instruction updates** aligned with library conventions *(Owner → proposal).*
.repo_studios/docs/templates/integration_alignment_template.md,81,Library Integration Alignment Template,Phase 7 – Validation & Hardening,,,"**Define metrics** (duplicates resolved, tests added, coverage) *(Owner → metrics).*"
.repo_studios/docs/templates/integration_alignment_template.md,82,Library Integration Alignment Template,Phase 7 – Validation & Hardening,,,**Plan CI integration strategy** (warning-only vs. blocking) *(Owner → plan).*
.repo_studios/docs/templates/integration_alignment_template.md,83,Library Integration Alignment Template,Phase 7 – Validation & Hardening,,,**Collect false-positive feedback loop** if new detection tooling is adopted *(Owner → process).*
.repo_studios/docs/templates/integration_alignment_template.md,89,Library Integration Alignment Template,Phase 8 – Scale to New Projects,,,**Package templates or tooling** for reuse *(Owner → plan).*
.repo_studios/docs/templates/integration_alignment_template.md,90,Library Integration Alignment Template,Phase 8 – Scale to New Projects,,,**Test on new repositories** for day-one prevention *(Owner → pilot).*
.repo_studios/docs/templates/integration_alignment_template.md,91,Library Integration Alignment Template,Phase 8 – Scale to New Projects,,,**Document onboarding workflow** for contributors *(Owner → documentation).*
.repo_studios/monkey_patch/20251201_115542/report.md,44,Monkey Patch Scan Report,Next Steps,,,"Review global mutations (builtins, os.environ) and confine to startup phases."
.repo_studios/monkey_patch/20251201_115542/report.md,45,Monkey Patch Scan Report,Next Steps,,,Replace module-scope patches with context-managed patches in tests.
.repo_studios/monkey_patch/20251201_115542/report.md,46,Monkey Patch Scan Report,Next Steps,,,Isolate import-time overrides behind flags or dependency injection.
.repo_studios/monkey_patch/20251201_115542/report.md,47,Monkey Patch Scan Report,Next Steps,,,Add targeted tests for any retained patches with clear rationale.
.repo_studios/monkey_patch/20251207_023935/report.md,45,Monkey Patch Scan Report,Next Steps,,,"Review global mutations (builtins, os.environ) and confine to startup phases."
.repo_studios/monkey_patch/20251207_023935/report.md,46,Monkey Patch Scan Report,Next Steps,,,Replace module-scope patches with context-managed patches in tests.
.repo_studios/monkey_patch/20251207_023935/report.md,47,Monkey Patch Scan Report,Next Steps,,,Isolate import-time overrides behind flags or dependency injection.
.repo_studios/monkey_patch/20251207_023935/report.md,48,Monkey Patch Scan Report,Next Steps,,,Add targeted tests for any retained patches with clear rationale.
.repo_studios/monkey_patch/20251207_133529/report.md,45,Monkey Patch Scan Report,Next Steps,,,"Review global mutations (builtins, os.environ) and confine to startup phases."
.repo_studios/monkey_patch/20251207_133529/report.md,46,Monkey Patch Scan Report,Next Steps,,,Replace module-scope patches with context-managed patches in tests.
.repo_studios/monkey_patch/20251207_133529/report.md,47,Monkey Patch Scan Report,Next Steps,,,Isolate import-time overrides behind flags or dependency injection.
.repo_studios/monkey_patch/20251207_133529/report.md,48,Monkey Patch Scan Report,Next Steps,,,Add targeted tests for any retained patches with clear rationale.
.repo_studios/monkey_patch/20251207_133804/report.md,45,Monkey Patch Scan Report,Next Steps,,,"Review global mutations (builtins, os.environ) and confine to startup phases."
.repo_studios/monkey_patch/20251207_133804/report.md,46,Monkey Patch Scan Report,Next Steps,,,Replace module-scope patches with context-managed patches in tests.
.repo_studios/monkey_patch/20251207_133804/report.md,47,Monkey Patch Scan Report,Next Steps,,,Isolate import-time overrides behind flags or dependency injection.
.repo_studios/monkey_patch/20251207_133804/report.md,48,Monkey Patch Scan Report,Next Steps,,,Add targeted tests for any retained patches with clear rationale.
.repo_studios/monkey_patch/latest/report.md,45,Monkey Patch Scan Report,Next Steps,,,"Review global mutations (builtins, os.environ) and confine to startup phases."
.repo_studios/monkey_patch/latest/report.md,46,Monkey Patch Scan Report,Next Steps,,,Replace module-scope patches with context-managed patches in tests.
.repo_studios/monkey_patch/latest/report.md,47,Monkey Patch Scan Report,Next Steps,,,Isolate import-time overrides behind flags or dependency injection.
.repo_studios/monkey_patch/latest/report.md,48,Monkey Patch Scan Report,Next Steps,,,Add targeted tests for any retained patches with clear rationale.
.repo_studios/reports/producer_reports/import_boundary_reports/import_boundary_check-20251023_210024/report.md,12,Import Boundary Report,Next Steps,,,Address unallowlisted edges or update the allowlist with justification.
.repo_studios/reports/producer_reports/import_boundary_reports/import_boundary_check-20251023_210024/report.md,13,Import Boundary Report,Next Steps,,,Re-run `validate_import_boundaries.py` after remediation to confirm clean state.
.repo_studios/reports/producer_reports/import_boundary_reports/import_boundary_check-20251023_210024/report.md,14,Import Boundary Report,Next Steps,,,Capture decisions in the architecture log if allowlist entries are required long-term.
.repo_studios/reports/producer_reports/import_boundary_reports/import_boundary_check-20251127_175712/report.md,12,Import Boundary Report,Next Steps,,,Address unallowlisted edges or update the allowlist with justification.
.repo_studios/reports/producer_reports/import_boundary_reports/import_boundary_check-20251127_175712/report.md,13,Import Boundary Report,Next Steps,,,Re-run `validate_import_boundaries.py` after remediation to confirm clean state.
.repo_studios/reports/producer_reports/import_boundary_reports/import_boundary_check-20251127_175712/report.md,14,Import Boundary Report,Next Steps,,,Capture decisions in the architecture log if allowlist entries are required long-term.
.repo_studios/reports/producer_reports/import_boundary_reports/latest/latest_report.md,12,Import Boundary Report,Next Steps,,,Address unallowlisted edges or update the allowlist with justification.
.repo_studios/reports/producer_reports/import_boundary_reports/latest/latest_report.md,13,Import Boundary Report,Next Steps,,,Re-run `validate_import_boundaries.py` after remediation to confirm clean state.
.repo_studios/reports/producer_reports/import_boundary_reports/latest/latest_report.md,14,Import Boundary Report,Next Steps,,,Capture decisions in the architecture log if allowlist entries are required long-term.
.repo_studios/reports/producer_reports/metrics_anchor_stub_reports/latest/latest_report.md,15,Metrics Anchor Stub Report,Next Steps,,,Add legacy stub entries for anchors listed above or document intentional drift.
.repo_studios/reports/producer_reports/metrics_anchor_stub_reports/latest/latest_report.md,16,Metrics Anchor Stub Report,Next Steps,,,Update the allowlist JSON with justification if exceptions are required.
.repo_studios/reports/producer_reports/metrics_anchor_stub_reports/latest/latest_report.md,17,Metrics Anchor Stub Report,Next Steps,,,Re-run `validate_metrics_anchor_stubs.py` to confirm a clean state.
.repo_studios/reports/producer_reports/metrics_anchor_stub_reports/metrics_anchor_stub_check-20251024_011126/report.md,15,Metrics Anchor Stub Report,Next Steps,,,Add legacy stub entries for anchors listed above or document intentional drift.
.repo_studios/reports/producer_reports/metrics_anchor_stub_reports/metrics_anchor_stub_check-20251024_011126/report.md,16,Metrics Anchor Stub Report,Next Steps,,,Update the allowlist JSON with justification if exceptions are required.
.repo_studios/reports/producer_reports/metrics_anchor_stub_reports/metrics_anchor_stub_check-20251024_011126/report.md,17,Metrics Anchor Stub Report,Next Steps,,,Re-run `validate_metrics_anchor_stubs.py` to confirm a clean state.
.repo_studios/reports/producer_reports/metrics_anchor_stub_reports/metrics_anchor_stub_check-20251201_143040/report.md,15,Metrics Anchor Stub Report,Next Steps,,,Add legacy stub entries for anchors listed above or document intentional drift.
.repo_studios/reports/producer_reports/metrics_anchor_stub_reports/metrics_anchor_stub_check-20251201_143040/report.md,16,Metrics Anchor Stub Report,Next Steps,,,Update the allowlist JSON with justification if exceptions are required.
.repo_studios/reports/producer_reports/metrics_anchor_stub_reports/metrics_anchor_stub_check-20251201_143040/report.md,17,Metrics Anchor Stub Report,Next Steps,,,Re-run `validate_metrics_anchor_stubs.py` to confirm a clean state.
.repo_studios/reports/producer_reports/metrics_anchor_stub_reports/metrics_anchor_stub_check-20251207_023924/report.md,15,Metrics Anchor Stub Report,Next Steps,,,Add legacy stub entries for anchors listed above or document intentional drift.
.repo_studios/reports/producer_reports/metrics_anchor_stub_reports/metrics_anchor_stub_check-20251207_023924/report.md,16,Metrics Anchor Stub Report,Next Steps,,,Update the allowlist JSON with justification if exceptions are required.
.repo_studios/reports/producer_reports/metrics_anchor_stub_reports/metrics_anchor_stub_check-20251207_023924/report.md,17,Metrics Anchor Stub Report,Next Steps,,,Re-run `validate_metrics_anchor_stubs.py` to confirm a clean state.
.repo_studios/reports/producer_reports/metrics_anchor_stub_reports/metrics_anchor_stub_check-20251207_133520/report.md,15,Metrics Anchor Stub Report,Next Steps,,,Add legacy stub entries for anchors listed above or document intentional drift.
.repo_studios/reports/producer_reports/metrics_anchor_stub_reports/metrics_anchor_stub_check-20251207_133520/report.md,16,Metrics Anchor Stub Report,Next Steps,,,Update the allowlist JSON with justification if exceptions are required.
.repo_studios/reports/producer_reports/metrics_anchor_stub_reports/metrics_anchor_stub_check-20251207_133520/report.md,17,Metrics Anchor Stub Report,Next Steps,,,Re-run `validate_metrics_anchor_stubs.py` to confirm a clean state.
.repo_studios/reports/producer_reports/metrics_anchor_stub_reports/metrics_anchor_stub_check-20251207_133755/report.md,15,Metrics Anchor Stub Report,Next Steps,,,Add legacy stub entries for anchors listed above or document intentional drift.
.repo_studios/reports/producer_reports/metrics_anchor_stub_reports/metrics_anchor_stub_check-20251207_133755/report.md,16,Metrics Anchor Stub Report,Next Steps,,,Update the allowlist JSON with justification if exceptions are required.
.repo_studios/reports/producer_reports/metrics_anchor_stub_reports/metrics_anchor_stub_check-20251207_133755/report.md,17,Metrics Anchor Stub Report,Next Steps,,,Re-run `validate_metrics_anchor_stubs.py` to confirm a clean state.
.repo_studios/reports/producer_reports/monkey_patch_scans/latest/latest_report.md,45,Monkey Patch Scan Report,Next Steps,,,"Review global mutations (builtins, os.environ) and confine to startup phases."
.repo_studios/reports/producer_reports/monkey_patch_scans/latest/latest_report.md,46,Monkey Patch Scan Report,Next Steps,,,Replace module-scope patches with context-managed patches in tests.
.repo_studios/reports/producer_reports/monkey_patch_scans/latest/latest_report.md,47,Monkey Patch Scan Report,Next Steps,,,Isolate import-time overrides behind flags or dependency injection.
.repo_studios/reports/producer_reports/monkey_patch_scans/latest/latest_report.md,48,Monkey Patch Scan Report,Next Steps,,,Add targeted tests for any retained patches with clear rationale.
.repo_studios/reports/producer_reports/monkey_patch_scans/monkey_patch_scan-20251023_130108/report.md,32,Monkey Patch Scan Report,Next Steps,,,"Review global mutations (builtins, os.environ) and confine to startup phases."
.repo_studios/reports/producer_reports/monkey_patch_scans/monkey_patch_scan-20251023_130108/report.md,33,Monkey Patch Scan Report,Next Steps,,,Replace module-scope patches with context-managed patches in tests.
.repo_studios/reports/producer_reports/monkey_patch_scans/monkey_patch_scan-20251023_130108/report.md,34,Monkey Patch Scan Report,Next Steps,,,Isolate import-time overrides behind flags or dependency injection.
.repo_studios/reports/producer_reports/monkey_patch_scans/monkey_patch_scan-20251023_130108/report.md,35,Monkey Patch Scan Report,Next Steps,,,Add targeted tests for any retained patches with clear rationale.
.repo_studios/reports/producer_reports/monkey_patch_scans/monkey_patch_scan-20251023_130123/report.md,32,Monkey Patch Scan Report,Next Steps,,,"Review global mutations (builtins, os.environ) and confine to startup phases."
.repo_studios/reports/producer_reports/monkey_patch_scans/monkey_patch_scan-20251023_130123/report.md,33,Monkey Patch Scan Report,Next Steps,,,Replace module-scope patches with context-managed patches in tests.
.repo_studios/reports/producer_reports/monkey_patch_scans/monkey_patch_scan-20251023_130123/report.md,34,Monkey Patch Scan Report,Next Steps,,,Isolate import-time overrides behind flags or dependency injection.
.repo_studios/reports/producer_reports/monkey_patch_scans/monkey_patch_scan-20251023_130123/report.md,35,Monkey Patch Scan Report,Next Steps,,,Add targeted tests for any retained patches with clear rationale.
.repo_studios/reports/producer_reports/monkey_patch_scans/monkey_patch_scan-20251023_160851/report.md,44,Monkey Patch Scan Report,Next Steps,,,"Review global mutations (builtins, os.environ) and confine to startup phases."
.repo_studios/reports/producer_reports/monkey_patch_scans/monkey_patch_scan-20251023_160851/report.md,45,Monkey Patch Scan Report,Next Steps,,,Replace module-scope patches with context-managed patches in tests.
.repo_studios/reports/producer_reports/monkey_patch_scans/monkey_patch_scan-20251023_160851/report.md,46,Monkey Patch Scan Report,Next Steps,,,Isolate import-time overrides behind flags or dependency injection.
.repo_studios/reports/producer_reports/monkey_patch_scans/monkey_patch_scan-20251023_160851/report.md,47,Monkey Patch Scan Report,Next Steps,,,Add targeted tests for any retained patches with clear rationale.
.repo_studios/reports/producer_reports/monkey_patch_scans/monkey_patch_scan-20251124_175233/report.md,44,Monkey Patch Scan Report,Next Steps,,,"Review global mutations (builtins, os.environ) and confine to startup phases."
.repo_studios/reports/producer_reports/monkey_patch_scans/monkey_patch_scan-20251124_175233/report.md,45,Monkey Patch Scan Report,Next Steps,,,Replace module-scope patches with context-managed patches in tests.
.repo_studios/reports/producer_reports/monkey_patch_scans/monkey_patch_scan-20251124_175233/report.md,46,Monkey Patch Scan Report,Next Steps,,,Isolate import-time overrides behind flags or dependency injection.
.repo_studios/reports/producer_reports/monkey_patch_scans/monkey_patch_scan-20251124_175233/report.md,47,Monkey Patch Scan Report,Next Steps,,,Add targeted tests for any retained patches with clear rationale.
.repo_studios/reports/producer_reports/monkey_patch_scans/monkey_patch_scan-20251127_175711/report.md,34,Monkey Patch Scan Report,Next Steps,,,"Review global mutations (builtins, os.environ) and confine to startup phases."
.repo_studios/reports/producer_reports/monkey_patch_scans/monkey_patch_scan-20251127_175711/report.md,35,Monkey Patch Scan Report,Next Steps,,,Replace module-scope patches with context-managed patches in tests.
.repo_studios/reports/producer_reports/monkey_patch_scans/monkey_patch_scan-20251127_175711/report.md,36,Monkey Patch Scan Report,Next Steps,,,Isolate import-time overrides behind flags or dependency injection.
.repo_studios/reports/producer_reports/monkey_patch_scans/monkey_patch_scan-20251127_175711/report.md,37,Monkey Patch Scan Report,Next Steps,,,Add targeted tests for any retained patches with clear rationale.
.repo_studios/reports/producer_reports/monkey_patch_scans/monkey_patch_scan-20251201_115542/report.md,44,Monkey Patch Scan Report,Next Steps,,,"Review global mutations (builtins, os.environ) and confine to startup phases."
.repo_studios/reports/producer_reports/monkey_patch_scans/monkey_patch_scan-20251201_115542/report.md,45,Monkey Patch Scan Report,Next Steps,,,Replace module-scope patches with context-managed patches in tests.
.repo_studios/reports/producer_reports/monkey_patch_scans/monkey_patch_scan-20251201_115542/report.md,46,Monkey Patch Scan Report,Next Steps,,,Isolate import-time overrides behind flags or dependency injection.
.repo_studios/reports/producer_reports/monkey_patch_scans/monkey_patch_scan-20251201_115542/report.md,47,Monkey Patch Scan Report,Next Steps,,,Add targeted tests for any retained patches with clear rationale.
.repo_studios/reports/producer_reports/monkey_patch_scans/monkey_patch_scan-20251207_023935/report.md,45,Monkey Patch Scan Report,Next Steps,,,"Review global mutations (builtins, os.environ) and confine to startup phases."
.repo_studios/reports/producer_reports/monkey_patch_scans/monkey_patch_scan-20251207_023935/report.md,46,Monkey Patch Scan Report,Next Steps,,,Replace module-scope patches with context-managed patches in tests.
.repo_studios/reports/producer_reports/monkey_patch_scans/monkey_patch_scan-20251207_023935/report.md,47,Monkey Patch Scan Report,Next Steps,,,Isolate import-time overrides behind flags or dependency injection.
.repo_studios/reports/producer_reports/monkey_patch_scans/monkey_patch_scan-20251207_023935/report.md,48,Monkey Patch Scan Report,Next Steps,,,Add targeted tests for any retained patches with clear rationale.
.repo_studios/reports/producer_reports/monkey_patch_scans/monkey_patch_scan-20251207_133529/report.md,45,Monkey Patch Scan Report,Next Steps,,,"Review global mutations (builtins, os.environ) and confine to startup phases."
.repo_studios/reports/producer_reports/monkey_patch_scans/monkey_patch_scan-20251207_133529/report.md,46,Monkey Patch Scan Report,Next Steps,,,Replace module-scope patches with context-managed patches in tests.
.repo_studios/reports/producer_reports/monkey_patch_scans/monkey_patch_scan-20251207_133529/report.md,47,Monkey Patch Scan Report,Next Steps,,,Isolate import-time overrides behind flags or dependency injection.
.repo_studios/reports/producer_reports/monkey_patch_scans/monkey_patch_scan-20251207_133529/report.md,48,Monkey Patch Scan Report,Next Steps,,,Add targeted tests for any retained patches with clear rationale.
.repo_studios/reports/producer_reports/monkey_patch_scans/monkey_patch_scan-20251207_133804/report.md,45,Monkey Patch Scan Report,Next Steps,,,"Review global mutations (builtins, os.environ) and confine to startup phases."
.repo_studios/reports/producer_reports/monkey_patch_scans/monkey_patch_scan-20251207_133804/report.md,46,Monkey Patch Scan Report,Next Steps,,,Replace module-scope patches with context-managed patches in tests.
.repo_studios/reports/producer_reports/monkey_patch_scans/monkey_patch_scan-20251207_133804/report.md,47,Monkey Patch Scan Report,Next Steps,,,Isolate import-time overrides behind flags or dependency injection.
.repo_studios/reports/producer_reports/monkey_patch_scans/monkey_patch_scan-20251207_133804/report.md,48,Monkey Patch Scan Report,Next Steps,,,Add targeted tests for any retained patches with clear rationale.
.repo_studios/reports/producer_reports/standards_prompt_seeds/latest/latest_report.md,12,Standards Prompt Seed Report,Next Steps,,,Review seed for high-severity coverage gaps.
.repo_studios/reports/producer_reports/standards_prompt_seeds/latest/latest_report.md,13,Standards Prompt Seed Report,Next Steps,,,Feed seed into standards-aware prompt tuning flows.
.repo_studios/reports/producer_reports/standards_prompt_seeds/latest/latest_report.md,14,Standards Prompt Seed Report,Next Steps,,,Capture rationale for any warn-level inclusions.
.repo_studios/reports/producer_reports/standards_prompt_seeds/standards_prompt_seed-20251207_023935/report.md,12,Standards Prompt Seed Report,Next Steps,,,Review seed for high-severity coverage gaps.
.repo_studios/reports/producer_reports/standards_prompt_seeds/standards_prompt_seed-20251207_023935/report.md,13,Standards Prompt Seed Report,Next Steps,,,Feed seed into standards-aware prompt tuning flows.
.repo_studios/reports/producer_reports/standards_prompt_seeds/standards_prompt_seed-20251207_023935/report.md,14,Standards Prompt Seed Report,Next Steps,,,Capture rationale for any warn-level inclusions.
.repo_studios/reports/producer_reports/standards_prompt_seeds/standards_prompt_seed-20251207_133529/report.md,12,Standards Prompt Seed Report,Next Steps,,,Review seed for high-severity coverage gaps.
.repo_studios/reports/producer_reports/standards_prompt_seeds/standards_prompt_seed-20251207_133529/report.md,13,Standards Prompt Seed Report,Next Steps,,,Feed seed into standards-aware prompt tuning flows.
.repo_studios/reports/producer_reports/standards_prompt_seeds/standards_prompt_seed-20251207_133529/report.md,14,Standards Prompt Seed Report,Next Steps,,,Capture rationale for any warn-level inclusions.
.repo_studios/reports/producer_reports/standards_prompt_seeds/standards_prompt_seed-20251207_133804/report.md,12,Standards Prompt Seed Report,Next Steps,,,Review seed for high-severity coverage gaps.
.repo_studios/reports/producer_reports/standards_prompt_seeds/standards_prompt_seed-20251207_133804/report.md,13,Standards Prompt Seed Report,Next Steps,,,Feed seed into standards-aware prompt tuning flows.
.repo_studios/reports/producer_reports/standards_prompt_seeds/standards_prompt_seed-20251207_133804/report.md,14,Standards Prompt Seed Report,Next Steps,,,Capture rationale for any warn-level inclusions.
.repo_studios/reports/producer_reports/standards_prompt_seeds/standards_prompt_seed-20251207_140650/report.md,12,Standards Prompt Seed Report,Next Steps,,,Review seed for high-severity coverage gaps.
.repo_studios/reports/producer_reports/standards_prompt_seeds/standards_prompt_seed-20251207_140650/report.md,13,Standards Prompt Seed Report,Next Steps,,,Feed seed into standards-aware prompt tuning flows.
.repo_studios/reports/producer_reports/standards_prompt_seeds/standards_prompt_seed-20251207_140650/report.md,14,Standards Prompt Seed Report,Next Steps,,,Capture rationale for any warn-level inclusions.
.repo_studios/reports/producer_reports/standards_prompt_seeds/standards_prompt_seed-20251208_001445/report.md,12,Standards Prompt Seed Report,Next Steps,,,Review seed for high-severity coverage gaps.
.repo_studios/reports/producer_reports/standards_prompt_seeds/standards_prompt_seed-20251208_001445/report.md,13,Standards Prompt Seed Report,Next Steps,,,Feed seed into standards-aware prompt tuning flows.
.repo_studios/reports/producer_reports/standards_prompt_seeds/standards_prompt_seed-20251208_001445/report.md,14,Standards Prompt Seed Report,Next Steps,,,Capture rationale for any warn-level inclusions.
