folder,filename,level,heading,slug,parent_slug,description,size_bytes,modified_utc,tags,owners,status,contains_placeholder,links
.,.copilot_todo.md,h1,Task Tracker (Phase 3 Execution),task-tracker-phase-3-execution,,,295,2025-11-08T23:02:14.488500+00:00,,,,no,
.github,.github/architect.chatmode.md,h1,System Architect,system-architect,,"You are an expert system architect in this workspace. Your goal is to help design robust and scalable software systems, make high-level architectural decisions, and maintain the project's memory bank.",9635,2025-11-04T14:45:21.942680+00:00,,,,no,
.github,.github/architect.chatmode.md,h2,Memory Bank Status Rules,memory-bank-status-rules,system-architect,"You are an expert system architect in this workspace. Your goal is to help design robust and scalable software systems, make high-level architectural decisions, and maintain the project's memory bank.",9635,2025-11-04T14:45:21.942680+00:00,,,,no,
.github,.github/architect.chatmode.md,h2,Memory Bank Updates,memory-bank-updates,system-architect,"You are an expert system architect in this workspace. Your goal is to help design robust and scalable software systems, make high-level architectural decisions, and maintain the project's memory bank.",9635,2025-11-04T14:45:21.942680+00:00,,,,no,
.github,.github/architect.chatmode.md,h2,UMB (Update Memory Bank) Command,umb-update-memory-bank-command,system-architect,"You are an expert system architect in this workspace. Your goal is to help design robust and scalable software systems, make high-level architectural decisions, and maintain the project's memory bank.",9635,2025-11-04T14:45:21.942680+00:00,,,,no,
.github,.github/architect.chatmode.md,h2,Memory Bank Tool Usage Guidelines,memory-bank-tool-usage-guidelines,system-architect,"You are an expert system architect in this workspace. Your goal is to help design robust and scalable software systems, make high-level architectural decisions, and maintain the project's memory bank.",9635,2025-11-04T14:45:21.942680+00:00,,,,no,
.github,.github/architect.chatmode.md,h2,Core Responsibilities,core-responsibilities,system-architect,"You are an expert system architect in this workspace. Your goal is to help design robust and scalable software systems, make high-level architectural decisions, and maintain the project's memory bank.",9635,2025-11-04T14:45:21.942680+00:00,,,,no,
.github,.github/architect.chatmode.md,h2,Project Context,project-context,system-architect,"You are an expert system architect in this workspace. Your goal is to help design robust and scalable software systems, make high-level architectural decisions, and maintain the project's memory bank.",9635,2025-11-04T14:45:21.942680+00:00,,,,no,
.github,.github/architect.chatmode.md,h2,Guidelines,guidelines,system-architect,"You are an expert system architect in this workspace. Your goal is to help design robust and scalable software systems, make high-level architectural decisions, and maintain the project's memory bank.",9635,2025-11-04T14:45:21.942680+00:00,,,,no,
.github,.github/ask.chatmode.md,h1,Project Assistant,project-assistant,,"You are a knowledgeable assistant in this workspace. Your goal is to help users understand and navigate their project by providing accurate, context-aware responses based on the project's memory bank.",5874,2025-11-04T14:45:21.943680+00:00,,,,no,
.github,.github/ask.chatmode.md,h2,Memory Bank Status Rules,memory-bank-status-rules,project-assistant,"You are a knowledgeable assistant in this workspace. Your goal is to help users understand and navigate their project by providing accurate, context-aware responses based on the project's memory bank.",5874,2025-11-04T14:45:21.943680+00:00,,,,no,
.github,.github/ask.chatmode.md,h2,Memory Bank Tool Usage Guidelines,memory-bank-tool-usage-guidelines,project-assistant,"You are a knowledgeable assistant in this workspace. Your goal is to help users understand and navigate their project by providing accurate, context-aware responses based on the project's memory bank.",5874,2025-11-04T14:45:21.943680+00:00,,,,no,
.github,.github/ask.chatmode.md,h2,Core Responsibilities,core-responsibilities,project-assistant,"You are a knowledgeable assistant in this workspace. Your goal is to help users understand and navigate their project by providing accurate, context-aware responses based on the project's memory bank.",5874,2025-11-04T14:45:21.943680+00:00,,,,no,
.github,.github/ask.chatmode.md,h2,Project Context,project-context,project-assistant,"You are a knowledgeable assistant in this workspace. Your goal is to help users understand and navigate their project by providing accurate, context-aware responses based on the project's memory bank.",5874,2025-11-04T14:45:21.943680+00:00,,,,no,
.github,.github/ask.chatmode.md,h2,Guidelines,guidelines,project-assistant,"You are a knowledgeable assistant in this workspace. Your goal is to help users understand and navigate their project by providing accurate, context-aware responses based on the project's memory bank.",5874,2025-11-04T14:45:21.943680+00:00,,,,no,
.github,.github/code.chatmode.md,h1,Code Expert,code-expert,,"You are an expert programmer in this workspace. Your goal is to help write, debug, and refactor code while maintaining high standards of quality and following established project patterns.",7684,2025-11-04T14:45:21.943680+00:00,,,,no,
.github,.github/code.chatmode.md,h2,Memory Bank Status Rules,memory-bank-status-rules,code-expert,"You are an expert programmer in this workspace. Your goal is to help write, debug, and refactor code while maintaining high standards of quality and following established project patterns.",7684,2025-11-04T14:45:21.943680+00:00,,,,no,
.github,.github/code.chatmode.md,h2,Memory Bank Updates,memory-bank-updates,code-expert,"You are an expert programmer in this workspace. Your goal is to help write, debug, and refactor code while maintaining high standards of quality and following established project patterns.",7684,2025-11-04T14:45:21.943680+00:00,,,,no,
.github,.github/code.chatmode.md,h2,UMB (Update Memory Bank) Command,umb-update-memory-bank-command,code-expert,"You are an expert programmer in this workspace. Your goal is to help write, debug, and refactor code while maintaining high standards of quality and following established project patterns.",7684,2025-11-04T14:45:21.943680+00:00,,,,no,
.github,.github/code.chatmode.md,h2,Memory Bank Tool Usage Guidelines,memory-bank-tool-usage-guidelines,code-expert,"You are an expert programmer in this workspace. Your goal is to help write, debug, and refactor code while maintaining high standards of quality and following established project patterns.",7684,2025-11-04T14:45:21.943680+00:00,,,,no,
.github,.github/code.chatmode.md,h2,Core Responsibilities,core-responsibilities,code-expert,"You are an expert programmer in this workspace. Your goal is to help write, debug, and refactor code while maintaining high standards of quality and following established project patterns.",7684,2025-11-04T14:45:21.943680+00:00,,,,no,
.github,.github/code.chatmode.md,h2,Project Context,project-context,code-expert,"You are an expert programmer in this workspace. Your goal is to help write, debug, and refactor code while maintaining high standards of quality and following established project patterns.",7684,2025-11-04T14:45:21.943680+00:00,,,,no,
.github,.github/code.chatmode.md,h2,Guidelines,guidelines,code-expert,"You are an expert programmer in this workspace. Your goal is to help write, debug, and refactor code while maintaining high standards of quality and following established project patterns.",7684,2025-11-04T14:45:21.943680+00:00,,,,no,
.github,.github/copilot-instructions.md,h1,Repo Studios Copilot Playbook,repo-studios-copilot-playbook,,,7624,2025-11-30T01:23:50.960100+00:00,,,,no,
.github,.github/copilot-instructions.md,h2,Big Picture,big-picture,repo-studios-copilot-playbook,,7624,2025-11-30T01:23:50.960100+00:00,,,,no,
.github,.github/copilot-instructions.md,h2,Core Workflows,core-workflows,repo-studios-copilot-playbook,,7624,2025-11-30T01:23:50.960100+00:00,,,,no,
.github,.github/copilot-instructions.md,h2,Command Center Orchestrator,command-center-orchestrator,repo-studios-copilot-playbook,,7624,2025-11-30T01:23:50.960100+00:00,,,,no,
.github,.github/copilot-instructions.md,h2,Conventions & Patterns,conventions-patterns,repo-studios-copilot-playbook,,7624,2025-11-30T01:23:50.960100+00:00,,,,no,
.github,.github/copilot-instructions.md,h2,Testing & Validation,testing-validation,repo-studios-copilot-playbook,,7624,2025-11-30T01:23:50.960100+00:00,,,,no,
.github,.github/copilot-instructions.md,h2,Reference Material,reference-material,repo-studios-copilot-playbook,,7624,2025-11-30T01:23:50.960100+00:00,,,,no,
.github,.github/copilot-instructions.md,h2,Collaboration Tips,collaboration-tips,repo-studios-copilot-playbook,,7624,2025-11-30T01:23:50.960100+00:00,,,,no,
.github,.github/copilot-instructions.md,h2,Terminal Coordination,terminal-coordination,repo-studios-copilot-playbook,,7624,2025-11-30T01:23:50.960100+00:00,,,,no,
.github,.github/debug.chatmode.md,h1,Debug Expert,debug-expert,,"You are a debugging expert in this workspace. Your goal is to help users identify, analyze, and fix issues in their codebase while maintaining the project's integrity.",7534,2025-11-04T14:45:21.944681+00:00,,,,no,
.github,.github/debug.chatmode.md,h2,Memory Bank Status Rules,memory-bank-status-rules,debug-expert,"You are a debugging expert in this workspace. Your goal is to help users identify, analyze, and fix issues in their codebase while maintaining the project's integrity.",7534,2025-11-04T14:45:21.944681+00:00,,,,no,
.github,.github/debug.chatmode.md,h2,Memory Bank Updates,memory-bank-updates,debug-expert,"You are a debugging expert in this workspace. Your goal is to help users identify, analyze, and fix issues in their codebase while maintaining the project's integrity.",7534,2025-11-04T14:45:21.944681+00:00,,,,no,
.github,.github/debug.chatmode.md,h2,UMB (Update Memory Bank) Command,umb-update-memory-bank-command,debug-expert,"You are a debugging expert in this workspace. Your goal is to help users identify, analyze, and fix issues in their codebase while maintaining the project's integrity.",7534,2025-11-04T14:45:21.944681+00:00,,,,no,
.github,.github/debug.chatmode.md,h2,Memory Bank Tool Usage Guidelines,memory-bank-tool-usage-guidelines,debug-expert,"You are a debugging expert in this workspace. Your goal is to help users identify, analyze, and fix issues in their codebase while maintaining the project's integrity.",7534,2025-11-04T14:45:21.944681+00:00,,,,no,
.github,.github/debug.chatmode.md,h2,Core Responsibilities,core-responsibilities,debug-expert,"You are a debugging expert in this workspace. Your goal is to help users identify, analyze, and fix issues in their codebase while maintaining the project's integrity.",7534,2025-11-04T14:45:21.944681+00:00,,,,no,
.github,.github/debug.chatmode.md,h2,Project Context,project-context,debug-expert,"You are a debugging expert in this workspace. Your goal is to help users identify, analyze, and fix issues in their codebase while maintaining the project's integrity.",7534,2025-11-04T14:45:21.944681+00:00,,,,no,
.github,.github/debug.chatmode.md,h2,Guidelines,guidelines,debug-expert,"You are a debugging expert in this workspace. Your goal is to help users identify, analyze, and fix issues in their codebase while maintaining the project's integrity.",7534,2025-11-04T14:45:21.944681+00:00,,,,no,
.repo_studios,.repo_studios/README.md,h1,Repo Studios Automation Hub,repo-studios-automation-hub,,"This directory houses the automation runtime that keeps Repo Studios scripts, reports, and tests aligned. Every CLI under `.repo_studios/scripts/` follows the same `run(argv)` pattern so they can be imported safely in orchestrators, tests,…",4932,2025-11-08T23:02:48.606878+00:00,,,,no,
.repo_studios,.repo_studios/README.md,h2,What lives here,what-lives-here,repo-studios-automation-hub,"This directory houses the automation runtime that keeps Repo Studios scripts, reports, and tests aligned. Every CLI under `.repo_studios/scripts/` follows the same `run(argv)` pattern so they can be imported safely in orchestrators, tests,…",4932,2025-11-08T23:02:48.606878+00:00,,,,no,
.repo_studios,.repo_studios/README.md,h2,Primary entry points,primary-entry-points,repo-studios-automation-hub,"This directory houses the automation runtime that keeps Repo Studios scripts, reports, and tests aligned. Every CLI under `.repo_studios/scripts/` follows the same `run(argv)` pattern so they can be imported safely in orchestrators, tests,…",4932,2025-11-08T23:02:48.606878+00:00,,,,no,
.repo_studios,.repo_studios/README.md,h2,Working agreements,working-agreements,repo-studios-automation-hub,"This directory houses the automation runtime that keeps Repo Studios scripts, reports, and tests aligned. Every CLI under `.repo_studios/scripts/` follows the same `run(argv)` pattern so they can be imported safely in orchestrators, tests,…",4932,2025-11-08T23:02:48.606878+00:00,,,,no,
.repo_studios/agent_notes,.repo_studios/agent_notes/README.md,h1,Agent Notes Index,agent-notes-index,,"This workspace hosts timestamped YAML entries that capture substantive actions, discoveries, and decisions made by the coding agent. Treat it as a lightweight knowledge base that agents and developers can reference over time.",2205,2025-10-21T12:02:58.646317+00:00,,,,no,
.repo_studios/agent_notes,.repo_studios/agent_notes/README.md,h2,Folder Taxonomy,folder-taxonomy,agent-notes-index,"This workspace hosts timestamped YAML entries that capture substantive actions, discoveries, and decisions made by the coding agent. Treat it as a lightweight knowledge base that agents and developers can reference over time.",2205,2025-10-21T12:02:58.646317+00:00,,,,no,
.repo_studios/agent_notes,.repo_studios/agent_notes/README.md,h2,File Naming Convention,file-naming-convention,agent-notes-index,"This workspace hosts timestamped YAML entries that capture substantive actions, discoveries, and decisions made by the coding agent. Treat it as a lightweight knowledge base that agents and developers can reference over time.",2205,2025-10-21T12:02:58.646317+00:00,,,,no,
.repo_studios/agent_notes,.repo_studios/agent_notes/README.md,h2,YAML Structure,yaml-structure,agent-notes-index,"This workspace hosts timestamped YAML entries that capture substantive actions, discoveries, and decisions made by the coding agent. Treat it as a lightweight knowledge base that agents and developers can reference over time.",2205,2025-10-21T12:02:58.646317+00:00,,,,no,
.repo_studios/agent_notes/meta,.repo_studios/agent_notes/meta/phase1_foundation_review_2025-10-18_0138.md,h1,Phase 1 Foundation Review,phase-1-foundation-review,,,1837,2025-10-21T12:02:58.653326+00:00,,,,no,
.repo_studios/agent_notes/meta,.repo_studios/agent_notes/meta/phase1_foundation_review_2025-10-18_0138.md,h2,Context,context,phase-1-foundation-review,,1837,2025-10-21T12:02:58.653326+00:00,,,,no,
.repo_studios/agent_notes/meta,.repo_studios/agent_notes/meta/phase1_foundation_review_2025-10-18_0138.md,h2,Actions,actions,phase-1-foundation-review,,1837,2025-10-21T12:02:58.653326+00:00,,,,no,
.repo_studios/agent_notes/meta,.repo_studios/agent_notes/meta/phase1_foundation_review_2025-10-18_0138.md,h2,Outcomes,outcomes,phase-1-foundation-review,,1837,2025-10-21T12:02:58.653326+00:00,,,,no,
.repo_studios/agent_notes/meta,.repo_studios/agent_notes/meta/phase1_foundation_review_2025-10-18_0138.md,h2,Follow-up,follow-up,phase-1-foundation-review,,1837,2025-10-21T12:02:58.653326+00:00,,,,no,
.repo_studios,.repo_studios/alignment_protocol.md,h1,Alignment Protocol: AI & Developer Collaboration,alignment-protocol-ai-developer-collaboration,,"This document captures the working blueprint for collaborative cycles between the coding agent (GitHub Copilot) and the human developer. It is meant to stay lightweight, evolve over time, and provide repeatable guardrails for future…",4269,2025-10-21T14:59:31.821261+00:00,,,,no,
.repo_studios,.repo_studios/alignment_protocol.md,h2,1. Purpose & Principles,1-purpose-principles,alignment-protocol-ai-developer-collaboration,"This document captures the working blueprint for collaborative cycles between the coding agent (GitHub Copilot) and the human developer. It is meant to stay lightweight, evolve over time, and provide repeatable guardrails for future…",4269,2025-10-21T14:59:31.821261+00:00,,,,no,
.repo_studios,.repo_studios/alignment_protocol.md,h2,2. Audience,2-audience,alignment-protocol-ai-developer-collaboration,"This document captures the working blueprint for collaborative cycles between the coding agent (GitHub Copilot) and the human developer. It is meant to stay lightweight, evolve over time, and provide repeatable guardrails for future…",4269,2025-10-21T14:59:31.821261+00:00,,,,no,
.repo_studios,.repo_studios/alignment_protocol.md,h2,3. Collaboration Phases,3-collaboration-phases,alignment-protocol-ai-developer-collaboration,"This document captures the working blueprint for collaborative cycles between the coding agent (GitHub Copilot) and the human developer. It is meant to stay lightweight, evolve over time, and provide repeatable guardrails for future…",4269,2025-10-21T14:59:31.821261+00:00,,,,no,
.repo_studios,.repo_studios/alignment_protocol.md,h2,4. Artifacts & Record Keeping,4-artifacts-record-keeping,alignment-protocol-ai-developer-collaboration,"This document captures the working blueprint for collaborative cycles between the coding agent (GitHub Copilot) and the human developer. It is meant to stay lightweight, evolve over time, and provide repeatable guardrails for future…",4269,2025-10-21T14:59:31.821261+00:00,,,,no,
.repo_studios,.repo_studios/alignment_protocol.md,h2,5. Decision Logging,5-decision-logging,alignment-protocol-ai-developer-collaboration,"This document captures the working blueprint for collaborative cycles between the coding agent (GitHub Copilot) and the human developer. It is meant to stay lightweight, evolve over time, and provide repeatable guardrails for future…",4269,2025-10-21T14:59:31.821261+00:00,,,,no,
.repo_studios,.repo_studios/alignment_protocol.md,h2,6. Extending the Protocol,6-extending-the-protocol,alignment-protocol-ai-developer-collaboration,"This document captures the working blueprint for collaborative cycles between the coding agent (GitHub Copilot) and the human developer. It is meant to stay lightweight, evolve over time, and provide repeatable guardrails for future…",4269,2025-10-21T14:59:31.821261+00:00,,,,no,
.repo_studios,.repo_studios/alignment_protocol.md,h2,7. Open Items,7-open-items,alignment-protocol-ai-developer-collaboration,"This document captures the working blueprint for collaborative cycles between the coding agent (GitHub Copilot) and the human developer. It is meant to stay lightweight, evolve over time, and provide repeatable guardrails for future…",4269,2025-10-21T14:59:31.821261+00:00,,,,no,
.repo_studios/command_center,.repo_studios/command_center/README.md,h1,Library Integration Protocol,library-integration-protocol,,"Centralise duplicate-prone helpers in `.repo_studios/command_center/scripts/libraries/` so producers, summarisers, and orchestrators share the same implementation. This folder is a **staging area** until the canonical…",14886,2025-11-28T14:18:05.271026+00:00,,,,no,
.repo_studios/command_center,.repo_studios/command_center/README.md,h2,Directory Layout,directory-layout,library-integration-protocol,"Centralise duplicate-prone helpers in `.repo_studios/command_center/scripts/libraries/` so producers, summarisers, and orchestrators share the same implementation. This folder is a **staging area** until the canonical…",14886,2025-11-28T14:18:05.271026+00:00,,,,no,
.repo_studios/command_center,.repo_studios/command_center/README.md,h2,Shared Helper Modules,shared-helper-modules,library-integration-protocol,"Centralise duplicate-prone helpers in `.repo_studios/command_center/scripts/libraries/` so producers, summarisers, and orchestrators share the same implementation. This folder is a **staging area** until the canonical…",14886,2025-11-28T14:18:05.271026+00:00,,,,no,
.repo_studios/command_center,.repo_studios/command_center/README.md,h2,Artifact Retention Policy,artifact-retention-policy,library-integration-protocol,"Centralise duplicate-prone helpers in `.repo_studios/command_center/scripts/libraries/` so producers, summarisers, and orchestrators share the same implementation. This folder is a **staging area** until the canonical…",14886,2025-11-28T14:18:05.271026+00:00,,,,no,
.repo_studios/command_center,.repo_studios/command_center/README.md,h2,Micro-Cycle Blueprint,micro-cycle-blueprint,library-integration-protocol,"Centralise duplicate-prone helpers in `.repo_studios/command_center/scripts/libraries/` so producers, summarisers, and orchestrators share the same implementation. This folder is a **staging area** until the canonical…",14886,2025-11-28T14:18:05.271026+00:00,,,,no,
.repo_studios/command_center,.repo_studios/command_center/README.md,h2,Automation Entry Points,automation-entry-points,library-integration-protocol,"Centralise duplicate-prone helpers in `.repo_studios/command_center/scripts/libraries/` so producers, summarisers, and orchestrators share the same implementation. This folder is a **staging area** until the canonical…",14886,2025-11-28T14:18:05.271026+00:00,,,,no,
.repo_studios/command_center,.repo_studios/command_center/README.md,h2,Usage Instructions,usage-instructions,library-integration-protocol,"Centralise duplicate-prone helpers in `.repo_studios/command_center/scripts/libraries/` so producers, summarisers, and orchestrators share the same implementation. This folder is a **staging area** until the canonical…",14886,2025-11-28T14:18:05.271026+00:00,,,,no,
.repo_studios/command_center,.repo_studios/command_center/README.md,h2,References,references,library-integration-protocol,"Centralise duplicate-prone helpers in `.repo_studios/command_center/scripts/libraries/` so producers, summarisers, and orchestrators share the same implementation. This folder is a **staging area** until the canonical…",14886,2025-11-28T14:18:05.271026+00:00,,,,no,
.repo_studios/command_center,.repo_studios/command_center/README.md,h2,Onboarding Checklist,onboarding-checklist,library-integration-protocol,"Centralise duplicate-prone helpers in `.repo_studios/command_center/scripts/libraries/` so producers, summarisers, and orchestrators share the same implementation. This folder is a **staging area** until the canonical…",14886,2025-11-28T14:18:05.271026+00:00,,,,no,
.repo_studios/command_center/checklists,.repo_studios/command_center/checklists/2025-10-24.md,h1,Library Integration Alignment Plan,library-integration-alignment-plan,,"Legend: In discovery = gathering facts, Not started = pending alignment, Deferred = intentionally out of scope for now.",14558,2025-10-27T17:59:50.299412+00:00,,,,yes,
.repo_studios/command_center/checklists,.repo_studios/command_center/checklists/2025-10-24.md,h2,Phase Overview,phase-overview,library-integration-alignment-plan,"Legend: In discovery = gathering facts, Not started = pending alignment, Deferred = intentionally out of scope for now.",14558,2025-10-27T17:59:50.299412+00:00,,,,yes,
.repo_studios/command_center/checklists,.repo_studios/command_center/checklists/2025-10-24.md,h2,Phase 1 – Foundation Setup,phase-1-foundation-setup,library-integration-alignment-plan,"Legend: In discovery = gathering facts, Not started = pending alignment, Deferred = intentionally out of scope for now.",14558,2025-10-27T17:59:50.299412+00:00,,,,yes,
.repo_studios/command_center/checklists,.repo_studios/command_center/checklists/2025-10-24.md,h2,Phase 2 – Duplicate Detection Tool,phase-2-duplicate-detection-tool,library-integration-alignment-plan,"Legend: In discovery = gathering facts, Not started = pending alignment, Deferred = intentionally out of scope for now.",14558,2025-10-27T17:59:50.299412+00:00,,,,yes,
.repo_studios/command_center/checklists,.repo_studios/command_center/checklists/2025-10-24.md,h2,Phase 3 – Manual Extraction Validation,phase-3-manual-extraction-validation,library-integration-alignment-plan,"Legend: In discovery = gathering facts, Not started = pending alignment, Deferred = intentionally out of scope for now.",14558,2025-10-27T17:59:50.299412+00:00,,,,yes,
.repo_studios/command_center/checklists,.repo_studios/command_center/checklists/2025-10-24.md,h2,Phase 4 – Automated Extraction,phase-4-automated-extraction,library-integration-alignment-plan,"Legend: In discovery = gathering facts, Not started = pending alignment, Deferred = intentionally out of scope for now.",14558,2025-10-27T17:59:50.299412+00:00,,,,yes,
.repo_studios/command_center/checklists,.repo_studios/command_center/checklists/2025-10-24.md,h2,Phase 5 – Integration with Repo Studios,phase-5-integration-with-repo-studios,library-integration-alignment-plan,"Legend: In discovery = gathering facts, Not started = pending alignment, Deferred = intentionally out of scope for now.",14558,2025-10-27T17:59:50.299412+00:00,,,,yes,
.repo_studios/command_center/checklists,.repo_studios/command_center/checklists/2025-10-24.md,h2,Phase 6 – AI Prompt Engineering,phase-6-ai-prompt-engineering,library-integration-alignment-plan,"Legend: In discovery = gathering facts, Not started = pending alignment, Deferred = intentionally out of scope for now.",14558,2025-10-27T17:59:50.299412+00:00,,,,yes,
.repo_studios/command_center/checklists,.repo_studios/command_center/checklists/2025-10-24.md,h2,Phase 7 – Validation & Hardening,phase-7-validation-hardening,library-integration-alignment-plan,"Legend: In discovery = gathering facts, Not started = pending alignment, Deferred = intentionally out of scope for now.",14558,2025-10-27T17:59:50.299412+00:00,,,,yes,
.repo_studios/command_center/checklists,.repo_studios/command_center/checklists/2025-10-24.md,h2,Phase 8 – Scale to New Projects,phase-8-scale-to-new-projects,library-integration-alignment-plan,"Legend: In discovery = gathering facts, Not started = pending alignment, Deferred = intentionally out of scope for now.",14558,2025-10-27T17:59:50.299412+00:00,,,,yes,
.repo_studios/command_center/checklists,.repo_studios/command_center/checklists/2025-10-24.md,h2,Decisions Captured,decisions-captured,library-integration-alignment-plan,"Legend: In discovery = gathering facts, Not started = pending alignment, Deferred = intentionally out of scope for now.",14558,2025-10-27T17:59:50.299412+00:00,,,,yes,
.repo_studios/command_center/checklists,.repo_studios/command_center/checklists/2025-10-24.md,h2,Outstanding Considerations,outstanding-considerations,library-integration-alignment-plan,"Legend: In discovery = gathering facts, Not started = pending alignment, Deferred = intentionally out of scope for now.",14558,2025-10-27T17:59:50.299412+00:00,,,,yes,
.repo_studios/command_center/checklists,.repo_studios/command_center/checklists/2025-10-24.md,h2,Design Decisions Required,design-decisions-required,library-integration-alignment-plan,"Legend: In discovery = gathering facts, Not started = pending alignment, Deferred = intentionally out of scope for now.",14558,2025-10-27T17:59:50.299412+00:00,,,,yes,
.repo_studios/command_center,.repo_studios/command_center/command_center_architecture.md,h1,Command Center Architecture,command-center-architecture,,_Last updated: 2025-10-27_,4427,2025-11-06T09:44:23.975246+00:00,,,,yes,
.repo_studios/command_center,.repo_studios/command_center/command_center_architecture.md,h2,Overview,overview,command-center-architecture,_Last updated: 2025-10-27_,4427,2025-11-06T09:44:23.975246+00:00,,,,yes,
.repo_studios/command_center,.repo_studios/command_center/command_center_architecture.md,h2,Component Map,component-map,command-center-architecture,_Last updated: 2025-10-27_,4427,2025-11-06T09:44:23.975246+00:00,,,,yes,
.repo_studios/command_center,.repo_studios/command_center/command_center_architecture.md,h2,Data Flow,data-flow,command-center-architecture,_Last updated: 2025-10-27_,4427,2025-11-06T09:44:23.975246+00:00,,,,yes,
.repo_studios/command_center,.repo_studios/command_center/command_center_architecture.md,h2,Reporting & Retention,reporting-retention,command-center-architecture,_Last updated: 2025-10-27_,4427,2025-11-06T09:44:23.975246+00:00,,,,yes,
.repo_studios/command_center,.repo_studios/command_center/command_center_architecture.md,h2,Current State (2025-10-27 Run),current-state-2025-10-27-run,command-center-architecture,_Last updated: 2025-10-27_,4427,2025-11-06T09:44:23.975246+00:00,,,,yes,
.repo_studios/command_center,.repo_studios/command_center/command_center_architecture.md,h2,Planned Enhancements,planned-enhancements,command-center-architecture,_Last updated: 2025-10-27_,4427,2025-11-06T09:44:23.975246+00:00,,,,yes,
.repo_studios/command_center/docs,.repo_studios/command_center/docs/build_paths_extraction_brief.md,h1,`build_paths` / `build_options` Extraction Brief,buildpaths-buildoptions-extraction-brief,,This brief captures the concrete plan for centralising the duplicated `build_paths` and `build_options` helpers into the shared `libraries` staging package.,4461,2025-10-30T11:23:59.998614+00:00,,,,no,
.repo_studios/command_center/docs,.repo_studios/command_center/docs/build_paths_extraction_brief.md,h2,Objectives,objectives,buildpaths-buildoptions-extraction-brief,This brief captures the concrete plan for centralising the duplicated `build_paths` and `build_options` helpers into the shared `libraries` staging package.,4461,2025-10-30T11:23:59.998614+00:00,,,,no,
.repo_studios/command_center/docs,.repo_studios/command_center/docs/build_paths_extraction_brief.md,h2,Core Deliverables,core-deliverables,buildpaths-buildoptions-extraction-brief,This brief captures the concrete plan for centralising the duplicated `build_paths` and `build_options` helpers into the shared `libraries` staging package.,4461,2025-10-30T11:23:59.998614+00:00,,,,no,
.repo_studios/command_center/docs,.repo_studios/command_center/docs/build_paths_extraction_brief.md,h2,Pilot Scope,pilot-scope,buildpaths-buildoptions-extraction-brief,This brief captures the concrete plan for centralising the duplicated `build_paths` and `build_options` helpers into the shared `libraries` staging package.,4461,2025-10-30T11:23:59.998614+00:00,,,,no,
.repo_studios/command_center/docs,.repo_studios/command_center/docs/build_paths_extraction_brief.md,h2,Test Strategy,test-strategy,buildpaths-buildoptions-extraction-brief,This brief captures the concrete plan for centralising the duplicated `build_paths` and `build_options` helpers into the shared `libraries` staging package.,4461,2025-10-30T11:23:59.998614+00:00,,,,no,
.repo_studios/command_center/docs,.repo_studios/command_center/docs/build_paths_extraction_brief.md,h2,Migration Sequence,migration-sequence,buildpaths-buildoptions-extraction-brief,This brief captures the concrete plan for centralising the duplicated `build_paths` and `build_options` helpers into the shared `libraries` staging package.,4461,2025-10-30T11:23:59.998614+00:00,,,,no,
.repo_studios/command_center/docs,.repo_studios/command_center/docs/build_paths_extraction_brief.md,h2,Documentation & Reporting,documentation-reporting,buildpaths-buildoptions-extraction-brief,This brief captures the concrete plan for centralising the duplicated `build_paths` and `build_options` helpers into the shared `libraries` staging package.,4461,2025-10-30T11:23:59.998614+00:00,,,,no,
.repo_studios/command_center/docs,.repo_studios/command_center/docs/build_paths_extraction_brief.md,h2,Open Questions,open-questions,buildpaths-buildoptions-extraction-brief,This brief captures the concrete plan for centralising the duplicated `build_paths` and `build_options` helpers into the shared `libraries` staging package.,4461,2025-10-30T11:23:59.998614+00:00,,,,no,
.repo_studios/command_center/docs/code_library,.repo_studios/command_center/docs/code_library/code_library_status.md,h1,Code Library Integration Status — 2025-11-23,code-library-integration-status-2025-11-23,,"Summarize the current state of Repo Studios’ duplicate-remediation and shared-library initiative so future contributors can quickly understand the existing tooling, documentation, and open work streams before resuming development. This…",14122,2025-12-01T01:01:45.347271+00:00,,,,yes,
.repo_studios/command_center/docs/code_library,.repo_studios/command_center/docs/code_library/code_library_status.md,h2,Purpose,purpose,code-library-integration-status-2025-11-23,"Summarize the current state of Repo Studios’ duplicate-remediation and shared-library initiative so future contributors can quickly understand the existing tooling, documentation, and open work streams before resuming development. This…",14122,2025-12-01T01:01:45.347271+00:00,,,,yes,
.repo_studios/command_center/docs/code_library,.repo_studios/command_center/docs/code_library/code_library_status.md,h2,5W1H Snapshot,5w1h-snapshot,code-library-integration-status-2025-11-23,"Summarize the current state of Repo Studios’ duplicate-remediation and shared-library initiative so future contributors can quickly understand the existing tooling, documentation, and open work streams before resuming development. This…",14122,2025-12-01T01:01:45.347271+00:00,,,,yes,
.repo_studios/command_center/docs/code_library,.repo_studios/command_center/docs/code_library/code_library_status.md,h2,Current Assets,current-assets,code-library-integration-status-2025-11-23,"Summarize the current state of Repo Studios’ duplicate-remediation and shared-library initiative so future contributors can quickly understand the existing tooling, documentation, and open work streams before resuming development. This…",14122,2025-12-01T01:01:45.347271+00:00,,,,yes,
.repo_studios/command_center/docs/code_library,.repo_studios/command_center/docs/code_library/code_library_status.md,h2,Progress Recap,progress-recap,code-library-integration-status-2025-11-23,"Summarize the current state of Repo Studios’ duplicate-remediation and shared-library initiative so future contributors can quickly understand the existing tooling, documentation, and open work streams before resuming development. This…",14122,2025-12-01T01:01:45.347271+00:00,,,,yes,
.repo_studios/command_center/docs/code_library,.repo_studios/command_center/docs/code_library/code_library_status.md,h2,Outstanding Work,outstanding-work,code-library-integration-status-2025-11-23,"Summarize the current state of Repo Studios’ duplicate-remediation and shared-library initiative so future contributors can quickly understand the existing tooling, documentation, and open work streams before resuming development. This…",14122,2025-12-01T01:01:45.347271+00:00,,,,yes,
.repo_studios/command_center/docs/code_library,.repo_studios/command_center/docs/code_library/code_library_status.md,h2,Key References,key-references,code-library-integration-status-2025-11-23,"Summarize the current state of Repo Studios’ duplicate-remediation and shared-library initiative so future contributors can quickly understand the existing tooling, documentation, and open work streams before resuming development. This…",14122,2025-12-01T01:01:45.347271+00:00,,,,yes,
.repo_studios/command_center/docs/code_library,.repo_studios/command_center/docs/code_library/code_library_status.md,h2,Suggested Next Actions (for the next contributor),suggested-next-actions-for-the-next-contributor,code-library-integration-status-2025-11-23,"Summarize the current state of Repo Studios’ duplicate-remediation and shared-library initiative so future contributors can quickly understand the existing tooling, documentation, and open work streams before resuming development. This…",14122,2025-12-01T01:01:45.347271+00:00,,,,yes,
.repo_studios/command_center/docs/code_library,.repo_studios/command_center/docs/code_library/code_library_status.md,h2,Maintenance Tips,maintenance-tips,code-library-integration-status-2025-11-23,"Summarize the current state of Repo Studios’ duplicate-remediation and shared-library initiative so future contributors can quickly understand the existing tooling, documentation, and open work streams before resuming development. This…",14122,2025-12-01T01:01:45.347271+00:00,,,,yes,
.repo_studios/command_center/docs/code_library,.repo_studios/command_center/docs/code_library/helper_usage_patterns.md,h1,Command Center Helper Usage Patterns — 2025-11-30,command-center-helper-usage-patterns-2025-11-30,,"Capture how the Phase 2 shared helpers are intended to be wired into topic orchestrators so engineers and agents can reuse them consistently. Each section lists the helper location, dependencies, execution contract, and verification tests.",6829,2025-12-01T00:53:06.675177+00:00,,,,no,
.repo_studios/command_center/docs/code_library,.repo_studios/command_center/docs/code_library/helper_usage_patterns.md,h2,Scope,scope,command-center-helper-usage-patterns-2025-11-30,"Capture how the Phase 2 shared helpers are intended to be wired into topic orchestrators so engineers and agents can reuse them consistently. Each section lists the helper location, dependencies, execution contract, and verification tests.",6829,2025-12-01T00:53:06.675177+00:00,,,,no,
.repo_studios/command_center/docs/code_library,.repo_studios/command_center/docs/code_library/helper_usage_patterns.md,h2,Topic Pipeline Assembly,topic-pipeline-assembly,command-center-helper-usage-patterns-2025-11-30,"Capture how the Phase 2 shared helpers are intended to be wired into topic orchestrators so engineers and agents can reuse them consistently. Each section lists the helper location, dependencies, execution contract, and verification tests.",6829,2025-12-01T00:53:06.675177+00:00,,,,no,
.repo_studios/command_center/docs/code_library,.repo_studios/command_center/docs/code_library/helper_usage_patterns.md,h2,Summarizer Runner Integration,summarizer-runner-integration,command-center-helper-usage-patterns-2025-11-30,"Capture how the Phase 2 shared helpers are intended to be wired into topic orchestrators so engineers and agents can reuse them consistently. Each section lists the helper location, dependencies, execution contract, and verification tests.",6829,2025-12-01T00:53:06.675177+00:00,,,,no,
.repo_studios/command_center/docs/code_library,.repo_studios/command_center/docs/code_library/helper_usage_patterns.md,h2,Telemetry Emitters,telemetry-emitters,command-center-helper-usage-patterns-2025-11-30,"Capture how the Phase 2 shared helpers are intended to be wired into topic orchestrators so engineers and agents can reuse them consistently. Each section lists the helper location, dependencies, execution contract, and verification tests.",6829,2025-12-01T00:53:06.675177+00:00,,,,no,
.repo_studios/command_center/docs/code_library,.repo_studios/command_center/docs/code_library/helper_usage_patterns.md,h2,Catalog Registry,catalog-registry,command-center-helper-usage-patterns-2025-11-30,"Capture how the Phase 2 shared helpers are intended to be wired into topic orchestrators so engineers and agents can reuse them consistently. Each section lists the helper location, dependencies, execution contract, and verification tests.",6829,2025-12-01T00:53:06.675177+00:00,,,,no,
.repo_studios/command_center/docs/code_library,.repo_studios/command_center/docs/code_library/helper_usage_patterns.md,h2,CLI Integration Checklist,cli-integration-checklist,command-center-helper-usage-patterns-2025-11-30,"Capture how the Phase 2 shared helpers are intended to be wired into topic orchestrators so engineers and agents can reuse them consistently. Each section lists the helper location, dependencies, execution contract, and verification tests.",6829,2025-12-01T00:53:06.675177+00:00,,,,no,
.repo_studios/command_center/docs/code_library,.repo_studios/command_center/docs/code_library/helper_usage_patterns.md,h2,References,references,command-center-helper-usage-patterns-2025-11-30,"Capture how the Phase 2 shared helpers are intended to be wired into topic orchestrators so engineers and agents can reuse them consistently. Each section lists the helper location, dependencies, execution contract, and verification tests.",6829,2025-12-01T00:53:06.675177+00:00,,,,no,
.repo_studios/command_center/docs,.repo_studios/command_center/docs/decision_log.md,h1,Decision Log,decision-log,,,23312,2025-12-05T02:36:35.387302+00:00,,,,yes,
.repo_studios/command_center/docs,.repo_studios/command_center/docs/duplicate_detection_schema_alignment.md,h1,Duplicate Detection Schema Alignment – 2025-10-24,duplicate-detection-schema-alignment-2025-10-24,,"Translate `scan_code_duplicates.py` output into the data products Repo Studios already consumes (health-suite summaries, companion analysis exports, and future automation inputs).",4145,2025-10-25T14:24:46.937636+00:00,,,,no,
.repo_studios/command_center/docs,.repo_studios/command_center/docs/duplicate_detection_schema_alignment.md,h2,Goal,goal,duplicate-detection-schema-alignment-2025-10-24,"Translate `scan_code_duplicates.py` output into the data products Repo Studios already consumes (health-suite summaries, companion analysis exports, and future automation inputs).",4145,2025-10-25T14:24:46.937636+00:00,,,,no,
.repo_studios/command_center/docs,.repo_studios/command_center/docs/duplicate_detection_schema_alignment.md,h2,Source Schemas,source-schemas,duplicate-detection-schema-alignment-2025-10-24,"Translate `scan_code_duplicates.py` output into the data products Repo Studios already consumes (health-suite summaries, companion analysis exports, and future automation inputs).",4145,2025-10-25T14:24:46.937636+00:00,,,,no,
.repo_studios/command_center/docs,.repo_studios/command_center/docs/duplicate_detection_schema_alignment.md,h2,Field Mapping,field-mapping,duplicate-detection-schema-alignment-2025-10-24,"Translate `scan_code_duplicates.py` output into the data products Repo Studios already consumes (health-suite summaries, companion analysis exports, and future automation inputs).",4145,2025-10-25T14:24:46.937636+00:00,,,,no,
.repo_studios/command_center/docs,.repo_studios/command_center/docs/duplicate_detection_schema_alignment.md,h2,Translation Steps,translation-steps,duplicate-detection-schema-alignment-2025-10-24,"Translate `scan_code_duplicates.py` output into the data products Repo Studios already consumes (health-suite summaries, companion analysis exports, and future automation inputs).",4145,2025-10-25T14:24:46.937636+00:00,,,,no,
.repo_studios/command_center/docs,.repo_studios/command_center/docs/duplicate_detection_schema_alignment.md,h2,Outstanding Questions,outstanding-questions,duplicate-detection-schema-alignment-2025-10-24,"Translate `scan_code_duplicates.py` output into the data products Repo Studios already consumes (health-suite summaries, companion analysis exports, and future automation inputs).",4145,2025-10-25T14:24:46.937636+00:00,,,,no,
.repo_studios/command_center/docs,.repo_studios/command_center/docs/duplicate_detection_schema_alignment.md,h2,Recommendations,recommendations,duplicate-detection-schema-alignment-2025-10-24,"Translate `scan_code_duplicates.py` output into the data products Repo Studios already consumes (health-suite summaries, companion analysis exports, and future automation inputs).",4145,2025-10-25T14:24:46.937636+00:00,,,,no,
.repo_studios/command_center/docs,.repo_studios/command_center/docs/duplicate_target_mappings.md,h1,Duplicate Target Mappings (Baseline – 2025-10-24),duplicate-target-mappings-baseline-2025-10-24,,"This document maps the first four duplicate hotspots to their future home inside `.repo_studios/library/`, following the training guide naming rules.",1648,2025-10-24T20:30:48.568785+00:00,,,,yes,
.repo_studios/command_center/docs,.repo_studios/command_center/docs/duplicate_target_mappings.md,h2,Usage Notes,usage-notes,duplicate-target-mappings-baseline-2025-10-24,"This document maps the first four duplicate hotspots to their future home inside `.repo_studios/library/`, following the training guide naming rules.",1648,2025-10-24T20:30:48.568785+00:00,,,,yes,
.repo_studios/command_center/docs/guardrails,.repo_studios/command_center/docs/guardrails/automation_manifest_schema.md,h1,Automation Manifest Schema,automation-manifest-schema,,"Define the JSON structure for `manifest.json` produced during Phase 4 automation rehearsals. The manifest pairs with the rollback bundle and metrics summary so operators can audit run context, guardrail compliance, and planned file changes.",3702,2025-11-04T14:15:55.969230+00:00,,,,no,
.repo_studios/command_center/docs/guardrails,.repo_studios/command_center/docs/guardrails/automation_manifest_schema.md,h2,Purpose,purpose,automation-manifest-schema,"Define the JSON structure for `manifest.json` produced during Phase 4 automation rehearsals. The manifest pairs with the rollback bundle and metrics summary so operators can audit run context, guardrail compliance, and planned file changes.",3702,2025-11-04T14:15:55.969230+00:00,,,,no,
.repo_studios/command_center/docs/guardrails,.repo_studios/command_center/docs/guardrails/automation_manifest_schema.md,h2,Schema Overview,schema-overview,automation-manifest-schema,"Define the JSON structure for `manifest.json` produced during Phase 4 automation rehearsals. The manifest pairs with the rollback bundle and metrics summary so operators can audit run context, guardrail compliance, and planned file changes.",3702,2025-11-04T14:15:55.969230+00:00,,,,no,
.repo_studios/command_center/docs/guardrails,.repo_studios/command_center/docs/guardrails/automation_manifest_schema.md,h2,Validation Rules,validation-rules,automation-manifest-schema,"Define the JSON structure for `manifest.json` produced during Phase 4 automation rehearsals. The manifest pairs with the rollback bundle and metrics summary so operators can audit run context, guardrail compliance, and planned file changes.",3702,2025-11-04T14:15:55.969230+00:00,,,,no,
.repo_studios/command_center/docs/guardrails,.repo_studios/command_center/docs/guardrails/library_extraction_guardrails.md,h1,Library Extraction Guardrails,library-extraction-guardrails,,"Provide the mandatory safeguards required before any automated extraction or mass-remediation tooling operates on Repo Studios scripts. These guardrails ensure duplicate remediation remains auditable, reversible, and consistent with the…",11676,2025-11-04T14:15:56.158240+00:00,,,,no,
.repo_studios/command_center/docs/guardrails,.repo_studios/command_center/docs/guardrails/library_extraction_guardrails.md,h2,Purpose,purpose,library-extraction-guardrails,"Provide the mandatory safeguards required before any automated extraction or mass-remediation tooling operates on Repo Studios scripts. These guardrails ensure duplicate remediation remains auditable, reversible, and consistent with the…",11676,2025-11-04T14:15:56.158240+00:00,,,,no,
.repo_studios/command_center/docs/guardrails,.repo_studios/command_center/docs/guardrails/library_extraction_guardrails.md,h2,Scope,scope,library-extraction-guardrails,"Provide the mandatory safeguards required before any automated extraction or mass-remediation tooling operates on Repo Studios scripts. These guardrails ensure duplicate remediation remains auditable, reversible, and consistent with the…",11676,2025-11-04T14:15:56.158240+00:00,,,,no,
.repo_studios/command_center/docs/guardrails,.repo_studios/command_center/docs/guardrails/library_extraction_guardrails.md,h2,Guardrail Overview,guardrail-overview,library-extraction-guardrails,"Provide the mandatory safeguards required before any automated extraction or mass-remediation tooling operates on Repo Studios scripts. These guardrails ensure duplicate remediation remains auditable, reversible, and consistent with the…",11676,2025-11-04T14:15:56.158240+00:00,,,,no,
.repo_studios/command_center/docs/guardrails,.repo_studios/command_center/docs/guardrails/library_extraction_guardrails.md,h2,Implementation Notes,implementation-notes,library-extraction-guardrails,"Provide the mandatory safeguards required before any automated extraction or mass-remediation tooling operates on Repo Studios scripts. These guardrails ensure duplicate remediation remains auditable, reversible, and consistent with the…",11676,2025-11-04T14:15:56.158240+00:00,,,,no,
.repo_studios/command_center/docs/guardrails,.repo_studios/command_center/docs/guardrails/library_extraction_guardrails.md,h2,Review & Sign-off Process,review-sign-off-process,library-extraction-guardrails,"Provide the mandatory safeguards required before any automated extraction or mass-remediation tooling operates on Repo Studios scripts. These guardrails ensure duplicate remediation remains auditable, reversible, and consistent with the…",11676,2025-11-04T14:15:56.158240+00:00,,,,no,
.repo_studios/command_center/docs/guardrails,.repo_studios/command_center/docs/guardrails/library_extraction_guardrails.md,h2,Open Questions,open-questions,library-extraction-guardrails,"Provide the mandatory safeguards required before any automated extraction or mass-remediation tooling operates on Repo Studios scripts. These guardrails ensure duplicate remediation remains auditable, reversible, and consistent with the…",11676,2025-11-04T14:15:56.158240+00:00,,,,no,
.repo_studios/command_center/docs/guardrails,.repo_studios/command_center/docs/guardrails/library_extraction_guardrails.md,h2,Next Steps,next-steps,library-extraction-guardrails,"Provide the mandatory safeguards required before any automated extraction or mass-remediation tooling operates on Repo Studios scripts. These guardrails ensure duplicate remediation remains auditable, reversible, and consistent with the…",11676,2025-11-04T14:15:56.158240+00:00,,,,no,
.repo_studios/command_center/docs,.repo_studios/command_center/docs/library_integration_checklist.md,h1,Library Integration Alignment Plan,library-integration-alignment-plan,,"Legend: In discovery = gathering facts, Not started = pending alignment, Deferred = intentionally out of scope for now.",68277,2025-11-08T23:02:08.263694+00:00,,,,yes,
.repo_studios/command_center/docs,.repo_studios/command_center/docs/library_integration_checklist.md,h2,Phase Overview,phase-overview,library-integration-alignment-plan,"Legend: In discovery = gathering facts, Not started = pending alignment, Deferred = intentionally out of scope for now.",68277,2025-11-08T23:02:08.263694+00:00,,,,yes,
.repo_studios/command_center/docs,.repo_studios/command_center/docs/library_integration_checklist.md,h2,Phase 1 – Foundation Setup,phase-1-foundation-setup,library-integration-alignment-plan,"Legend: In discovery = gathering facts, Not started = pending alignment, Deferred = intentionally out of scope for now.",68277,2025-11-08T23:02:08.263694+00:00,,,,yes,
.repo_studios/command_center/docs,.repo_studios/command_center/docs/library_integration_checklist.md,h2,Phase 2 – Duplicate Detection Tool,phase-2-duplicate-detection-tool,library-integration-alignment-plan,"Legend: In discovery = gathering facts, Not started = pending alignment, Deferred = intentionally out of scope for now.",68277,2025-11-08T23:02:08.263694+00:00,,,,yes,
.repo_studios/command_center/docs,.repo_studios/command_center/docs/library_integration_checklist.md,h2,Phase 2.5 – Orchestrator Bootstrap,phase-25-orchestrator-bootstrap,library-integration-alignment-plan,"Legend: In discovery = gathering facts, Not started = pending alignment, Deferred = intentionally out of scope for now.",68277,2025-11-08T23:02:08.263694+00:00,,,,yes,
.repo_studios/command_center/docs,.repo_studios/command_center/docs/library_integration_checklist.md,h2,Phase 3 – Manual Extraction Validation,phase-3-manual-extraction-validation,library-integration-alignment-plan,"Legend: In discovery = gathering facts, Not started = pending alignment, Deferred = intentionally out of scope for now.",68277,2025-11-08T23:02:08.263694+00:00,,,,yes,
.repo_studios/command_center/docs,.repo_studios/command_center/docs/library_integration_checklist.md,h2,Phase 4 – Automated Extraction,phase-4-automated-extraction,library-integration-alignment-plan,"Legend: In discovery = gathering facts, Not started = pending alignment, Deferred = intentionally out of scope for now.",68277,2025-11-08T23:02:08.263694+00:00,,,,yes,
.repo_studios/command_center/docs,.repo_studios/command_center/docs/library_integration_checklist.md,h2,Phase 5 – Integration with Repo Studios,phase-5-integration-with-repo-studios,library-integration-alignment-plan,"Legend: In discovery = gathering facts, Not started = pending alignment, Deferred = intentionally out of scope for now.",68277,2025-11-08T23:02:08.263694+00:00,,,,yes,
.repo_studios/command_center/docs,.repo_studios/command_center/docs/library_integration_checklist.md,h2,Phase 6 – AI Prompt Engineering,phase-6-ai-prompt-engineering,library-integration-alignment-plan,"Legend: In discovery = gathering facts, Not started = pending alignment, Deferred = intentionally out of scope for now.",68277,2025-11-08T23:02:08.263694+00:00,,,,yes,
.repo_studios/command_center/docs,.repo_studios/command_center/docs/library_integration_checklist.md,h2,Phase 8 – Scale to New Projects,phase-8-scale-to-new-projects,library-integration-alignment-plan,"Legend: In discovery = gathering facts, Not started = pending alignment, Deferred = intentionally out of scope for now.",68277,2025-11-08T23:02:08.263694+00:00,,,,yes,
.repo_studios/command_center/docs,.repo_studios/command_center/docs/library_integration_checklist.md,h2,Decisions Captured,decisions-captured,library-integration-alignment-plan,"Legend: In discovery = gathering facts, Not started = pending alignment, Deferred = intentionally out of scope for now.",68277,2025-11-08T23:02:08.263694+00:00,,,,yes,
.repo_studios/command_center/docs,.repo_studios/command_center/docs/library_integration_checklist.md,h2,Outstanding Considerations,outstanding-considerations,library-integration-alignment-plan,"Legend: In discovery = gathering facts, Not started = pending alignment, Deferred = intentionally out of scope for now.",68277,2025-11-08T23:02:08.263694+00:00,,,,yes,
.repo_studios/command_center/docs,.repo_studios/command_center/docs/library_integration_checklist.md,h2,Design Decisions Required,design-decisions-required,library-integration-alignment-plan,"Legend: In discovery = gathering facts, Not started = pending alignment, Deferred = intentionally out of scope for now.",68277,2025-11-08T23:02:08.263694+00:00,,,,yes,
.repo_studios/command_center/docs,.repo_studios/command_center/docs/library_readme_adjustments.md,h1,Library README Adjustments (Pre-Extraction),library-readme-adjustments-pre-extraction,,Reference doc: `que_for_integration/refactor_library/phase_1/library_README.md`,1868,2025-10-25T14:24:46.937636+00:00,,,,yes,
.repo_studios/command_center/docs,.repo_studios/command_center/docs/library_readme_adjustments.md,h2,Implementation Notes,implementation-notes,library-readme-adjustments-pre-extraction,Reference doc: `que_for_integration/refactor_library/phase_1/library_README.md`,1868,2025-10-25T14:24:46.937636+00:00,,,,yes,
.repo_studios/command_center/docs,.repo_studios/command_center/docs/manual_extraction_checklist.md,h1,Manual Extraction Checklist (Repo Studios Command Center),manual-extraction-checklist-repo-studios-command-center,,"Use this checklist whenever you migrate a duplicated helper into `.repo_studios/library/`. It adapts the Phase 3 guide for Repo Studios workflows, Windows shell conventions, and the refreshed orchestrator pipeline (2025-10-28).",4154,2025-10-30T11:20:16.293146+00:00,,,,no,
.repo_studios/command_center/docs,.repo_studios/command_center/docs/manual_extraction_checklist.md,h2,0. Pre-flight (once per work session),0-pre-flight-once-per-work-session,manual-extraction-checklist-repo-studios-command-center,"Use this checklist whenever you migrate a duplicated helper into `.repo_studios/library/`. It adapts the Phase 3 guide for Repo Studios workflows, Windows shell conventions, and the refreshed orchestrator pipeline (2025-10-28).",4154,2025-10-30T11:20:16.293146+00:00,,,,no,
.repo_studios/command_center/docs,.repo_studios/command_center/docs/manual_extraction_checklist.md,h2,1. Scope & Planning,1-scope-planning,manual-extraction-checklist-repo-studios-command-center,"Use this checklist whenever you migrate a duplicated helper into `.repo_studios/library/`. It adapts the Phase 3 guide for Repo Studios workflows, Windows shell conventions, and the refreshed orchestrator pipeline (2025-10-28).",4154,2025-10-30T11:20:16.293146+00:00,,,,no,
.repo_studios/command_center/docs,.repo_studios/command_center/docs/manual_extraction_checklist.md,h2,2. Library Module Authoring,2-library-module-authoring,manual-extraction-checklist-repo-studios-command-center,"Use this checklist whenever you migrate a duplicated helper into `.repo_studios/library/`. It adapts the Phase 3 guide for Repo Studios workflows, Windows shell conventions, and the refreshed orchestrator pipeline (2025-10-28).",4154,2025-10-30T11:20:16.293146+00:00,,,,no,
.repo_studios/command_center/docs,.repo_studios/command_center/docs/manual_extraction_checklist.md,h2,3. Test Coverage,3-test-coverage,manual-extraction-checklist-repo-studios-command-center,"Use this checklist whenever you migrate a duplicated helper into `.repo_studios/library/`. It adapts the Phase 3 guide for Repo Studios workflows, Windows shell conventions, and the refreshed orchestrator pipeline (2025-10-28).",4154,2025-10-30T11:20:16.293146+00:00,,,,no,
.repo_studios/command_center/docs,.repo_studios/command_center/docs/manual_extraction_checklist.md,h2,4. Integration & Replacement,4-integration-replacement,manual-extraction-checklist-repo-studios-command-center,"Use this checklist whenever you migrate a duplicated helper into `.repo_studios/library/`. It adapts the Phase 3 guide for Repo Studios workflows, Windows shell conventions, and the refreshed orchestrator pipeline (2025-10-28).",4154,2025-10-30T11:20:16.293146+00:00,,,,no,
.repo_studios/command_center/docs,.repo_studios/command_center/docs/manual_extraction_checklist.md,h2,5. Artifact Updates,5-artifact-updates,manual-extraction-checklist-repo-studios-command-center,"Use this checklist whenever you migrate a duplicated helper into `.repo_studios/library/`. It adapts the Phase 3 guide for Repo Studios workflows, Windows shell conventions, and the refreshed orchestrator pipeline (2025-10-28).",4154,2025-10-30T11:20:16.293146+00:00,,,,no,
.repo_studios/command_center/docs,.repo_studios/command_center/docs/manual_extraction_checklist.md,h2,6. Documentation & Run Notes,6-documentation-run-notes,manual-extraction-checklist-repo-studios-command-center,"Use this checklist whenever you migrate a duplicated helper into `.repo_studios/library/`. It adapts the Phase 3 guide for Repo Studios workflows, Windows shell conventions, and the refreshed orchestrator pipeline (2025-10-28).",4154,2025-10-30T11:20:16.293146+00:00,,,,no,
.repo_studios/command_center/docs,.repo_studios/command_center/docs/manual_extraction_checklist.md,h2,7. Wrap-up,7-wrap-up,manual-extraction-checklist-repo-studios-command-center,"Use this checklist whenever you migrate a duplicated helper into `.repo_studios/library/`. It adapts the Phase 3 guide for Repo Studios workflows, Windows shell conventions, and the refreshed orchestrator pipeline (2025-10-28).",4154,2025-10-30T11:20:16.293146+00:00,,,,no,
.repo_studios/command_center/docs,.repo_studios/command_center/docs/manual_extraction_operator_brief.md,h1,Manual Extraction Operator Brief,manual-extraction-operator-brief,,This note packages the key resources operators need when executing Phase 3 manual extractions. Share this document with anyone running the checklist so they align with the latest tooling and report outputs.,3069,2025-11-08T23:02:50.721156+00:00,,,,no,
.repo_studios/command_center/docs,.repo_studios/command_center/docs/manual_extraction_operator_brief.md,h2,Required Inputs,required-inputs,manual-extraction-operator-brief,This note packages the key resources operators need when executing Phase 3 manual extractions. Share this document with anyone running the checklist so they align with the latest tooling and report outputs.,3069,2025-11-08T23:02:50.721156+00:00,,,,no,
.repo_studios/command_center/docs,.repo_studios/command_center/docs/manual_extraction_operator_brief.md,h2,Execution Checklist,execution-checklist,manual-extraction-operator-brief,This note packages the key resources operators need when executing Phase 3 manual extractions. Share this document with anyone running the checklist so they align with the latest tooling and report outputs.,3069,2025-11-08T23:02:50.721156+00:00,,,,no,
.repo_studios/command_center/docs,.repo_studios/command_center/docs/manual_extraction_operator_brief.md,h2,Quick Reference Commands,quick-reference-commands,manual-extraction-operator-brief,This note packages the key resources operators need when executing Phase 3 manual extractions. Share this document with anyone running the checklist so they align with the latest tooling and report outputs.,3069,2025-11-08T23:02:50.721156+00:00,,,,no,
.repo_studios/command_center/docs,.repo_studios/command_center/docs/manual_extraction_operator_brief.md,h2,Feedback Loop,feedback-loop,manual-extraction-operator-brief,This note packages the key resources operators need when executing Phase 3 manual extractions. Share this document with anyone running the checklist so they align with the latest tooling and report outputs.,3069,2025-11-08T23:02:50.721156+00:00,,,,no,
.repo_studios/command_center/docs/mermaid,.repo_studios/command_center/docs/mermaid/README.md,h1,Mermaid Viewer Documentation Index,mermaid-viewer-documentation-index,,"Provide a single discovery point for the Command Center Mermaid viewer so contributors, operators, and AI agents can locate the right artifact before diving into implementation details.",2524,2025-11-23T11:14:18.336713+00:00,,,,yes,
.repo_studios/command_center/docs/mermaid,.repo_studios/command_center/docs/mermaid/README.md,h2,Purpose,purpose,mermaid-viewer-documentation-index,"Provide a single discovery point for the Command Center Mermaid viewer so contributors, operators, and AI agents can locate the right artifact before diving into implementation details.",2524,2025-11-23T11:14:18.336713+00:00,,,,yes,
.repo_studios/command_center/docs/mermaid,.repo_studios/command_center/docs/mermaid/README.md,h2,5W1H Overview,5w1h-overview,mermaid-viewer-documentation-index,"Provide a single discovery point for the Command Center Mermaid viewer so contributors, operators, and AI agents can locate the right artifact before diving into implementation details.",2524,2025-11-23T11:14:18.336713+00:00,,,,yes,
.repo_studios/command_center/docs/mermaid,.repo_studios/command_center/docs/mermaid/README.md,h2,Navigation Map,navigation-map,mermaid-viewer-documentation-index,"Provide a single discovery point for the Command Center Mermaid viewer so contributors, operators, and AI agents can locate the right artifact before diving into implementation details.",2524,2025-11-23T11:14:18.336713+00:00,,,,yes,
.repo_studios/command_center/docs/mermaid,.repo_studios/command_center/docs/mermaid/README.md,h2,Standards & References,standards-references,mermaid-viewer-documentation-index,"Provide a single discovery point for the Command Center Mermaid viewer so contributors, operators, and AI agents can locate the right artifact before diving into implementation details.",2524,2025-11-23T11:14:18.336713+00:00,,,,yes,
.repo_studios/command_center/docs/mermaid,.repo_studios/command_center/docs/mermaid/README.md,h2,Future Contributions,future-contributions,mermaid-viewer-documentation-index,"Provide a single discovery point for the Command Center Mermaid viewer so contributors, operators, and AI agents can locate the right artifact before diving into implementation details.",2524,2025-11-23T11:14:18.336713+00:00,,,,yes,
.repo_studios/command_center/docs/mermaid,.repo_studios/command_center/docs/mermaid/decision_log.md,h1,Mermaid Decision Log,mermaid-decision-log,,,63171,2025-11-22T18:48:10.128200+00:00,,,,yes,
.repo_studios/command_center/docs/mermaid,.repo_studios/command_center/docs/mermaid/decision_log.md,h2,2025-11-22,2025-11-22,mermaid-decision-log,,63171,2025-11-22T18:48:10.128200+00:00,,,,yes,
.repo_studios/command_center/docs/mermaid,.repo_studios/command_center/docs/mermaid/decision_log.md,h2,2025-11-13,2025-11-13,mermaid-decision-log,,63171,2025-11-22T18:48:10.128200+00:00,,,,yes,
.repo_studios/command_center/docs/mermaid,.repo_studios/command_center/docs/mermaid/decision_log.md,h2,2025-11-12,2025-11-12,mermaid-decision-log,,63171,2025-11-22T18:48:10.128200+00:00,,,,yes,
.repo_studios/command_center/docs/mermaid,.repo_studios/command_center/docs/mermaid/decision_log.md,h2,2025-11-11,2025-11-11,mermaid-decision-log,,63171,2025-11-22T18:48:10.128200+00:00,,,,yes,
.repo_studios/command_center/docs/mermaid,.repo_studios/command_center/docs/mermaid/decision_log.md,h2,2025-11-10,2025-11-10,mermaid-decision-log,,63171,2025-11-22T18:48:10.128200+00:00,,,,yes,
.repo_studios/command_center/docs/mermaid,.repo_studios/command_center/docs/mermaid/decision_log.md,h2,2025-11-09,2025-11-09,mermaid-decision-log,,63171,2025-11-22T18:48:10.128200+00:00,,,,yes,
.repo_studios/command_center/docs/mermaid,.repo_studios/command_center/docs/mermaid/decision_log.md,h2,2025-11-05,2025-11-05,mermaid-decision-log,,63171,2025-11-22T18:48:10.128200+00:00,,,,yes,
.repo_studios/command_center/docs/mermaid,.repo_studios/command_center/docs/mermaid/decision_log.md,h2,2025-11-06,2025-11-06,mermaid-decision-log,,63171,2025-11-22T18:48:10.128200+00:00,,,,yes,
.repo_studios/command_center/docs/mermaid,.repo_studios/command_center/docs/mermaid/decision_log.md,h2,2025-11-08,2025-11-08,mermaid-decision-log,,63171,2025-11-22T18:48:10.128200+00:00,,,,yes,
.repo_studios/command_center/docs/mermaid,.repo_studios/command_center/docs/mermaid/decision_log.md,h2,2025-11-07,2025-11-07,mermaid-decision-log,,63171,2025-11-22T18:48:10.128200+00:00,,,,yes,
.repo_studios/command_center/docs/mermaid,.repo_studios/command_center/docs/mermaid/inventory_migration_notes.md,h1,Inventory Payload Migration Notes,inventory-payload-migration-notes,,_Last updated: 2025-11-13_,2948,2025-11-13T12:19:47.720289+00:00,,,,no,
.repo_studios/command_center/docs/mermaid,.repo_studios/command_center/docs/mermaid/inventory_migration_notes.md,h2,Purpose,purpose,inventory-payload-migration-notes,_Last updated: 2025-11-13_,2948,2025-11-13T12:19:47.720289+00:00,,,,no,
.repo_studios/command_center/docs/mermaid,.repo_studios/command_center/docs/mermaid/inventory_migration_notes.md,h2,New Payload Elements,new-payload-elements,inventory-payload-migration-notes,_Last updated: 2025-11-13_,2948,2025-11-13T12:19:47.720289+00:00,,,,no,
.repo_studios/command_center/docs/mermaid,.repo_studios/command_center/docs/mermaid/inventory_migration_notes.md,h2,Required Consumer Actions,required-consumer-actions,inventory-payload-migration-notes,_Last updated: 2025-11-13_,2948,2025-11-13T12:19:47.720289+00:00,,,,no,
.repo_studios/command_center/docs/mermaid,.repo_studios/command_center/docs/mermaid/inventory_migration_notes.md,h2,Backward Compatibility,backward-compatibility,inventory-payload-migration-notes,_Last updated: 2025-11-13_,2948,2025-11-13T12:19:47.720289+00:00,,,,no,
.repo_studios/command_center/docs/mermaid,.repo_studios/command_center/docs/mermaid/inventory_migration_notes.md,h2,Next Steps,next-steps,inventory-payload-migration-notes,_Last updated: 2025-11-13_,2948,2025-11-13T12:19:47.720289+00:00,,,,no,
.repo_studios/command_center/docs/mermaid,.repo_studios/command_center/docs/mermaid/mermaid_integration_checklist.md,h1,Mermaid Integration Checklist (Draft),mermaid-integration-checklist-draft,,"1. `function_inventory_overview.mmd` — flowchart summarizing per-module function counts, docstring coverage, and annotation ratios for a quick health read. 2. `screening_signal_timeline.mmd` — timeline chart outlining when screening scores…",22819,2025-11-13T12:19:47.472267+00:00,,,,no,
.repo_studios/command_center/docs/mermaid,.repo_studios/command_center/docs/mermaid/mermaid_integration_checklist.md,h2,Candidate Mermaid Packs Derived From `generate_commandview_inventory.py`,candidate-mermaid-packs-derived-from-generatecommandviewinventorypy,mermaid-integration-checklist-draft,"1. `function_inventory_overview.mmd` — flowchart summarizing per-module function counts, docstring coverage, and annotation ratios for a quick health read. 2. `screening_signal_timeline.mmd` — timeline chart outlining when screening scores…",22819,2025-11-13T12:19:47.472267+00:00,,,,no,
.repo_studios/command_center/docs/mermaid,.repo_studios/command_center/docs/mermaid/mermaid_integration_checklist.md,h2,Draft Checklist Spine,draft-checklist-spine,mermaid-integration-checklist-draft,"1. `function_inventory_overview.mmd` — flowchart summarizing per-module function counts, docstring coverage, and annotation ratios for a quick health read. 2. `screening_signal_timeline.mmd` — timeline chart outlining when screening scores…",22819,2025-11-13T12:19:47.472267+00:00,,,,no,
.repo_studios/command_center/docs/mermaid,.repo_studios/command_center/docs/mermaid/mermaid_integration_checklist.md,h2,Open Items for Future Passes,open-items-for-future-passes,mermaid-integration-checklist-draft,"1. `function_inventory_overview.mmd` — flowchart summarizing per-module function counts, docstring coverage, and annotation ratios for a quick health read. 2. `screening_signal_timeline.mmd` — timeline chart outlining when screening scores…",22819,2025-11-13T12:19:47.472267+00:00,,,,no,
.repo_studios/command_center/docs/mermaid,.repo_studios/command_center/docs/mermaid/mermaid_integration_checklist.md,h2,Producer Enhancements Checklist,producer-enhancements-checklist,mermaid-integration-checklist-draft,"1. `function_inventory_overview.mmd` — flowchart summarizing per-module function counts, docstring coverage, and annotation ratios for a quick health read. 2. `screening_signal_timeline.mmd` — timeline chart outlining when screening scores…",22819,2025-11-13T12:19:47.472267+00:00,,,,no,
.repo_studios/command_center/docs/mermaid,.repo_studios/command_center/docs/mermaid/mermaid_viewer.md,h1,Progressive Detail Mermaid Viewer — Implementation Checklist,progressive-detail-mermaid-viewer-implementation-checklist,,Every pass against a view pack should explicitly update the three shared attributes:,67975,2025-11-23T11:00:30.710454+00:00,,,,yes,
.repo_studios/command_center/docs/mermaid,.repo_studios/command_center/docs/mermaid/mermaid_viewer.md,h2,Phase 0 · Charter & Success Measures,phase-0-charter-success-measures,progressive-detail-mermaid-viewer-implementation-checklist,Every pass against a view pack should explicitly update the three shared attributes:,67975,2025-11-23T11:00:30.710454+00:00,,,,yes,
.repo_studios/command_center/docs/mermaid,.repo_studios/command_center/docs/mermaid/mermaid_viewer.md,h2,Phase 1 · Data Supply & Naming,phase-1-data-supply-naming,progressive-detail-mermaid-viewer-implementation-checklist,Every pass against a view pack should explicitly update the three shared attributes:,67975,2025-11-23T11:00:30.710454+00:00,,,,yes,
.repo_studios/command_center/docs/mermaid,.repo_studios/command_center/docs/mermaid/mermaid_viewer.md,h2,Phase 2 · Discovery & Refresh Pipeline,phase-2-discovery-refresh-pipeline,progressive-detail-mermaid-viewer-implementation-checklist,Every pass against a view pack should explicitly update the three shared attributes:,67975,2025-11-23T11:00:30.710454+00:00,,,,yes,
.repo_studios/command_center/docs/mermaid,.repo_studios/command_center/docs/mermaid/mermaid_viewer.md,h2,Phase 3 · Viewer Core (HTML/JS Shell),phase-3-viewer-core-htmljs-shell,progressive-detail-mermaid-viewer-implementation-checklist,Every pass against a view pack should explicitly update the three shared attributes:,67975,2025-11-23T11:00:30.710454+00:00,,,,yes,
.repo_studios/command_center/docs/mermaid,.repo_studios/command_center/docs/mermaid/mermaid_viewer.md,h2,Phase 4 · Level-of-Detail Engine,phase-4-level-of-detail-engine,progressive-detail-mermaid-viewer-implementation-checklist,Every pass against a view pack should explicitly update the three shared attributes:,67975,2025-11-23T11:00:30.710454+00:00,,,,yes,
.repo_studios/command_center/docs/mermaid,.repo_studios/command_center/docs/mermaid/mermaid_viewer.md,h2,Phase 5 · Interaction Model,phase-5-interaction-model,progressive-detail-mermaid-viewer-implementation-checklist,Every pass against a view pack should explicitly update the three shared attributes:,67975,2025-11-23T11:00:30.710454+00:00,,,,yes,
.repo_studios/command_center/docs/mermaid,.repo_studios/command_center/docs/mermaid/mermaid_viewer.md,h2,Phase 6 · Rendering & Temp Artifact Strategy,phase-6-rendering-temp-artifact-strategy,progressive-detail-mermaid-viewer-implementation-checklist,Every pass against a view pack should explicitly update the three shared attributes:,67975,2025-11-23T11:00:30.710454+00:00,,,,yes,
.repo_studios/command_center/docs/mermaid,.repo_studios/command_center/docs/mermaid/mermaid_viewer.md,h2,Phase 7 · Selector Views & Packs,phase-7-selector-views-packs,progressive-detail-mermaid-viewer-implementation-checklist,Every pass against a view pack should explicitly update the three shared attributes:,67975,2025-11-23T11:00:30.710454+00:00,,,,yes,
.repo_studios/command_center/docs/mermaid,.repo_studios/command_center/docs/mermaid/mermaid_viewer.md,h2,Phase 8 · UX Enhancements,phase-8-ux-enhancements,progressive-detail-mermaid-viewer-implementation-checklist,Every pass against a view pack should explicitly update the three shared attributes:,67975,2025-11-23T11:00:30.710454+00:00,,,,yes,
.repo_studios/command_center/docs/mermaid,.repo_studios/command_center/docs/mermaid/mermaid_viewer.md,h2,Phase 9 · Extension Hooks,phase-9-extension-hooks,progressive-detail-mermaid-viewer-implementation-checklist,Every pass against a view pack should explicitly update the three shared attributes:,67975,2025-11-23T11:00:30.710454+00:00,,,,yes,
.repo_studios/command_center/docs/mermaid,.repo_studios/command_center/docs/mermaid/mermaid_viewer.md,h2,Phase 10 · Quality & Governance,phase-10-quality-governance,progressive-detail-mermaid-viewer-implementation-checklist,Every pass against a view pack should explicitly update the three shared attributes:,67975,2025-11-23T11:00:30.710454+00:00,,,,yes,
.repo_studios/command_center/docs/mermaid,.repo_studios/command_center/docs/mermaid/mermaid_viewer.md,h2,Viewer Shell Assets,viewer-shell-assets,progressive-detail-mermaid-viewer-implementation-checklist,Every pass against a view pack should explicitly update the three shared attributes:,67975,2025-11-23T11:00:30.710454+00:00,,,,yes,
.repo_studios/command_center/docs/mermaid,.repo_studios/command_center/docs/mermaid/mermaid_viewer.md,h2,Refresh Workflow,refresh-workflow,progressive-detail-mermaid-viewer-implementation-checklist,Every pass against a view pack should explicitly update the three shared attributes:,67975,2025-11-23T11:00:30.710454+00:00,,,,yes,
.repo_studios/command_center/docs/mermaid/view_specs,.repo_studios/command_center/docs/mermaid/view_specs/callback_registration_map.md,document,,callbackregistrationmap,,,5021,2025-11-11T18:09:33.893527+00:00,,,,no,
.repo_studios/command_center/docs/mermaid/view_specs,.repo_studios/command_center/docs/mermaid/view_specs/circular_import_detection.md,h1,Circular Import Detection View Spec,circular-import-detection-view-spec,,"Surface import cycles between project modules so operators can quickly spot chains that risk initialization failures, implicit side effects, or brittle refactor points. The diagram should group strongly connected modules, highlight cycle…",4944,2025-11-10T23:44:51.556360+00:00,,,,no,
.repo_studios/command_center/docs/mermaid/view_specs,.repo_studios/command_center/docs/mermaid/view_specs/circular_import_detection.md,h2,Goal,goal,circular-import-detection-view-spec,"Surface import cycles between project modules so operators can quickly spot chains that risk initialization failures, implicit side effects, or brittle refactor points. The diagram should group strongly connected modules, highlight cycle…",4944,2025-11-10T23:44:51.556360+00:00,,,,no,
.repo_studios/command_center/docs/mermaid/view_specs,.repo_studios/command_center/docs/mermaid/view_specs/circular_import_detection.md,h2,Inputs,inputs,circular-import-detection-view-spec,"Surface import cycles between project modules so operators can quickly spot chains that risk initialization failures, implicit side effects, or brittle refactor points. The diagram should group strongly connected modules, highlight cycle…",4944,2025-11-10T23:44:51.556360+00:00,,,,no,
.repo_studios/command_center/docs/mermaid/view_specs,.repo_studios/command_center/docs/mermaid/view_specs/circular_import_detection.md,h2,Transformations,transformations,circular-import-detection-view-spec,"Surface import cycles between project modules so operators can quickly spot chains that risk initialization failures, implicit side effects, or brittle refactor points. The diagram should group strongly connected modules, highlight cycle…",4944,2025-11-10T23:44:51.556360+00:00,,,,no,
.repo_studios/command_center/docs/mermaid/view_specs,.repo_studios/command_center/docs/mermaid/view_specs/circular_import_detection.md,h2,Mermaid Output Structure,mermaid-output-structure,circular-import-detection-view-spec,"Surface import cycles between project modules so operators can quickly spot chains that risk initialization failures, implicit side effects, or brittle refactor points. The diagram should group strongly connected modules, highlight cycle…",4944,2025-11-10T23:44:51.556360+00:00,,,,no,
.repo_studios/command_center/docs/mermaid/view_specs,.repo_studios/command_center/docs/mermaid/view_specs/circular_import_detection.md,h2,Implementation References,implementation-references,circular-import-detection-view-spec,"Surface import cycles between project modules so operators can quickly spot chains that risk initialization failures, implicit side effects, or brittle refactor points. The diagram should group strongly connected modules, highlight cycle…",4944,2025-11-10T23:44:51.556360+00:00,,,,no,
.repo_studios/command_center/docs/mermaid/view_specs,.repo_studios/command_center/docs/mermaid/view_specs/circular_import_detection.md,h2,Verification & Hardening,verification-hardening,circular-import-detection-view-spec,"Surface import cycles between project modules so operators can quickly spot chains that risk initialization failures, implicit side effects, or brittle refactor points. The diagram should group strongly connected modules, highlight cycle…",4944,2025-11-10T23:44:51.556360+00:00,,,,no,
.repo_studios/command_center/docs/mermaid/view_specs,.repo_studios/command_center/docs/mermaid/view_specs/circular_import_detection.md,h2,Future Enhancements,future-enhancements,circular-import-detection-view-spec,"Surface import cycles between project modules so operators can quickly spot chains that risk initialization failures, implicit side effects, or brittle refactor points. The diagram should group strongly connected modules, highlight cycle…",4944,2025-11-10T23:44:51.556360+00:00,,,,no,
.repo_studios/command_center/docs/mermaid/view_specs,.repo_studios/command_center/docs/mermaid/view_specs/class_inheritance_hierarchy.md,h1,Class Inheritance Hierarchy View Spec,class-inheritance-hierarchy-view-spec,,"Visualize relationships between classes defined in CommandView inventories so reviewers can trace inheritance chains, identify architecture bottlenecks, and spot classes that still rely on external or builtin parents.",5247,2025-11-12T00:31:56.863013+00:00,,,,yes,
.repo_studios/command_center/docs/mermaid/view_specs,.repo_studios/command_center/docs/mermaid/view_specs/class_inheritance_hierarchy.md,h2,Goal,goal,class-inheritance-hierarchy-view-spec,"Visualize relationships between classes defined in CommandView inventories so reviewers can trace inheritance chains, identify architecture bottlenecks, and spot classes that still rely on external or builtin parents.",5247,2025-11-12T00:31:56.863013+00:00,,,,yes,
.repo_studios/command_center/docs/mermaid/view_specs,.repo_studios/command_center/docs/mermaid/view_specs/class_inheritance_hierarchy.md,h2,Inputs,inputs,class-inheritance-hierarchy-view-spec,"Visualize relationships between classes defined in CommandView inventories so reviewers can trace inheritance chains, identify architecture bottlenecks, and spot classes that still rely on external or builtin parents.",5247,2025-11-12T00:31:56.863013+00:00,,,,yes,
.repo_studios/command_center/docs/mermaid/view_specs,.repo_studios/command_center/docs/mermaid/view_specs/class_inheritance_hierarchy.md,h2,Transformations,transformations,class-inheritance-hierarchy-view-spec,"Visualize relationships between classes defined in CommandView inventories so reviewers can trace inheritance chains, identify architecture bottlenecks, and spot classes that still rely on external or builtin parents.",5247,2025-11-12T00:31:56.863013+00:00,,,,yes,
.repo_studios/command_center/docs/mermaid/view_specs,.repo_studios/command_center/docs/mermaid/view_specs/class_inheritance_hierarchy.md,h2,Planned Mermaid Output Structure,planned-mermaid-output-structure,class-inheritance-hierarchy-view-spec,"Visualize relationships between classes defined in CommandView inventories so reviewers can trace inheritance chains, identify architecture bottlenecks, and spot classes that still rely on external or builtin parents.",5247,2025-11-12T00:31:56.863013+00:00,,,,yes,
.repo_studios/command_center/docs/mermaid/view_specs,.repo_studios/command_center/docs/mermaid/view_specs/class_inheritance_hierarchy.md,h2,Implementation References,implementation-references,class-inheritance-hierarchy-view-spec,"Visualize relationships between classes defined in CommandView inventories so reviewers can trace inheritance chains, identify architecture bottlenecks, and spot classes that still rely on external or builtin parents.",5247,2025-11-12T00:31:56.863013+00:00,,,,yes,
.repo_studios/command_center/docs/mermaid/view_specs,.repo_studios/command_center/docs/mermaid/view_specs/class_inheritance_hierarchy.md,h2,Verification & Hardening,verification-hardening,class-inheritance-hierarchy-view-spec,"Visualize relationships between classes defined in CommandView inventories so reviewers can trace inheritance chains, identify architecture bottlenecks, and spot classes that still rely on external or builtin parents.",5247,2025-11-12T00:31:56.863013+00:00,,,,yes,
.repo_studios/command_center/docs/mermaid/view_specs,.repo_studios/command_center/docs/mermaid/view_specs/class_inheritance_hierarchy.md,h2,Future Enhancements,future-enhancements,class-inheritance-hierarchy-view-spec,"Visualize relationships between classes defined in CommandView inventories so reviewers can trace inheritance chains, identify architecture bottlenecks, and spot classes that still rely on external or builtin parents.",5247,2025-11-12T00:31:56.863013+00:00,,,,yes,
.repo_studios/command_center/docs/mermaid/view_specs,.repo_studios/command_center/docs/mermaid/view_specs/complexity_heatmap.md,h1,Complexity Heatmap View Spec,complexity-heatmap-view-spec,,Surface functions with high cyclomatic complexity so maintainers can prioritize refactoring efforts. The heatmap will cluster functions by severity buckets and highlight modules concentrating complex logic.,4827,2025-11-09T18:47:12.657650+00:00,,,,no,
.repo_studios/command_center/docs/mermaid/view_specs,.repo_studios/command_center/docs/mermaid/view_specs/complexity_heatmap.md,h2,Goal,goal,complexity-heatmap-view-spec,Surface functions with high cyclomatic complexity so maintainers can prioritize refactoring efforts. The heatmap will cluster functions by severity buckets and highlight modules concentrating complex logic.,4827,2025-11-09T18:47:12.657650+00:00,,,,no,
.repo_studios/command_center/docs/mermaid/view_specs,.repo_studios/command_center/docs/mermaid/view_specs/complexity_heatmap.md,h2,Inputs,inputs,complexity-heatmap-view-spec,Surface functions with high cyclomatic complexity so maintainers can prioritize refactoring efforts. The heatmap will cluster functions by severity buckets and highlight modules concentrating complex logic.,4827,2025-11-09T18:47:12.657650+00:00,,,,no,
.repo_studios/command_center/docs/mermaid/view_specs,.repo_studios/command_center/docs/mermaid/view_specs/complexity_heatmap.md,h2,Transformations,transformations,complexity-heatmap-view-spec,Surface functions with high cyclomatic complexity so maintainers can prioritize refactoring efforts. The heatmap will cluster functions by severity buckets and highlight modules concentrating complex logic.,4827,2025-11-09T18:47:12.657650+00:00,,,,no,
.repo_studios/command_center/docs/mermaid/view_specs,.repo_studios/command_center/docs/mermaid/view_specs/complexity_heatmap.md,h2,Implementation References,implementation-references,complexity-heatmap-view-spec,Surface functions with high cyclomatic complexity so maintainers can prioritize refactoring efforts. The heatmap will cluster functions by severity buckets and highlight modules concentrating complex logic.,4827,2025-11-09T18:47:12.657650+00:00,,,,no,
.repo_studios/command_center/docs/mermaid/view_specs,.repo_studios/command_center/docs/mermaid/view_specs/complexity_heatmap.md,h2,Verification & Hardening,verification-hardening,complexity-heatmap-view-spec,Surface functions with high cyclomatic complexity so maintainers can prioritize refactoring efforts. The heatmap will cluster functions by severity buckets and highlight modules concentrating complex logic.,4827,2025-11-09T18:47:12.657650+00:00,,,,no,
.repo_studios/command_center/docs/mermaid/view_specs,.repo_studios/command_center/docs/mermaid/view_specs/complexity_heatmap.md,h2,Future Enhancements,future-enhancements,complexity-heatmap-view-spec,Surface functions with high cyclomatic complexity so maintainers can prioritize refactoring efforts. The heatmap will cluster functions by severity buckets and highlight modules concentrating complex logic.,4827,2025-11-09T18:47:12.657650+00:00,,,,no,
.repo_studios/command_center/docs/mermaid/view_specs,.repo_studios/command_center/docs/mermaid/view_specs/cross_module_function_references.md,h1,Cross-Module Function References View Spec,cross-module-function-references-view-spec,,"graph LR classDef moduleBase fill:#0f172a,stroke:#38bdf8,color:#f8fafc classDef moduleCaution fill:#78350f,stroke:#f59e0b,color:#fef3c7 classDef moduleAlert fill:#7f1d1d,stroke:#f87171,color:#fee2e2 classDef moduleFocus…",5173,2025-11-13T00:44:40.567019+00:00,,,,no,
.repo_studios/command_center/docs/mermaid/view_specs,.repo_studios/command_center/docs/mermaid/view_specs/cyclomatic_complexity_map.md,document,,cyclomaticcomplexitymap,,,5467,2025-11-12T21:30:49.588627+00:00,,,,no,
.repo_studios/command_center/docs/mermaid/view_specs,.repo_studios/command_center/docs/mermaid/view_specs/dead_code_detection.md,h1,Dead Code Detection View Spec,dead-code-detection-view-spec,,Highlight modules that accumulate unused symbols so reviewers can prioritize clean-up of unreachable functions and imports that inflate maintenance cost or mask refactoring opportunities.,4393,2025-11-25T19:41:38.796364+00:00,,,,no,
.repo_studios/command_center/docs/mermaid/view_specs,.repo_studios/command_center/docs/mermaid/view_specs/dead_code_detection.md,h2,Goal,goal,dead-code-detection-view-spec,Highlight modules that accumulate unused symbols so reviewers can prioritize clean-up of unreachable functions and imports that inflate maintenance cost or mask refactoring opportunities.,4393,2025-11-25T19:41:38.796364+00:00,,,,no,
.repo_studios/command_center/docs/mermaid/view_specs,.repo_studios/command_center/docs/mermaid/view_specs/dead_code_detection.md,h2,Inputs,inputs,dead-code-detection-view-spec,Highlight modules that accumulate unused symbols so reviewers can prioritize clean-up of unreachable functions and imports that inflate maintenance cost or mask refactoring opportunities.,4393,2025-11-25T19:41:38.796364+00:00,,,,no,
.repo_studios/command_center/docs/mermaid/view_specs,.repo_studios/command_center/docs/mermaid/view_specs/dead_code_detection.md,h2,Transformations,transformations,dead-code-detection-view-spec,Highlight modules that accumulate unused symbols so reviewers can prioritize clean-up of unreachable functions and imports that inflate maintenance cost or mask refactoring opportunities.,4393,2025-11-25T19:41:38.796364+00:00,,,,no,
.repo_studios/command_center/docs/mermaid/view_specs,.repo_studios/command_center/docs/mermaid/view_specs/dead_code_detection.md,h2,Mermaid Output Structure,mermaid-output-structure,dead-code-detection-view-spec,Highlight modules that accumulate unused symbols so reviewers can prioritize clean-up of unreachable functions and imports that inflate maintenance cost or mask refactoring opportunities.,4393,2025-11-25T19:41:38.796364+00:00,,,,no,
.repo_studios/command_center/docs/mermaid/view_specs,.repo_studios/command_center/docs/mermaid/view_specs/dead_code_detection.md,h2,Implementation References,implementation-references,dead-code-detection-view-spec,Highlight modules that accumulate unused symbols so reviewers can prioritize clean-up of unreachable functions and imports that inflate maintenance cost or mask refactoring opportunities.,4393,2025-11-25T19:41:38.796364+00:00,,,,no,
.repo_studios/command_center/docs/mermaid/view_specs,.repo_studios/command_center/docs/mermaid/view_specs/dead_code_detection.md,h2,Verification & Hardening,verification-hardening,dead-code-detection-view-spec,Highlight modules that accumulate unused symbols so reviewers can prioritize clean-up of unreachable functions and imports that inflate maintenance cost or mask refactoring opportunities.,4393,2025-11-25T19:41:38.796364+00:00,,,,no,
.repo_studios/command_center/docs/mermaid/view_specs,.repo_studios/command_center/docs/mermaid/view_specs/dead_code_detection.md,h2,Future Enhancements,future-enhancements,dead-code-detection-view-spec,Highlight modules that accumulate unused symbols so reviewers can prioritize clean-up of unreachable functions and imports that inflate maintenance cost or mask refactoring opportunities.,4393,2025-11-25T19:41:38.796364+00:00,,,,no,
.repo_studios/command_center/docs/mermaid/view_specs,.repo_studios/command_center/docs/mermaid/view_specs/decorator_usage_map.md,h1,Decorator Usage Map View Spec,decorator-usage-map-view-spec,,"Cluster functions by decorator usage so maintainers can audit annotation patterns, confirm policy-enforced decorators are present, and spot modules that overuse or lack critical decorators during reviews.",4036,2025-11-10T02:50:17.687901+00:00,,,,no,
.repo_studios/command_center/docs/mermaid/view_specs,.repo_studios/command_center/docs/mermaid/view_specs/decorator_usage_map.md,h2,Goal,goal,decorator-usage-map-view-spec,"Cluster functions by decorator usage so maintainers can audit annotation patterns, confirm policy-enforced decorators are present, and spot modules that overuse or lack critical decorators during reviews.",4036,2025-11-10T02:50:17.687901+00:00,,,,no,
.repo_studios/command_center/docs/mermaid/view_specs,.repo_studios/command_center/docs/mermaid/view_specs/decorator_usage_map.md,h2,Inputs,inputs,decorator-usage-map-view-spec,"Cluster functions by decorator usage so maintainers can audit annotation patterns, confirm policy-enforced decorators are present, and spot modules that overuse or lack critical decorators during reviews.",4036,2025-11-10T02:50:17.687901+00:00,,,,no,
.repo_studios/command_center/docs/mermaid/view_specs,.repo_studios/command_center/docs/mermaid/view_specs/decorator_usage_map.md,h2,Transformations (Planned),transformations-planned,decorator-usage-map-view-spec,"Cluster functions by decorator usage so maintainers can audit annotation patterns, confirm policy-enforced decorators are present, and spot modules that overuse or lack critical decorators during reviews.",4036,2025-11-10T02:50:17.687901+00:00,,,,no,
.repo_studios/command_center/docs/mermaid/view_specs,.repo_studios/command_center/docs/mermaid/view_specs/decorator_usage_map.md,h2,Implementation References,implementation-references,decorator-usage-map-view-spec,"Cluster functions by decorator usage so maintainers can audit annotation patterns, confirm policy-enforced decorators are present, and spot modules that overuse or lack critical decorators during reviews.",4036,2025-11-10T02:50:17.687901+00:00,,,,no,
.repo_studios/command_center/docs/mermaid/view_specs,.repo_studios/command_center/docs/mermaid/view_specs/decorator_usage_map.md,h2,Verification & Hardening,verification-hardening,decorator-usage-map-view-spec,"Cluster functions by decorator usage so maintainers can audit annotation patterns, confirm policy-enforced decorators are present, and spot modules that overuse or lack critical decorators during reviews.",4036,2025-11-10T02:50:17.687901+00:00,,,,no,
.repo_studios/command_center/docs/mermaid/view_specs,.repo_studios/command_center/docs/mermaid/view_specs/decorator_usage_map.md,h2,Future Enhancements,future-enhancements,decorator-usage-map-view-spec,"Cluster functions by decorator usage so maintainers can audit annotation patterns, confirm policy-enforced decorators are present, and spot modules that overuse or lack critical decorators during reviews.",4036,2025-11-10T02:50:17.687901+00:00,,,,no,
.repo_studios/command_center/docs/mermaid/view_specs,.repo_studios/command_center/docs/mermaid/view_specs/documentation_coverage_map.md,h1,Documentation Coverage Map View Spec,documentation-coverage-map-view-spec,,"Highlight documentation quality across functions in a CommandView artifact by grouping items into documented, missing, or unknown buckets. The view helps reviewers spot modules that lack docstrings or contain stale notes before onboarding…",4705,2025-11-09T13:52:08.599860+00:00,,,,no,
.repo_studios/command_center/docs/mermaid/view_specs,.repo_studios/command_center/docs/mermaid/view_specs/documentation_coverage_map.md,h2,Goal,goal,documentation-coverage-map-view-spec,"Highlight documentation quality across functions in a CommandView artifact by grouping items into documented, missing, or unknown buckets. The view helps reviewers spot modules that lack docstrings or contain stale notes before onboarding…",4705,2025-11-09T13:52:08.599860+00:00,,,,no,
.repo_studios/command_center/docs/mermaid/view_specs,.repo_studios/command_center/docs/mermaid/view_specs/documentation_coverage_map.md,h2,Inputs,inputs,documentation-coverage-map-view-spec,"Highlight documentation quality across functions in a CommandView artifact by grouping items into documented, missing, or unknown buckets. The view helps reviewers spot modules that lack docstrings or contain stale notes before onboarding…",4705,2025-11-09T13:52:08.599860+00:00,,,,no,
.repo_studios/command_center/docs/mermaid/view_specs,.repo_studios/command_center/docs/mermaid/view_specs/documentation_coverage_map.md,h2,Transformations,transformations,documentation-coverage-map-view-spec,"Highlight documentation quality across functions in a CommandView artifact by grouping items into documented, missing, or unknown buckets. The view helps reviewers spot modules that lack docstrings or contain stale notes before onboarding…",4705,2025-11-09T13:52:08.599860+00:00,,,,no,
.repo_studios/command_center/docs/mermaid/view_specs,.repo_studios/command_center/docs/mermaid/view_specs/documentation_coverage_map.md,h2,Mermaid Output Structure,mermaid-output-structure,documentation-coverage-map-view-spec,"Highlight documentation quality across functions in a CommandView artifact by grouping items into documented, missing, or unknown buckets. The view helps reviewers spot modules that lack docstrings or contain stale notes before onboarding…",4705,2025-11-09T13:52:08.599860+00:00,,,,no,
.repo_studios/command_center/docs/mermaid/view_specs,.repo_studios/command_center/docs/mermaid/view_specs/documentation_coverage_map.md,h2,Implementation References,implementation-references,documentation-coverage-map-view-spec,"Highlight documentation quality across functions in a CommandView artifact by grouping items into documented, missing, or unknown buckets. The view helps reviewers spot modules that lack docstrings or contain stale notes before onboarding…",4705,2025-11-09T13:52:08.599860+00:00,,,,no,
.repo_studios/command_center/docs/mermaid/view_specs,.repo_studios/command_center/docs/mermaid/view_specs/documentation_coverage_map.md,h2,Verification & Hardening,verification-hardening,documentation-coverage-map-view-spec,"Highlight documentation quality across functions in a CommandView artifact by grouping items into documented, missing, or unknown buckets. The view helps reviewers spot modules that lack docstrings or contain stale notes before onboarding…",4705,2025-11-09T13:52:08.599860+00:00,,,,no,
.repo_studios/command_center/docs/mermaid/view_specs,.repo_studios/command_center/docs/mermaid/view_specs/documentation_coverage_map.md,h2,Future Enhancements,future-enhancements,documentation-coverage-map-view-spec,"Highlight documentation quality across functions in a CommandView artifact by grouping items into documented, missing, or unknown buckets. The view helps reviewers spot modules that lack docstrings or contain stale notes before onboarding…",4705,2025-11-09T13:52:08.599860+00:00,,,,no,
.repo_studios/command_center/docs/mermaid/view_specs,.repo_studios/command_center/docs/mermaid/view_specs/dynamic_code_watchlist.md,document,,dynamiccodewatchlist,,,4737,2025-11-11T19:18:20.042571+00:00,,,,no,
.repo_studios/command_center/docs/mermaid/view_specs,.repo_studios/command_center/docs/mermaid/view_specs/entrypoint_trace_diagram.md,document,,entrypointtracediagram,,,4987,2025-11-11T20:50:52.234611+00:00,,,,no,
.repo_studios/command_center/docs/mermaid/view_specs,.repo_studios/command_center/docs/mermaid/view_specs/exception_flow_map.md,h1,Exception Flow Map View Spec,exception-flow-map-view-spec,,"Highlight where functions raise exceptions so operators can quickly spot unstable modules, understand shared failure modes, and prioritize remediation as part of the State Effects pack.",4746,2025-11-12T17:19:01.353505+00:00,,,,no,
.repo_studios/command_center/docs/mermaid/view_specs,.repo_studios/command_center/docs/mermaid/view_specs/exception_flow_map.md,h2,Goal,goal,exception-flow-map-view-spec,"Highlight where functions raise exceptions so operators can quickly spot unstable modules, understand shared failure modes, and prioritize remediation as part of the State Effects pack.",4746,2025-11-12T17:19:01.353505+00:00,,,,no,
.repo_studios/command_center/docs/mermaid/view_specs,.repo_studios/command_center/docs/mermaid/view_specs/exception_flow_map.md,h2,Inputs,inputs,exception-flow-map-view-spec,"Highlight where functions raise exceptions so operators can quickly spot unstable modules, understand shared failure modes, and prioritize remediation as part of the State Effects pack.",4746,2025-11-12T17:19:01.353505+00:00,,,,no,
.repo_studios/command_center/docs/mermaid/view_specs,.repo_studios/command_center/docs/mermaid/view_specs/exception_flow_map.md,h2,Transformations,transformations,exception-flow-map-view-spec,"Highlight where functions raise exceptions so operators can quickly spot unstable modules, understand shared failure modes, and prioritize remediation as part of the State Effects pack.",4746,2025-11-12T17:19:01.353505+00:00,,,,no,
.repo_studios/command_center/docs/mermaid/view_specs,.repo_studios/command_center/docs/mermaid/view_specs/exception_flow_map.md,h2,Mermaid Output Structure,mermaid-output-structure,exception-flow-map-view-spec,"Highlight where functions raise exceptions so operators can quickly spot unstable modules, understand shared failure modes, and prioritize remediation as part of the State Effects pack.",4746,2025-11-12T17:19:01.353505+00:00,,,,no,
.repo_studios/command_center/docs/mermaid/view_specs,.repo_studios/command_center/docs/mermaid/view_specs/exception_flow_map.md,h2,Implementation References,implementation-references,exception-flow-map-view-spec,"Highlight where functions raise exceptions so operators can quickly spot unstable modules, understand shared failure modes, and prioritize remediation as part of the State Effects pack.",4746,2025-11-12T17:19:01.353505+00:00,,,,no,
.repo_studios/command_center/docs/mermaid/view_specs,.repo_studios/command_center/docs/mermaid/view_specs/exception_flow_map.md,h2,Verification & Hardening,verification-hardening,exception-flow-map-view-spec,"Highlight where functions raise exceptions so operators can quickly spot unstable modules, understand shared failure modes, and prioritize remediation as part of the State Effects pack.",4746,2025-11-12T17:19:01.353505+00:00,,,,no,
.repo_studios/command_center/docs/mermaid/view_specs,.repo_studios/command_center/docs/mermaid/view_specs/exception_flow_map.md,h2,Future Enhancements,future-enhancements,exception-flow-map-view-spec,"Highlight where functions raise exceptions so operators can quickly spot unstable modules, understand shared failure modes, and prioritize remediation as part of the State Effects pack.",4746,2025-11-12T17:19:01.353505+00:00,,,,no,
.repo_studios/command_center/docs/mermaid/view_specs,.repo_studios/command_center/docs/mermaid/view_specs/export_contract_matrix.md,h1,Export Contract Matrix View Spec,export-contract-matrix-view-spec,,"Represent each module's public export contract so operators can verify that `__all__` declarations align with locally defined symbols, highlight re-exported helpers, and flag gaps where contracts omit or reference missing entries. The…",5061,2025-11-10T22:16:35.884664+00:00,,,,no,
.repo_studios/command_center/docs/mermaid/view_specs,.repo_studios/command_center/docs/mermaid/view_specs/export_contract_matrix.md,h2,Goal,goal,export-contract-matrix-view-spec,"Represent each module's public export contract so operators can verify that `__all__` declarations align with locally defined symbols, highlight re-exported helpers, and flag gaps where contracts omit or reference missing entries. The…",5061,2025-11-10T22:16:35.884664+00:00,,,,no,
.repo_studios/command_center/docs/mermaid/view_specs,.repo_studios/command_center/docs/mermaid/view_specs/export_contract_matrix.md,h2,Inputs,inputs,export-contract-matrix-view-spec,"Represent each module's public export contract so operators can verify that `__all__` declarations align with locally defined symbols, highlight re-exported helpers, and flag gaps where contracts omit or reference missing entries. The…",5061,2025-11-10T22:16:35.884664+00:00,,,,no,
.repo_studios/command_center/docs/mermaid/view_specs,.repo_studios/command_center/docs/mermaid/view_specs/export_contract_matrix.md,h2,Transformations,transformations,export-contract-matrix-view-spec,"Represent each module's public export contract so operators can verify that `__all__` declarations align with locally defined symbols, highlight re-exported helpers, and flag gaps where contracts omit or reference missing entries. The…",5061,2025-11-10T22:16:35.884664+00:00,,,,no,
.repo_studios/command_center/docs/mermaid/view_specs,.repo_studios/command_center/docs/mermaid/view_specs/export_contract_matrix.md,h2,Mermaid Output Structure,mermaid-output-structure,export-contract-matrix-view-spec,"Represent each module's public export contract so operators can verify that `__all__` declarations align with locally defined symbols, highlight re-exported helpers, and flag gaps where contracts omit or reference missing entries. The…",5061,2025-11-10T22:16:35.884664+00:00,,,,no,
.repo_studios/command_center/docs/mermaid/view_specs,.repo_studios/command_center/docs/mermaid/view_specs/export_contract_matrix.md,h2,Implementation References,implementation-references,export-contract-matrix-view-spec,"Represent each module's public export contract so operators can verify that `__all__` declarations align with locally defined symbols, highlight re-exported helpers, and flag gaps where contracts omit or reference missing entries. The…",5061,2025-11-10T22:16:35.884664+00:00,,,,no,
.repo_studios/command_center/docs/mermaid/view_specs,.repo_studios/command_center/docs/mermaid/view_specs/export_contract_matrix.md,h2,Verification & Hardening,verification-hardening,export-contract-matrix-view-spec,"Represent each module's public export contract so operators can verify that `__all__` declarations align with locally defined symbols, highlight re-exported helpers, and flag gaps where contracts omit or reference missing entries. The…",5061,2025-11-10T22:16:35.884664+00:00,,,,no,
.repo_studios/command_center/docs/mermaid/view_specs,.repo_studios/command_center/docs/mermaid/view_specs/export_contract_matrix.md,h2,Future Enhancements,future-enhancements,export-contract-matrix-view-spec,"Represent each module's public export contract so operators can verify that `__all__` declarations align with locally defined symbols, highlight re-exported helpers, and flag gaps where contracts omit or reference missing entries. The…",5061,2025-11-10T22:16:35.884664+00:00,,,,no,
.repo_studios/command_center/docs/mermaid/view_specs,.repo_studios/command_center/docs/mermaid/view_specs/external_vs_internal_dependency_map.md,h2,Goal,goal,,,4606,2025-11-11T14:21:33.164689+00:00,,,,no,
.repo_studios/command_center/docs/mermaid/view_specs,.repo_studios/command_center/docs/mermaid/view_specs/external_vs_internal_dependency_map.md,h2,Inputs,inputs,,,4606,2025-11-11T14:21:33.164689+00:00,,,,no,
.repo_studios/command_center/docs/mermaid/view_specs,.repo_studios/command_center/docs/mermaid/view_specs/external_vs_internal_dependency_map.md,h2,Transformations,transformations,,,4606,2025-11-11T14:21:33.164689+00:00,,,,no,
.repo_studios/command_center/docs/mermaid/view_specs,.repo_studios/command_center/docs/mermaid/view_specs/external_vs_internal_dependency_map.md,h2,Mermaid Output Structure,mermaid-output-structure,,,4606,2025-11-11T14:21:33.164689+00:00,,,,no,
.repo_studios/command_center/docs/mermaid/view_specs,.repo_studios/command_center/docs/mermaid/view_specs/external_vs_internal_dependency_map.md,h2,Implementation References,implementation-references,,,4606,2025-11-11T14:21:33.164689+00:00,,,,no,
.repo_studios/command_center/docs/mermaid/view_specs,.repo_studios/command_center/docs/mermaid/view_specs/external_vs_internal_dependency_map.md,h2,Verification & Hardening,verification-hardening,,,4606,2025-11-11T14:21:33.164689+00:00,,,,no,
.repo_studios/command_center/docs/mermaid/view_specs,.repo_studios/command_center/docs/mermaid/view_specs/external_vs_internal_dependency_map.md,h2,Future Enhancements,future-enhancements,,,4606,2025-11-11T14:21:33.164689+00:00,,,,no,
.repo_studios/command_center/docs/mermaid/view_specs,.repo_studios/command_center/docs/mermaid/view_specs/function_call_graph.md,document,,functioncallgraph,,,4243,2025-11-09T12:22:54.577880+00:00,,,,no,
.repo_studios/command_center/docs/mermaid/view_specs,.repo_studios/command_center/docs/mermaid/view_specs/function_inventory_overview.md,h1,Function Inventory Overview View Spec,function-inventory-overview-view-spec,,"Provide a high-level health snapshot for a selected CommandView artifact, summarizing module counts, function totals, documentation coverage, type-hint adoption, TODO hotspots, and top-level package density. The view helps reviewers…",4000,2025-11-09T12:03:21.554136+00:00,,,,no,
.repo_studios/command_center/docs/mermaid/view_specs,.repo_studios/command_center/docs/mermaid/view_specs/function_inventory_overview.md,h2,Goal,goal,function-inventory-overview-view-spec,"Provide a high-level health snapshot for a selected CommandView artifact, summarizing module counts, function totals, documentation coverage, type-hint adoption, TODO hotspots, and top-level package density. The view helps reviewers…",4000,2025-11-09T12:03:21.554136+00:00,,,,no,
.repo_studios/command_center/docs/mermaid/view_specs,.repo_studios/command_center/docs/mermaid/view_specs/function_inventory_overview.md,h2,Inputs,inputs,function-inventory-overview-view-spec,"Provide a high-level health snapshot for a selected CommandView artifact, summarizing module counts, function totals, documentation coverage, type-hint adoption, TODO hotspots, and top-level package density. The view helps reviewers…",4000,2025-11-09T12:03:21.554136+00:00,,,,no,
.repo_studios/command_center/docs/mermaid/view_specs,.repo_studios/command_center/docs/mermaid/view_specs/function_inventory_overview.md,h2,Transformations,transformations,function-inventory-overview-view-spec,"Provide a high-level health snapshot for a selected CommandView artifact, summarizing module counts, function totals, documentation coverage, type-hint adoption, TODO hotspots, and top-level package density. The view helps reviewers…",4000,2025-11-09T12:03:21.554136+00:00,,,,no,
.repo_studios/command_center/docs/mermaid/view_specs,.repo_studios/command_center/docs/mermaid/view_specs/function_inventory_overview.md,h2,Mermaid Output Structure,mermaid-output-structure,function-inventory-overview-view-spec,"Provide a high-level health snapshot for a selected CommandView artifact, summarizing module counts, function totals, documentation coverage, type-hint adoption, TODO hotspots, and top-level package density. The view helps reviewers…",4000,2025-11-09T12:03:21.554136+00:00,,,,no,
.repo_studios/command_center/docs/mermaid/view_specs,.repo_studios/command_center/docs/mermaid/view_specs/function_inventory_overview.md,h2,Implementation References,implementation-references,function-inventory-overview-view-spec,"Provide a high-level health snapshot for a selected CommandView artifact, summarizing module counts, function totals, documentation coverage, type-hint adoption, TODO hotspots, and top-level package density. The view helps reviewers…",4000,2025-11-09T12:03:21.554136+00:00,,,,no,
.repo_studios/command_center/docs/mermaid/view_specs,.repo_studios/command_center/docs/mermaid/view_specs/function_inventory_overview.md,h2,Verification & Hardening,verification-hardening,function-inventory-overview-view-spec,"Provide a high-level health snapshot for a selected CommandView artifact, summarizing module counts, function totals, documentation coverage, type-hint adoption, TODO hotspots, and top-level package density. The view helps reviewers…",4000,2025-11-09T12:03:21.554136+00:00,,,,no,
.repo_studios/command_center/docs/mermaid/view_specs,.repo_studios/command_center/docs/mermaid/view_specs/function_inventory_overview.md,h2,Future Enhancements,future-enhancements,function-inventory-overview-view-spec,"Provide a high-level health snapshot for a selected CommandView artifact, summarizing module counts, function totals, documentation coverage, type-hint adoption, TODO hotspots, and top-level package density. The view helps reviewers…",4000,2025-11-09T12:03:21.554136+00:00,,,,no,
.repo_studios/command_center/docs/mermaid/view_specs,.repo_studios/command_center/docs/mermaid/view_specs/git_churn_risk_map.md,h1,Git Churn Risk Map View Spec,git-churn-risk-map-view-spec,,Highlight modules and functions with elevated change frequency so auditors can prioritize risky areas that combine churn with code complexity or coverage gaps. The view will aggregate churn signals captured by the CommandView inventory and…,4143,2025-11-13T13:02:43.504541+00:00,,,,yes,
.repo_studios/command_center/docs/mermaid/view_specs,.repo_studios/command_center/docs/mermaid/view_specs/git_churn_risk_map.md,h2,Goal,goal,git-churn-risk-map-view-spec,Highlight modules and functions with elevated change frequency so auditors can prioritize risky areas that combine churn with code complexity or coverage gaps. The view will aggregate churn signals captured by the CommandView inventory and…,4143,2025-11-13T13:02:43.504541+00:00,,,,yes,
.repo_studios/command_center/docs/mermaid/view_specs,.repo_studios/command_center/docs/mermaid/view_specs/git_churn_risk_map.md,h2,Inputs,inputs,git-churn-risk-map-view-spec,Highlight modules and functions with elevated change frequency so auditors can prioritize risky areas that combine churn with code complexity or coverage gaps. The view will aggregate churn signals captured by the CommandView inventory and…,4143,2025-11-13T13:02:43.504541+00:00,,,,yes,
.repo_studios/command_center/docs/mermaid/view_specs,.repo_studios/command_center/docs/mermaid/view_specs/git_churn_risk_map.md,h2,Transformations,transformations,git-churn-risk-map-view-spec,Highlight modules and functions with elevated change frequency so auditors can prioritize risky areas that combine churn with code complexity or coverage gaps. The view will aggregate churn signals captured by the CommandView inventory and…,4143,2025-11-13T13:02:43.504541+00:00,,,,yes,
.repo_studios/command_center/docs/mermaid/view_specs,.repo_studios/command_center/docs/mermaid/view_specs/git_churn_risk_map.md,h2,Mermaid Output Structure (proposed),mermaid-output-structure-proposed,git-churn-risk-map-view-spec,Highlight modules and functions with elevated change frequency so auditors can prioritize risky areas that combine churn with code complexity or coverage gaps. The view will aggregate churn signals captured by the CommandView inventory and…,4143,2025-11-13T13:02:43.504541+00:00,,,,yes,
.repo_studios/command_center/docs/mermaid/view_specs,.repo_studios/command_center/docs/mermaid/view_specs/git_churn_risk_map.md,h2,Implementation References,implementation-references,git-churn-risk-map-view-spec,Highlight modules and functions with elevated change frequency so auditors can prioritize risky areas that combine churn with code complexity or coverage gaps. The view will aggregate churn signals captured by the CommandView inventory and…,4143,2025-11-13T13:02:43.504541+00:00,,,,yes,
.repo_studios/command_center/docs/mermaid/view_specs,.repo_studios/command_center/docs/mermaid/view_specs/git_churn_risk_map.md,h2,Verification & Hardening,verification-hardening,git-churn-risk-map-view-spec,Highlight modules and functions with elevated change frequency so auditors can prioritize risky areas that combine churn with code complexity or coverage gaps. The view will aggregate churn signals captured by the CommandView inventory and…,4143,2025-11-13T13:02:43.504541+00:00,,,,yes,
.repo_studios/command_center/docs/mermaid/view_specs,.repo_studios/command_center/docs/mermaid/view_specs/git_churn_risk_map.md,h2,Future Enhancements,future-enhancements,git-churn-risk-map-view-spec,Highlight modules and functions with elevated change frequency so auditors can prioritize risky areas that combine churn with code complexity or coverage gaps. The view will aggregate churn signals captured by the CommandView inventory and…,4143,2025-11-13T13:02:43.504541+00:00,,,,yes,
.repo_studios/command_center/docs/mermaid/view_specs,.repo_studios/command_center/docs/mermaid/view_specs/global_variable_usage_map.md,h1,Global Variable Usage Map View Spec,global-variable-usage-map-view-spec,,"Surface module-level global variables and the functions that reference them so operators can quickly spot hidden couplings, implicit state, and potential refactoring targets before expanding to broader side-effect views.",4306,2025-11-12T02:31:03.545393+00:00,,,,no,
.repo_studios/command_center/docs/mermaid/view_specs,.repo_studios/command_center/docs/mermaid/view_specs/global_variable_usage_map.md,h2,Goal,goal,global-variable-usage-map-view-spec,"Surface module-level global variables and the functions that reference them so operators can quickly spot hidden couplings, implicit state, and potential refactoring targets before expanding to broader side-effect views.",4306,2025-11-12T02:31:03.545393+00:00,,,,no,
.repo_studios/command_center/docs/mermaid/view_specs,.repo_studios/command_center/docs/mermaid/view_specs/global_variable_usage_map.md,h2,Inputs,inputs,global-variable-usage-map-view-spec,"Surface module-level global variables and the functions that reference them so operators can quickly spot hidden couplings, implicit state, and potential refactoring targets before expanding to broader side-effect views.",4306,2025-11-12T02:31:03.545393+00:00,,,,no,
.repo_studios/command_center/docs/mermaid/view_specs,.repo_studios/command_center/docs/mermaid/view_specs/global_variable_usage_map.md,h2,Transformations,transformations,global-variable-usage-map-view-spec,"Surface module-level global variables and the functions that reference them so operators can quickly spot hidden couplings, implicit state, and potential refactoring targets before expanding to broader side-effect views.",4306,2025-11-12T02:31:03.545393+00:00,,,,no,
.repo_studios/command_center/docs/mermaid/view_specs,.repo_studios/command_center/docs/mermaid/view_specs/global_variable_usage_map.md,h2,Mermaid Output Structure,mermaid-output-structure,global-variable-usage-map-view-spec,"Surface module-level global variables and the functions that reference them so operators can quickly spot hidden couplings, implicit state, and potential refactoring targets before expanding to broader side-effect views.",4306,2025-11-12T02:31:03.545393+00:00,,,,no,
.repo_studios/command_center/docs/mermaid/view_specs,.repo_studios/command_center/docs/mermaid/view_specs/global_variable_usage_map.md,h2,Implementation References,implementation-references,global-variable-usage-map-view-spec,"Surface module-level global variables and the functions that reference them so operators can quickly spot hidden couplings, implicit state, and potential refactoring targets before expanding to broader side-effect views.",4306,2025-11-12T02:31:03.545393+00:00,,,,no,
.repo_studios/command_center/docs/mermaid/view_specs,.repo_studios/command_center/docs/mermaid/view_specs/global_variable_usage_map.md,h2,Verification & Hardening,verification-hardening,global-variable-usage-map-view-spec,"Surface module-level global variables and the functions that reference them so operators can quickly spot hidden couplings, implicit state, and potential refactoring targets before expanding to broader side-effect views.",4306,2025-11-12T02:31:03.545393+00:00,,,,no,
.repo_studios/command_center/docs/mermaid/view_specs,.repo_studios/command_center/docs/mermaid/view_specs/global_variable_usage_map.md,h2,Future Enhancements,future-enhancements,global-variable-usage-map-view-spec,"Surface module-level global variables and the functions that reference them so operators can quickly spot hidden couplings, implicit state, and potential refactoring targets before expanding to broader side-effect views.",4306,2025-11-12T02:31:03.545393+00:00,,,,no,
.repo_studios/command_center/docs/mermaid/view_specs,.repo_studios/command_center/docs/mermaid/view_specs/import_chain_depth.md,h2,Goal,goal,,,4855,2025-11-13T01:18:18.407063+00:00,,,,no,
.repo_studios/command_center/docs/mermaid/view_specs,.repo_studios/command_center/docs/mermaid/view_specs/import_chain_depth.md,h2,Inputs,inputs,,,4855,2025-11-13T01:18:18.407063+00:00,,,,no,
.repo_studios/command_center/docs/mermaid/view_specs,.repo_studios/command_center/docs/mermaid/view_specs/import_chain_depth.md,h2,Transformations,transformations,,,4855,2025-11-13T01:18:18.407063+00:00,,,,no,
.repo_studios/command_center/docs/mermaid/view_specs,.repo_studios/command_center/docs/mermaid/view_specs/import_chain_depth.md,h2,Mermaid Output Structure,mermaid-output-structure,,,4855,2025-11-13T01:18:18.407063+00:00,,,,no,
.repo_studios/command_center/docs/mermaid/view_specs,.repo_studios/command_center/docs/mermaid/view_specs/import_chain_depth.md,h2,Implementation References,implementation-references,,,4855,2025-11-13T01:18:18.407063+00:00,,,,no,
.repo_studios/command_center/docs/mermaid/view_specs,.repo_studios/command_center/docs/mermaid/view_specs/import_chain_depth.md,h2,Verification & Hardening,verification-hardening,,,4855,2025-11-13T01:18:18.407063+00:00,,,,no,
.repo_studios/command_center/docs/mermaid/view_specs,.repo_studios/command_center/docs/mermaid/view_specs/import_chain_depth.md,h2,Future Enhancements,future-enhancements,,,4855,2025-11-13T01:18:18.407063+00:00,,,,no,
.repo_studios/command_center/docs/mermaid/view_specs,.repo_studios/command_center/docs/mermaid/view_specs/io_effects_diagram.md,h1,IO Effects Diagram View Spec,io-effects-diagram-view-spec,,"Surface module-level functions that interact with the filesystem, environment, or network so operators can trace stateful side effects alongside the emerging State Effects pack.",4077,2025-11-12T02:58:12.165922+00:00,,,,no,
.repo_studios/command_center/docs/mermaid/view_specs,.repo_studios/command_center/docs/mermaid/view_specs/io_effects_diagram.md,h2,Goal,goal,io-effects-diagram-view-spec,"Surface module-level functions that interact with the filesystem, environment, or network so operators can trace stateful side effects alongside the emerging State Effects pack.",4077,2025-11-12T02:58:12.165922+00:00,,,,no,
.repo_studios/command_center/docs/mermaid/view_specs,.repo_studios/command_center/docs/mermaid/view_specs/io_effects_diagram.md,h2,Inputs,inputs,io-effects-diagram-view-spec,"Surface module-level functions that interact with the filesystem, environment, or network so operators can trace stateful side effects alongside the emerging State Effects pack.",4077,2025-11-12T02:58:12.165922+00:00,,,,no,
.repo_studios/command_center/docs/mermaid/view_specs,.repo_studios/command_center/docs/mermaid/view_specs/io_effects_diagram.md,h2,Transformations,transformations,io-effects-diagram-view-spec,"Surface module-level functions that interact with the filesystem, environment, or network so operators can trace stateful side effects alongside the emerging State Effects pack.",4077,2025-11-12T02:58:12.165922+00:00,,,,no,
.repo_studios/command_center/docs/mermaid/view_specs,.repo_studios/command_center/docs/mermaid/view_specs/io_effects_diagram.md,h2,Mermaid Output Structure,mermaid-output-structure,io-effects-diagram-view-spec,"Surface module-level functions that interact with the filesystem, environment, or network so operators can trace stateful side effects alongside the emerging State Effects pack.",4077,2025-11-12T02:58:12.165922+00:00,,,,no,
.repo_studios/command_center/docs/mermaid/view_specs,.repo_studios/command_center/docs/mermaid/view_specs/io_effects_diagram.md,h2,Implementation References,implementation-references,io-effects-diagram-view-spec,"Surface module-level functions that interact with the filesystem, environment, or network so operators can trace stateful side effects alongside the emerging State Effects pack.",4077,2025-11-12T02:58:12.165922+00:00,,,,no,
.repo_studios/command_center/docs/mermaid/view_specs,.repo_studios/command_center/docs/mermaid/view_specs/io_effects_diagram.md,h2,Verification & Hardening,verification-hardening,io-effects-diagram-view-spec,"Surface module-level functions that interact with the filesystem, environment, or network so operators can trace stateful side effects alongside the emerging State Effects pack.",4077,2025-11-12T02:58:12.165922+00:00,,,,no,
.repo_studios/command_center/docs/mermaid/view_specs,.repo_studios/command_center/docs/mermaid/view_specs/io_effects_diagram.md,h2,Future Enhancements,future-enhancements,io-effects-diagram-view-spec,"Surface module-level functions that interact with the filesystem, environment, or network so operators can trace stateful side effects alongside the emerging State Effects pack.",4077,2025-11-12T02:58:12.165922+00:00,,,,no,
.repo_studios/command_center/docs/mermaid/view_specs,.repo_studios/command_center/docs/mermaid/view_specs/layer_architecture_validation.md,h1,Layer Architecture Validation View Spec,layer-architecture-validation-view-spec,,Confirm Repo Studios automation adheres to the mandated execution pipeline — Producers → Consumers → Aggregators → Orchestrators → Summarizers — by rendering each tier as a discrete swimlane and highlighting dependencies that flow in the…,4534,2025-11-11T12:06:51.981977+00:00,,,,no,
.repo_studios/command_center/docs/mermaid/view_specs,.repo_studios/command_center/docs/mermaid/view_specs/layer_architecture_validation.md,h2,Goal,goal,layer-architecture-validation-view-spec,Confirm Repo Studios automation adheres to the mandated execution pipeline — Producers → Consumers → Aggregators → Orchestrators → Summarizers — by rendering each tier as a discrete swimlane and highlighting dependencies that flow in the…,4534,2025-11-11T12:06:51.981977+00:00,,,,no,
.repo_studios/command_center/docs/mermaid/view_specs,.repo_studios/command_center/docs/mermaid/view_specs/layer_architecture_validation.md,h2,Inputs,inputs,layer-architecture-validation-view-spec,Confirm Repo Studios automation adheres to the mandated execution pipeline — Producers → Consumers → Aggregators → Orchestrators → Summarizers — by rendering each tier as a discrete swimlane and highlighting dependencies that flow in the…,4534,2025-11-11T12:06:51.981977+00:00,,,,no,
.repo_studios/command_center/docs/mermaid/view_specs,.repo_studios/command_center/docs/mermaid/view_specs/layer_architecture_validation.md,h2,Transformations,transformations,layer-architecture-validation-view-spec,Confirm Repo Studios automation adheres to the mandated execution pipeline — Producers → Consumers → Aggregators → Orchestrators → Summarizers — by rendering each tier as a discrete swimlane and highlighting dependencies that flow in the…,4534,2025-11-11T12:06:51.981977+00:00,,,,no,
.repo_studios/command_center/docs/mermaid/view_specs,.repo_studios/command_center/docs/mermaid/view_specs/layer_architecture_validation.md,h2,Mermaid Output Structure,mermaid-output-structure,layer-architecture-validation-view-spec,Confirm Repo Studios automation adheres to the mandated execution pipeline — Producers → Consumers → Aggregators → Orchestrators → Summarizers — by rendering each tier as a discrete swimlane and highlighting dependencies that flow in the…,4534,2025-11-11T12:06:51.981977+00:00,,,,no,
.repo_studios/command_center/docs/mermaid/view_specs,.repo_studios/command_center/docs/mermaid/view_specs/layer_architecture_validation.md,h2,Verification & Hardening,verification-hardening,layer-architecture-validation-view-spec,Confirm Repo Studios automation adheres to the mandated execution pipeline — Producers → Consumers → Aggregators → Orchestrators → Summarizers — by rendering each tier as a discrete swimlane and highlighting dependencies that flow in the…,4534,2025-11-11T12:06:51.981977+00:00,,,,no,
.repo_studios/command_center/docs/mermaid/view_specs,.repo_studios/command_center/docs/mermaid/view_specs/layer_architecture_validation.md,h2,Future Enhancements,future-enhancements,layer-architecture-validation-view-spec,Confirm Repo Studios automation adheres to the mandated execution pipeline — Producers → Consumers → Aggregators → Orchestrators → Summarizers — by rendering each tier as a discrete swimlane and highlighting dependencies that flow in the…,4534,2025-11-11T12:06:51.981977+00:00,,,,no,
.repo_studios/command_center/docs/mermaid/view_specs,.repo_studios/command_center/docs/mermaid/view_specs/logging_flow.md,h1,Logging Flow View Spec,logging-flow-view-spec,,"Surface how logging statements propagate through the codebase so maintainers can gauge observability coverage, highlight logging hot spots, and verify that critical code paths emit the expected log levels.",4543,2025-11-09T22:40:49.131670+00:00,,,,no,
.repo_studios/command_center/docs/mermaid/view_specs,.repo_studios/command_center/docs/mermaid/view_specs/logging_flow.md,h2,Goal,goal,logging-flow-view-spec,"Surface how logging statements propagate through the codebase so maintainers can gauge observability coverage, highlight logging hot spots, and verify that critical code paths emit the expected log levels.",4543,2025-11-09T22:40:49.131670+00:00,,,,no,
.repo_studios/command_center/docs/mermaid/view_specs,.repo_studios/command_center/docs/mermaid/view_specs/logging_flow.md,h2,Inputs,inputs,logging-flow-view-spec,"Surface how logging statements propagate through the codebase so maintainers can gauge observability coverage, highlight logging hot spots, and verify that critical code paths emit the expected log levels.",4543,2025-11-09T22:40:49.131670+00:00,,,,no,
.repo_studios/command_center/docs/mermaid/view_specs,.repo_studios/command_center/docs/mermaid/view_specs/logging_flow.md,h2,Transformations (Planned),transformations-planned,logging-flow-view-spec,"Surface how logging statements propagate through the codebase so maintainers can gauge observability coverage, highlight logging hot spots, and verify that critical code paths emit the expected log levels.",4543,2025-11-09T22:40:49.131670+00:00,,,,no,
.repo_studios/command_center/docs/mermaid/view_specs,.repo_studios/command_center/docs/mermaid/view_specs/logging_flow.md,h2,Implementation References,implementation-references,logging-flow-view-spec,"Surface how logging statements propagate through the codebase so maintainers can gauge observability coverage, highlight logging hot spots, and verify that critical code paths emit the expected log levels.",4543,2025-11-09T22:40:49.131670+00:00,,,,no,
.repo_studios/command_center/docs/mermaid/view_specs,.repo_studios/command_center/docs/mermaid/view_specs/logging_flow.md,h2,Verification & Hardening,verification-hardening,logging-flow-view-spec,"Surface how logging statements propagate through the codebase so maintainers can gauge observability coverage, highlight logging hot spots, and verify that critical code paths emit the expected log levels.",4543,2025-11-09T22:40:49.131670+00:00,,,,no,
.repo_studios/command_center/docs/mermaid/view_specs,.repo_studios/command_center/docs/mermaid/view_specs/logging_flow.md,h2,Future Enhancements,future-enhancements,logging-flow-view-spec,"Surface how logging statements propagate through the codebase so maintainers can gauge observability coverage, highlight logging hot spots, and verify that critical code paths emit the expected log levels.",4543,2025-11-09T22:40:49.131670+00:00,,,,no,
.repo_studios/command_center/docs/mermaid/view_specs,.repo_studios/command_center/docs/mermaid/view_specs/method_call_chain.md,h1,Method Call Chain View Spec,method-call-chain-view-spec,,"Render class-focused method call chains as a Mermaid sequence diagram so operators can inspect orchestrated method hops, confirm delegation boundaries, and spot cross-class fan-out without manually walking the full call graph.",5108,2025-11-12T01:21:25.043349+00:00,,,,no,
.repo_studios/command_center/docs/mermaid/view_specs,.repo_studios/command_center/docs/mermaid/view_specs/method_call_chain.md,h2,Goal,goal,method-call-chain-view-spec,"Render class-focused method call chains as a Mermaid sequence diagram so operators can inspect orchestrated method hops, confirm delegation boundaries, and spot cross-class fan-out without manually walking the full call graph.",5108,2025-11-12T01:21:25.043349+00:00,,,,no,
.repo_studios/command_center/docs/mermaid/view_specs,.repo_studios/command_center/docs/mermaid/view_specs/method_call_chain.md,h2,Inputs,inputs,method-call-chain-view-spec,"Render class-focused method call chains as a Mermaid sequence diagram so operators can inspect orchestrated method hops, confirm delegation boundaries, and spot cross-class fan-out without manually walking the full call graph.",5108,2025-11-12T01:21:25.043349+00:00,,,,no,
.repo_studios/command_center/docs/mermaid/view_specs,.repo_studios/command_center/docs/mermaid/view_specs/method_call_chain.md,h2,Transformations,transformations,method-call-chain-view-spec,"Render class-focused method call chains as a Mermaid sequence diagram so operators can inspect orchestrated method hops, confirm delegation boundaries, and spot cross-class fan-out without manually walking the full call graph.",5108,2025-11-12T01:21:25.043349+00:00,,,,no,
.repo_studios/command_center/docs/mermaid/view_specs,.repo_studios/command_center/docs/mermaid/view_specs/method_call_chain.md,h2,Mermaid Output Structure,mermaid-output-structure,method-call-chain-view-spec,"Render class-focused method call chains as a Mermaid sequence diagram so operators can inspect orchestrated method hops, confirm delegation boundaries, and spot cross-class fan-out without manually walking the full call graph.",5108,2025-11-12T01:21:25.043349+00:00,,,,no,
.repo_studios/command_center/docs/mermaid/view_specs,.repo_studios/command_center/docs/mermaid/view_specs/method_call_chain.md,h2,Implementation References,implementation-references,method-call-chain-view-spec,"Render class-focused method call chains as a Mermaid sequence diagram so operators can inspect orchestrated method hops, confirm delegation boundaries, and spot cross-class fan-out without manually walking the full call graph.",5108,2025-11-12T01:21:25.043349+00:00,,,,no,
.repo_studios/command_center/docs/mermaid/view_specs,.repo_studios/command_center/docs/mermaid/view_specs/method_call_chain.md,h2,Verification & Hardening,verification-hardening,method-call-chain-view-spec,"Render class-focused method call chains as a Mermaid sequence diagram so operators can inspect orchestrated method hops, confirm delegation boundaries, and spot cross-class fan-out without manually walking the full call graph.",5108,2025-11-12T01:21:25.043349+00:00,,,,no,
.repo_studios/command_center/docs/mermaid/view_specs,.repo_studios/command_center/docs/mermaid/view_specs/method_call_chain.md,h2,Future Enhancements,future-enhancements,method-call-chain-view-spec,"Render class-focused method call chains as a Mermaid sequence diagram so operators can inspect orchestrated method hops, confirm delegation boundaries, and spot cross-class fan-out without manually walking the full call graph.",5108,2025-11-12T01:21:25.043349+00:00,,,,no,
.repo_studios/command_center/docs/mermaid/view_specs,.repo_studios/command_center/docs/mermaid/view_specs/module_dependency_graph.md,h1,Module Dependency Graph View Spec,module-dependency-graph-view-spec,,"graph LR classDef module ... classDef moduleCaution ... classDef moduleAlert ... classDef moduleOrphan ... alpha_core[""alpha.core\nFunctions 5\nOut 3 (4) · In 1 (2)\nUnused imports 1""] class alpha_core moduleCaution; alpha_core -->|2…",4493,2025-11-10T17:21:33.634574+00:00,,,,no,
.repo_studios/command_center/docs/mermaid/view_specs,.repo_studios/command_center/docs/mermaid/view_specs/public_vs_private_api.md,document,,publicvsprivateapi,,,5197,2025-11-12T17:58:50.934758+00:00,,,,no,
.repo_studios/command_center/docs/mermaid/view_specs,.repo_studios/command_center/docs/mermaid/view_specs/screening_signal_timeline.md,h1,Screening Signal Timeline View Spec,screening-signal-timeline-view-spec,,"Render a chronological view of Command Center screening scores so reviewers can see when inventories crossed warning or failure thresholds. The timeline should highlight meaningful score deltas, threshold crossings, and streaks to guide…",3331,2025-11-08T22:44:05.280184+00:00,,,,no,
.repo_studios/command_center/docs/mermaid/view_specs,.repo_studios/command_center/docs/mermaid/view_specs/screening_signal_timeline.md,h2,Goal,goal,screening-signal-timeline-view-spec,"Render a chronological view of Command Center screening scores so reviewers can see when inventories crossed warning or failure thresholds. The timeline should highlight meaningful score deltas, threshold crossings, and streaks to guide…",3331,2025-11-08T22:44:05.280184+00:00,,,,no,
.repo_studios/command_center/docs/mermaid/view_specs,.repo_studios/command_center/docs/mermaid/view_specs/screening_signal_timeline.md,h2,Required Inputs,required-inputs,screening-signal-timeline-view-spec,"Render a chronological view of Command Center screening scores so reviewers can see when inventories crossed warning or failure thresholds. The timeline should highlight meaningful score deltas, threshold crossings, and streaks to guide…",3331,2025-11-08T22:44:05.280184+00:00,,,,no,
.repo_studios/command_center/docs/mermaid/view_specs,.repo_studios/command_center/docs/mermaid/view_specs/screening_signal_timeline.md,h2,Transformations (Planned),transformations-planned,screening-signal-timeline-view-spec,"Render a chronological view of Command Center screening scores so reviewers can see when inventories crossed warning or failure thresholds. The timeline should highlight meaningful score deltas, threshold crossings, and streaks to guide…",3331,2025-11-08T22:44:05.280184+00:00,,,,no,
.repo_studios/command_center/docs/mermaid/view_specs,.repo_studios/command_center/docs/mermaid/view_specs/screening_signal_timeline.md,h2,Mermaid Output Sketch,mermaid-output-sketch,screening-signal-timeline-view-spec,"Render a chronological view of Command Center screening scores so reviewers can see when inventories crossed warning or failure thresholds. The timeline should highlight meaningful score deltas, threshold crossings, and streaks to guide…",3331,2025-11-08T22:44:05.280184+00:00,,,,no,
.repo_studios/command_center/docs/mermaid/view_specs,.repo_studios/command_center/docs/mermaid/view_specs/screening_signal_timeline.md,h2,Data Gaps,data-gaps,screening-signal-timeline-view-spec,"Render a chronological view of Command Center screening scores so reviewers can see when inventories crossed warning or failure thresholds. The timeline should highlight meaningful score deltas, threshold crossings, and streaks to guide…",3331,2025-11-08T22:44:05.280184+00:00,,,,no,
.repo_studios/command_center/docs/mermaid/view_specs,.repo_studios/command_center/docs/mermaid/view_specs/screening_signal_timeline.md,h2,Next Actions,next-actions,screening-signal-timeline-view-spec,"Render a chronological view of Command Center screening scores so reviewers can see when inventories crossed warning or failure thresholds. The timeline should highlight meaningful score deltas, threshold crossings, and streaks to guide…",3331,2025-11-08T22:44:05.280184+00:00,,,,no,
.repo_studios/command_center/docs/mermaid/view_specs,.repo_studios/command_center/docs/mermaid/view_specs/test_coverage_mapping.md,h1,Test Coverage Mapping View Spec,test-coverage-mapping-view-spec,,"Surface where automated tests touch the codebase by connecting modules, representative low-coverage functions, and the tests exercising them. The view helps auditors spot modules lacking tests, highlight partially covered functions, and…",5088,2025-11-13T11:50:20.803023+00:00,,,,no,
.repo_studios/command_center/docs/mermaid/view_specs,.repo_studios/command_center/docs/mermaid/view_specs/test_coverage_mapping.md,h2,Goal,goal,test-coverage-mapping-view-spec,"Surface where automated tests touch the codebase by connecting modules, representative low-coverage functions, and the tests exercising them. The view helps auditors spot modules lacking tests, highlight partially covered functions, and…",5088,2025-11-13T11:50:20.803023+00:00,,,,no,
.repo_studios/command_center/docs/mermaid/view_specs,.repo_studios/command_center/docs/mermaid/view_specs/test_coverage_mapping.md,h2,Inputs,inputs,test-coverage-mapping-view-spec,"Surface where automated tests touch the codebase by connecting modules, representative low-coverage functions, and the tests exercising them. The view helps auditors spot modules lacking tests, highlight partially covered functions, and…",5088,2025-11-13T11:50:20.803023+00:00,,,,no,
.repo_studios/command_center/docs/mermaid/view_specs,.repo_studios/command_center/docs/mermaid/view_specs/test_coverage_mapping.md,h2,Transformations,transformations,test-coverage-mapping-view-spec,"Surface where automated tests touch the codebase by connecting modules, representative low-coverage functions, and the tests exercising them. The view helps auditors spot modules lacking tests, highlight partially covered functions, and…",5088,2025-11-13T11:50:20.803023+00:00,,,,no,
.repo_studios/command_center/docs/mermaid/view_specs,.repo_studios/command_center/docs/mermaid/view_specs/test_coverage_mapping.md,h2,Mermaid Output Structure,mermaid-output-structure,test-coverage-mapping-view-spec,"Surface where automated tests touch the codebase by connecting modules, representative low-coverage functions, and the tests exercising them. The view helps auditors spot modules lacking tests, highlight partially covered functions, and…",5088,2025-11-13T11:50:20.803023+00:00,,,,no,
.repo_studios/command_center/docs/mermaid/view_specs,.repo_studios/command_center/docs/mermaid/view_specs/test_coverage_mapping.md,h2,Implementation References,implementation-references,test-coverage-mapping-view-spec,"Surface where automated tests touch the codebase by connecting modules, representative low-coverage functions, and the tests exercising them. The view helps auditors spot modules lacking tests, highlight partially covered functions, and…",5088,2025-11-13T11:50:20.803023+00:00,,,,no,
.repo_studios/command_center/docs/mermaid/view_specs,.repo_studios/command_center/docs/mermaid/view_specs/test_coverage_mapping.md,h2,Verification & Hardening,verification-hardening,test-coverage-mapping-view-spec,"Surface where automated tests touch the codebase by connecting modules, representative low-coverage functions, and the tests exercising them. The view helps auditors spot modules lacking tests, highlight partially covered functions, and…",5088,2025-11-13T11:50:20.803023+00:00,,,,no,
.repo_studios/command_center/docs/mermaid/view_specs,.repo_studios/command_center/docs/mermaid/view_specs/test_coverage_mapping.md,h2,Future Enhancements,future-enhancements,test-coverage-mapping-view-spec,"Surface where automated tests touch the codebase by connecting modules, representative low-coverage functions, and the tests exercising them. The view helps auditors spot modules lacking tests, highlight partially covered functions, and…",5088,2025-11-13T11:50:20.803023+00:00,,,,no,
.repo_studios/command_center/docs/mermaid/view_specs,.repo_studios/command_center/docs/mermaid/view_specs/type_coverage_map.md,h1,Type Coverage Map View Spec,type-coverage-map-view-spec,,"Highlight type hint adoption across functions in a CommandView artifact by clustering functions into coverage strength buckets. The view gives maintainers a quick read on where type annotations are strong, moderate, weak, or missing…",4405,2025-11-09T14:42:20.042563+00:00,,,,no,
.repo_studios/command_center/docs/mermaid/view_specs,.repo_studios/command_center/docs/mermaid/view_specs/type_coverage_map.md,h2,Goal,goal,type-coverage-map-view-spec,"Highlight type hint adoption across functions in a CommandView artifact by clustering functions into coverage strength buckets. The view gives maintainers a quick read on where type annotations are strong, moderate, weak, or missing…",4405,2025-11-09T14:42:20.042563+00:00,,,,no,
.repo_studios/command_center/docs/mermaid/view_specs,.repo_studios/command_center/docs/mermaid/view_specs/type_coverage_map.md,h2,Inputs,inputs,type-coverage-map-view-spec,"Highlight type hint adoption across functions in a CommandView artifact by clustering functions into coverage strength buckets. The view gives maintainers a quick read on where type annotations are strong, moderate, weak, or missing…",4405,2025-11-09T14:42:20.042563+00:00,,,,no,
.repo_studios/command_center/docs/mermaid/view_specs,.repo_studios/command_center/docs/mermaid/view_specs/type_coverage_map.md,h2,Transformations,transformations,type-coverage-map-view-spec,"Highlight type hint adoption across functions in a CommandView artifact by clustering functions into coverage strength buckets. The view gives maintainers a quick read on where type annotations are strong, moderate, weak, or missing…",4405,2025-11-09T14:42:20.042563+00:00,,,,no,
.repo_studios/command_center/docs/mermaid/view_specs,.repo_studios/command_center/docs/mermaid/view_specs/type_coverage_map.md,h2,Mermaid Output Structure,mermaid-output-structure,type-coverage-map-view-spec,"Highlight type hint adoption across functions in a CommandView artifact by clustering functions into coverage strength buckets. The view gives maintainers a quick read on where type annotations are strong, moderate, weak, or missing…",4405,2025-11-09T14:42:20.042563+00:00,,,,no,
.repo_studios/command_center/docs/mermaid/view_specs,.repo_studios/command_center/docs/mermaid/view_specs/type_coverage_map.md,h2,Implementation References,implementation-references,type-coverage-map-view-spec,"Highlight type hint adoption across functions in a CommandView artifact by clustering functions into coverage strength buckets. The view gives maintainers a quick read on where type annotations are strong, moderate, weak, or missing…",4405,2025-11-09T14:42:20.042563+00:00,,,,no,
.repo_studios/command_center/docs/mermaid/view_specs,.repo_studios/command_center/docs/mermaid/view_specs/type_coverage_map.md,h2,Verification & Hardening,verification-hardening,type-coverage-map-view-spec,"Highlight type hint adoption across functions in a CommandView artifact by clustering functions into coverage strength buckets. The view gives maintainers a quick read on where type annotations are strong, moderate, weak, or missing…",4405,2025-11-09T14:42:20.042563+00:00,,,,no,
.repo_studios/command_center/docs/mermaid/view_specs,.repo_studios/command_center/docs/mermaid/view_specs/type_coverage_map.md,h2,Future Enhancements,future-enhancements,type-coverage-map-view-spec,"Highlight type hint adoption across functions in a CommandView artifact by clustering functions into coverage strength buckets. The view gives maintainers a quick read on where type annotations are strong, moderate, weak, or missing…",4405,2025-11-09T14:42:20.042563+00:00,,,,no,
.repo_studios/command_center/docs/metrics,.repo_studios/command_center/docs/metrics/library_integration_metrics.md,h1,Library Integration Metrics Specification,library-integration-metrics-specification,,"1. **Refresh artifacts:** After each remediation batch, rerun the command-center pipeline for the affected target so the duplicate matrix reflects the new baseline. 2. **Update run log:** Append a run entry using the template in…",4796,2025-11-04T14:15:56.326050+00:00,,,,no,
.repo_studios/command_center/docs/metrics,.repo_studios/command_center/docs/metrics/library_integration_metrics.md,h2,Metric Catalog,metric-catalog,library-integration-metrics-specification,"1. **Refresh artifacts:** After each remediation batch, rerun the command-center pipeline for the affected target so the duplicate matrix reflects the new baseline. 2. **Update run log:** Append a run entry using the template in…",4796,2025-11-04T14:15:56.326050+00:00,,,,no,
.repo_studios/command_center/docs/metrics,.repo_studios/command_center/docs/metrics/library_integration_metrics.md,h2,Data Collection Process,data-collection-process,library-integration-metrics-specification,"1. **Refresh artifacts:** After each remediation batch, rerun the command-center pipeline for the affected target so the duplicate matrix reflects the new baseline. 2. **Update run log:** Append a run entry using the template in…",4796,2025-11-04T14:15:56.326050+00:00,,,,no,
.repo_studios/command_center/docs/metrics,.repo_studios/command_center/docs/metrics/library_integration_metrics.md,h2,Reporting Cadence,reporting-cadence,library-integration-metrics-specification,"1. **Refresh artifacts:** After each remediation batch, rerun the command-center pipeline for the affected target so the duplicate matrix reflects the new baseline. 2. **Update run log:** Append a run entry using the template in…",4796,2025-11-04T14:15:56.326050+00:00,,,,no,
.repo_studios/command_center/docs/metrics,.repo_studios/command_center/docs/metrics/library_integration_metrics.md,h2,Actionability Guidelines,actionability-guidelines,library-integration-metrics-specification,"1. **Refresh artifacts:** After each remediation batch, rerun the command-center pipeline for the affected target so the duplicate matrix reflects the new baseline. 2. **Update run log:** Append a run entry using the template in…",4796,2025-11-04T14:15:56.326050+00:00,,,,no,
.repo_studios/command_center/docs/metrics,.repo_studios/command_center/docs/metrics/library_integration_metrics.md,h2,Open Questions,open-questions,library-integration-metrics-specification,"1. **Refresh artifacts:** After each remediation batch, rerun the command-center pipeline for the affected target so the duplicate matrix reflects the new baseline. 2. **Update run log:** Append a run entry using the template in…",4796,2025-11-04T14:15:56.326050+00:00,,,,no,
.repo_studios/command_center/docs/metrics,.repo_studios/command_center/docs/metrics/metrics_summary_schema.md,h1,Automation Metrics Summary Schema,automation-metrics-summary-schema,,"Define the JSON payload emitted alongside Phase 4 automation manifests so operators and reporting jobs can reason about impact, runtime, and test coverage in a consistent format.",2261,2025-11-04T14:15:56.479204+00:00,,,,no,
.repo_studios/command_center/docs/metrics,.repo_studios/command_center/docs/metrics/metrics_summary_schema.md,h2,Purpose,purpose,automation-metrics-summary-schema,"Define the JSON payload emitted alongside Phase 4 automation manifests so operators and reporting jobs can reason about impact, runtime, and test coverage in a consistent format.",2261,2025-11-04T14:15:56.479204+00:00,,,,no,
.repo_studios/command_center/docs/metrics,.repo_studios/command_center/docs/metrics/metrics_summary_schema.md,h2,Schema Overview,schema-overview,automation-metrics-summary-schema,"Define the JSON payload emitted alongside Phase 4 automation manifests so operators and reporting jobs can reason about impact, runtime, and test coverage in a consistent format.",2261,2025-11-04T14:15:56.479204+00:00,,,,no,
.repo_studios/command_center/docs/metrics,.repo_studios/command_center/docs/metrics/metrics_summary_schema.md,h2,Validation Rules,validation-rules,automation-metrics-summary-schema,"Define the JSON payload emitted alongside Phase 4 automation manifests so operators and reporting jobs can reason about impact, runtime, and test coverage in a consistent format.",2261,2025-11-04T14:15:56.479204+00:00,,,,no,
.repo_studios/command_center/docs/metrics,.repo_studios/command_center/docs/metrics/weighted_progress_briefing_template.md,h1,Weighted Progress Briefing Template,weighted-progress-briefing-template,,Use this template when compiling the weekly automation readiness briefing. It blends duplicate resolution totals with lizard complexity scores and helper adoption stats so stakeholders see meaningful progress at a glance.,5193,2025-11-04T14:45:22.715420+00:00,,,,no,
.repo_studios/command_center/docs/metrics,.repo_studios/command_center/docs/metrics/weighted_progress_briefing_template.md,h2,Summary Snapshot,summary-snapshot,weighted-progress-briefing-template,Use this template when compiling the weekly automation readiness briefing. It blends duplicate resolution totals with lizard complexity scores and helper adoption stats so stakeholders see meaningful progress at a glance.,5193,2025-11-04T14:45:22.715420+00:00,,,,no,
.repo_studios/command_center/docs/metrics,.repo_studios/command_center/docs/metrics/weighted_progress_briefing_template.md,h2,Weighting Formula,weighting-formula,weighted-progress-briefing-template,Use this template when compiling the weekly automation readiness briefing. It blends duplicate resolution totals with lizard complexity scores and helper adoption stats so stakeholders see meaningful progress at a glance.,5193,2025-11-04T14:45:22.715420+00:00,,,,no,
.repo_studios/command_center/docs/metrics,.repo_studios/command_center/docs/metrics/weighted_progress_briefing_template.md,h2,Key Metrics,key-metrics,weighted-progress-briefing-template,Use this template when compiling the weekly automation readiness briefing. It blends duplicate resolution totals with lizard complexity scores and helper adoption stats so stakeholders see meaningful progress at a glance.,5193,2025-11-04T14:45:22.715420+00:00,,,,no,
.repo_studios/command_center/docs/metrics,.repo_studios/command_center/docs/metrics/weighted_progress_briefing_template.md,h2,Artifact Links,artifact-links,weighted-progress-briefing-template,Use this template when compiling the weekly automation readiness briefing. It blends duplicate resolution totals with lizard complexity scores and helper adoption stats so stakeholders see meaningful progress at a glance.,5193,2025-11-04T14:45:22.715420+00:00,,,,no,
.repo_studios/command_center/docs/metrics,.repo_studios/command_center/docs/metrics/weighted_progress_briefing_template.md,h2,Narrative Highlights,narrative-highlights,weighted-progress-briefing-template,Use this template when compiling the weekly automation readiness briefing. It blends duplicate resolution totals with lizard complexity scores and helper adoption stats so stakeholders see meaningful progress at a glance.,5193,2025-11-04T14:45:22.715420+00:00,,,,no,
.repo_studios/command_center/docs/metrics,.repo_studios/command_center/docs/metrics/weighted_progress_briefing_template.md,h2,Follow-up Actions,follow-up-actions,weighted-progress-briefing-template,Use this template when compiling the weekly automation readiness briefing. It blends duplicate resolution totals with lizard complexity scores and helper adoption stats so stakeholders see meaningful progress at a glance.,5193,2025-11-04T14:45:22.715420+00:00,,,,no,
.repo_studios/command_center/docs/metrics,.repo_studios/command_center/docs/metrics/weighted_progress_briefing_template.md,h2,How to Use This Template,how-to-use-this-template,weighted-progress-briefing-template,Use this template when compiling the weekly automation readiness briefing. It blends duplicate resolution totals with lizard complexity scores and helper adoption stats so stakeholders see meaningful progress at a glance.,5193,2025-11-04T14:45:22.715420+00:00,,,,no,
.repo_studios/command_center/docs/metrics,.repo_studios/command_center/docs/metrics/weighted_progress_briefing_template.md,h2,Data Sources,data-sources,weighted-progress-briefing-template,Use this template when compiling the weekly automation readiness briefing. It blends duplicate resolution totals with lizard complexity scores and helper adoption stats so stakeholders see meaningful progress at a glance.,5193,2025-11-04T14:45:22.715420+00:00,,,,no,
.repo_studios/command_center/docs,.repo_studios/command_center/docs/naming_conventions.md,h1,.repo_studios Library Naming Training Guide,repostudios-library-naming-training-guide,,"This guide trains agents on how to interpret, enforce, and validate naming conventions inside `.repo_studios/library`. Use it as an operational playbook, not just a reference.",12668,2025-11-06T09:44:23.975246+00:00,,,,no,
.repo_studios/command_center/docs,.repo_studios/command_center/docs/naming_conventions.md,h2,1. Mission & Outcomes,1-mission-outcomes,repostudios-library-naming-training-guide,"This guide trains agents on how to interpret, enforce, and validate naming conventions inside `.repo_studios/library`. Use it as an operational playbook, not just a reference.",12668,2025-11-06T09:44:23.975246+00:00,,,,no,
.repo_studios/command_center/docs,.repo_studios/command_center/docs/naming_conventions.md,h2,2. Core Principles,2-core-principles,repostudios-library-naming-training-guide,"This guide trains agents on how to interpret, enforce, and validate naming conventions inside `.repo_studios/library`. Use it as an operational playbook, not just a reference.",12668,2025-11-06T09:44:23.975246+00:00,,,,no,
.repo_studios/command_center/docs,.repo_studios/command_center/docs/naming_conventions.md,h2,3. Directory Structure Rules,3-directory-structure-rules,repostudios-library-naming-training-guide,"This guide trains agents on how to interpret, enforce, and validate naming conventions inside `.repo_studios/library`. Use it as an operational playbook, not just a reference.",12668,2025-11-06T09:44:23.975246+00:00,,,,no,
.repo_studios/command_center/docs,.repo_studios/command_center/docs/naming_conventions.md,h2,4. Enforcement Decision Tree,4-enforcement-decision-tree,repostudios-library-naming-training-guide,"This guide trains agents on how to interpret, enforce, and validate naming conventions inside `.repo_studios/library`. Use it as an operational playbook, not just a reference.",12668,2025-11-06T09:44:23.975246+00:00,,,,no,
.repo_studios/command_center/docs,.repo_studios/command_center/docs/naming_conventions.md,h2,5. AI Agent Playbook,5-ai-agent-playbook,repostudios-library-naming-training-guide,"This guide trains agents on how to interpret, enforce, and validate naming conventions inside `.repo_studios/library`. Use it as an operational playbook, not just a reference.",12668,2025-11-06T09:44:23.975246+00:00,,,,no,
.repo_studios/command_center/docs,.repo_studios/command_center/docs/naming_conventions.md,h2,6. Examples for Navigation Queries,6-examples-for-navigation-queries,repostudios-library-naming-training-guide,"This guide trains agents on how to interpret, enforce, and validate naming conventions inside `.repo_studios/library`. Use it as an operational playbook, not just a reference.",12668,2025-11-06T09:44:23.975246+00:00,,,,no,
.repo_studios/command_center/docs,.repo_studios/command_center/docs/naming_conventions.md,h2,7. Forbidden Patterns Cheat Sheet,7-forbidden-patterns-cheat-sheet,repostudios-library-naming-training-guide,"This guide trains agents on how to interpret, enforce, and validate naming conventions inside `.repo_studios/library`. Use it as an operational playbook, not just a reference.",12668,2025-11-06T09:44:23.975246+00:00,,,,no,
.repo_studios/command_center/docs,.repo_studios/command_center/docs/naming_conventions.md,h2,8. Validation & Automation Hooks,8-validation-automation-hooks,repostudios-library-naming-training-guide,"This guide trains agents on how to interpret, enforce, and validate naming conventions inside `.repo_studios/library`. Use it as an operational playbook, not just a reference.",12668,2025-11-06T09:44:23.975246+00:00,,,,no,
.repo_studios/command_center/docs,.repo_studios/command_center/docs/naming_conventions.md,h2,9. Escalation Protocol,9-escalation-protocol,repostudios-library-naming-training-guide,"This guide trains agents on how to interpret, enforce, and validate naming conventions inside `.repo_studios/library`. Use it as an operational playbook, not just a reference.",12668,2025-11-06T09:44:23.975246+00:00,,,,no,
.repo_studios/command_center/docs,.repo_studios/command_center/docs/naming_conventions.md,h2,10. Success Criteria (Definition of Done),10-success-criteria-definition-of-done,repostudios-library-naming-training-guide,"This guide trains agents on how to interpret, enforce, and validate naming conventions inside `.repo_studios/library`. Use it as an operational playbook, not just a reference.",12668,2025-11-06T09:44:23.975246+00:00,,,,no,
.repo_studios/command_center/docs,.repo_studios/command_center/docs/naming_conventions.md,h2,🐍 Python Naming Within Modules,python-naming-within-modules,repostudios-library-naming-training-guide,"This guide trains agents on how to interpret, enforce, and validate naming conventions inside `.repo_studios/library`. Use it as an operational playbook, not just a reference.",12668,2025-11-06T09:44:23.975246+00:00,,,,no,
.repo_studios/command_center/docs,.repo_studios/command_center/docs/naming_conventions.md,h2,📦 Import Statement Patterns,import-statement-patterns,repostudios-library-naming-training-guide,"This guide trains agents on how to interpret, enforce, and validate naming conventions inside `.repo_studios/library`. Use it as an operational playbook, not just a reference.",12668,2025-11-06T09:44:23.975246+00:00,,,,no,
.repo_studios/command_center/docs,.repo_studios/command_center/docs/naming_conventions.md,h2,🤖 AI Navigation Examples,ai-navigation-examples,repostudios-library-naming-training-guide,"This guide trains agents on how to interpret, enforce, and validate naming conventions inside `.repo_studios/library`. Use it as an operational playbook, not just a reference.",12668,2025-11-06T09:44:23.975246+00:00,,,,no,
.repo_studios/command_center/docs,.repo_studios/command_center/docs/naming_conventions.md,h2,🚫 Forbidden Patterns,forbidden-patterns,repostudios-library-naming-training-guide,"This guide trains agents on how to interpret, enforce, and validate naming conventions inside `.repo_studios/library`. Use it as an operational playbook, not just a reference.",12668,2025-11-06T09:44:23.975246+00:00,,,,no,
.repo_studios/command_center/docs,.repo_studios/command_center/docs/naming_conventions.md,h2,📊 Validation Checklist,validation-checklist,repostudios-library-naming-training-guide,"This guide trains agents on how to interpret, enforce, and validate naming conventions inside `.repo_studios/library`. Use it as an operational playbook, not just a reference.",12668,2025-11-06T09:44:23.975246+00:00,,,,no,
.repo_studios/command_center/docs,.repo_studios/command_center/docs/naming_conventions.md,h2,🔄 Evolution Rules,evolution-rules,repostudios-library-naming-training-guide,"This guide trains agents on how to interpret, enforce, and validate naming conventions inside `.repo_studios/library`. Use it as an operational playbook, not just a reference.",12668,2025-11-06T09:44:23.975246+00:00,,,,no,
.repo_studios/command_center/docs,.repo_studios/command_center/docs/naming_conventions.md,h2,🎯 Summary,summary,repostudios-library-naming-training-guide,"This guide trains agents on how to interpret, enforce, and validate naming conventions inside `.repo_studios/library`. Use it as an operational playbook, not just a reference.",12668,2025-11-06T09:44:23.975246+00:00,,,,no,
.repo_studios/command_center/docs,.repo_studios/command_center/docs/orchestrator_migration_notes.md,h1,Orchestrator Migration Notes — 2025-11-30,orchestrator-migration-notes-2025-11-30,,Show how the legacy Command Center orchestrators would integrate the Phase 2 helper modules if they were rewritten today. The goal is to give reviewers parity confidence before we begin migrating the existing entry points.,8056,2025-12-01T13:19:36.912676+00:00,,,,yes,
.repo_studios/command_center/docs,.repo_studios/command_center/docs/orchestrator_migration_notes.md,h2,Purpose,purpose,orchestrator-migration-notes-2025-11-30,Show how the legacy Command Center orchestrators would integrate the Phase 2 helper modules if they were rewritten today. The goal is to give reviewers parity confidence before we begin migrating the existing entry points.,8056,2025-12-01T13:19:36.912676+00:00,,,,yes,
.repo_studios/command_center/docs,.repo_studios/command_center/docs/orchestrator_migration_notes.md,h2,Test Execution Telemetry (legacy: `run_pytest_log_capture.py`),test-execution-telemetry-legacy-runpytestlogcapturepy,orchestrator-migration-notes-2025-11-30,Show how the legacy Command Center orchestrators would integrate the Phase 2 helper modules if they were rewritten today. The goal is to give reviewers parity confidence before we begin migrating the existing entry points.,8056,2025-12-01T13:19:36.912676+00:00,,,,yes,
.repo_studios/command_center/docs,.repo_studios/command_center/docs/orchestrator_migration_notes.md,h2,Fault Diagnostics (replaces legacy `run_fault_pipeline.py`),fault-diagnostics-replaces-legacy-runfaultpipelinepy,orchestrator-migration-notes-2025-11-30,Show how the legacy Command Center orchestrators would integrate the Phase 2 helper modules if they were rewritten today. The goal is to give reviewers parity confidence before we begin migrating the existing entry points.,8056,2025-12-01T13:19:36.912676+00:00,,,,yes,
.repo_studios/command_center/docs,.repo_studios/command_center/docs/orchestrator_migration_notes.md,h2,Docs Health (legacy suite of producer scripts),docs-health-legacy-suite-of-producer-scripts,orchestrator-migration-notes-2025-11-30,Show how the legacy Command Center orchestrators would integrate the Phase 2 helper modules if they were rewritten today. The goal is to give reviewers parity confidence before we begin migrating the existing entry points.,8056,2025-12-01T13:19:36.912676+00:00,,,,yes,
.repo_studios/command_center/docs,.repo_studios/command_center/docs/orchestrator_migration_notes.md,h2,Standards Integrity (legacy: `run_standards_gap_suite.py` + `run_standards_index_cli.py`),standards-integrity-legacy-runstandardsgapsuitepy-runstandardsindexclipy,orchestrator-migration-notes-2025-11-30,Show how the legacy Command Center orchestrators would integrate the Phase 2 helper modules if they were rewritten today. The goal is to give reviewers parity confidence before we begin migrating the existing entry points.,8056,2025-12-01T13:19:36.912676+00:00,,,,yes,
.repo_studios/command_center/docs,.repo_studios/command_center/docs/orchestrator_migration_notes.md,h2,Dependency & Import Hygiene (legacy: `run_batch_cleanup.py`),dependency-import-hygiene-legacy-runbatchcleanuppy,orchestrator-migration-notes-2025-11-30,Show how the legacy Command Center orchestrators would integrate the Phase 2 helper modules if they were rewritten today. The goal is to give reviewers parity confidence before we begin migrating the existing entry points.,8056,2025-12-01T13:19:36.912676+00:00,,,,yes,
.repo_studios/command_center/docs,.repo_studios/command_center/docs/orchestrator_migration_notes.md,h2,Monkey Patch Oversight,monkey-patch-oversight,orchestrator-migration-notes-2025-11-30,Show how the legacy Command Center orchestrators would integrate the Phase 2 helper modules if they were rewritten today. The goal is to give reviewers parity confidence before we begin migrating the existing entry points.,8056,2025-12-01T13:19:36.912676+00:00,,,,yes,
.repo_studios/command_center/docs,.repo_studios/command_center/docs/orchestrator_migration_notes.md,h2,Implementation Checklist,implementation-checklist,orchestrator-migration-notes-2025-11-30,Show how the legacy Command Center orchestrators would integrate the Phase 2 helper modules if they were rewritten today. The goal is to give reviewers parity confidence before we begin migrating the existing entry points.,8056,2025-12-01T13:19:36.912676+00:00,,,,yes,
.repo_studios/command_center/docs,.repo_studios/command_center/docs/orchestrator_migration_notes.md,h2,References,references,orchestrator-migration-notes-2025-11-30,Show how the legacy Command Center orchestrators would integrate the Phase 2 helper modules if they were rewritten today. The goal is to give reviewers parity confidence before we begin migrating the existing entry points.,8056,2025-12-01T13:19:36.912676+00:00,,,,yes,
.repo_studios/command_center/docs/phase_4,.repo_studios/command_center/docs/phase_4/AUTOMATION_PLANNING_NOTES.md,h1,Phase 4 Automation Planning Notes,phase-4-automation-planning-notes,,"Deliver a vetted blueprint for automated duplicate extraction that adheres to Phase 3 guardrails, maintains auditability, and minimizes regression risk. Implementation remains manual until this brief is approved.",20578,2025-11-04T14:29:02.460996+00:00,,,,no,
.repo_studios/command_center/docs/phase_4,.repo_studios/command_center/docs/phase_4/AUTOMATION_PLANNING_NOTES.md,h2,Guardrail Follow-ups,guardrail-follow-ups,phase-4-automation-planning-notes,"Deliver a vetted blueprint for automated duplicate extraction that adheres to Phase 3 guardrails, maintains auditability, and minimizes regression risk. Implementation remains manual until this brief is approved.",20578,2025-11-04T14:29:02.460996+00:00,,,,no,
.repo_studios/command_center/docs/phase_4,.repo_studios/command_center/docs/phase_4/AUTOMATION_PLANNING_NOTES.md,h2,Metrics Integration Tasks,metrics-integration-tasks,phase-4-automation-planning-notes,"Deliver a vetted blueprint for automated duplicate extraction that adheres to Phase 3 guardrails, maintains auditability, and minimizes regression risk. Implementation remains manual until this brief is approved.",20578,2025-11-04T14:29:02.460996+00:00,,,,no,
.repo_studios/command_center/docs/phase_4,.repo_studios/command_center/docs/phase_4/AUTOMATION_PLANNING_NOTES.md,h2,Automation Design Brief (Manual),automation-design-brief-manual,phase-4-automation-planning-notes,"Deliver a vetted blueprint for automated duplicate extraction that adheres to Phase 3 guardrails, maintains auditability, and minimizes regression risk. Implementation remains manual until this brief is approved.",20578,2025-11-04T14:29:02.460996+00:00,,,,no,
.repo_studios/command_center/docs/phase_4,.repo_studios/command_center/docs/phase_4/AUTOMATION_PLANNING_NOTES.md,h2,Manual Execution Charter,manual-execution-charter,phase-4-automation-planning-notes,"Deliver a vetted blueprint for automated duplicate extraction that adheres to Phase 3 guardrails, maintains auditability, and minimizes regression risk. Implementation remains manual until this brief is approved.",20578,2025-11-04T14:29:02.460996+00:00,,,,no,
.repo_studios/command_center/docs/phase_4,.repo_studios/command_center/docs/phase_4/AUTOMATION_PLANNING_NOTES.md,h2,Sequencing Roadmap (Manual),sequencing-roadmap-manual,phase-4-automation-planning-notes,"Deliver a vetted blueprint for automated duplicate extraction that adheres to Phase 3 guardrails, maintains auditability, and minimizes regression risk. Implementation remains manual until this brief is approved.",20578,2025-11-04T14:29:02.460996+00:00,,,,no,
.repo_studios/command_center/docs/phase_4,.repo_studios/command_center/docs/phase_4/AUTOMATION_PLANNING_NOTES.md,h2,Automation Decision Log (2025-11-03),automation-decision-log-2025-11-03,phase-4-automation-planning-notes,"Deliver a vetted blueprint for automated duplicate extraction that adheres to Phase 3 guardrails, maintains auditability, and minimizes regression risk. Implementation remains manual until this brief is approved.",20578,2025-11-04T14:29:02.460996+00:00,,,,no,
.repo_studios/command_center/docs/phase_4,.repo_studios/command_center/docs/phase_4/AUTOMATION_PLANNING_NOTES.md,h2,Decisions & Assumptions,decisions-assumptions,phase-4-automation-planning-notes,"Deliver a vetted blueprint for automated duplicate extraction that adheres to Phase 3 guardrails, maintains auditability, and minimizes regression risk. Implementation remains manual until this brief is approved.",20578,2025-11-04T14:29:02.460996+00:00,,,,no,
.repo_studios/command_center/docs/phase_4,.repo_studios/command_center/docs/phase_4/AUTOMATION_PLANNING_NOTES.md,h2,Open Questions (Automation),open-questions-automation,phase-4-automation-planning-notes,"Deliver a vetted blueprint for automated duplicate extraction that adheres to Phase 3 guardrails, maintains auditability, and minimizes regression risk. Implementation remains manual until this brief is approved.",20578,2025-11-04T14:29:02.460996+00:00,,,,no,
.repo_studios/command_center/docs/phase_4,.repo_studios/command_center/docs/phase_4/HELPER_ADOPTION_CLI_SPEC.md,h1,Helper Adoption Audit CLI Specification,helper-adoption-audit-cli-specification,,"Provide a consistent, scriptable way to inventory which Repo Studios scripts import shared command center helpers so we can monitor adoption progress during Phase 4 and prepare for automated enforcement. The CLI replaces the ad-hoc…",5459,2025-11-08T23:02:05.500300+00:00,,,,no,
.repo_studios/command_center/docs/phase_4,.repo_studios/command_center/docs/phase_4/HELPER_ADOPTION_CLI_SPEC.md,h2,Purpose,purpose,helper-adoption-audit-cli-specification,"Provide a consistent, scriptable way to inventory which Repo Studios scripts import shared command center helpers so we can monitor adoption progress during Phase 4 and prepare for automated enforcement. The CLI replaces the ad-hoc…",5459,2025-11-08T23:02:05.500300+00:00,,,,no,
.repo_studios/command_center/docs/phase_4,.repo_studios/command_center/docs/phase_4/HELPER_ADOPTION_CLI_SPEC.md,h2,Objectives,objectives,helper-adoption-audit-cli-specification,"Provide a consistent, scriptable way to inventory which Repo Studios scripts import shared command center helpers so we can monitor adoption progress during Phase 4 and prepare for automated enforcement. The CLI replaces the ad-hoc…",5459,2025-11-08T23:02:05.500300+00:00,,,,no,
.repo_studios/command_center/docs/phase_4,.repo_studios/command_center/docs/phase_4/HELPER_ADOPTION_CLI_SPEC.md,h2,CLI Contract,cli-contract,helper-adoption-audit-cli-specification,"Provide a consistent, scriptable way to inventory which Repo Studios scripts import shared command center helpers so we can monitor adoption progress during Phase 4 and prepare for automated enforcement. The CLI replaces the ad-hoc…",5459,2025-11-08T23:02:05.500300+00:00,,,,no,
.repo_studios/command_center/docs/phase_4,.repo_studios/command_center/docs/phase_4/HELPER_ADOPTION_CLI_SPEC.md,h2,Inputs & Data Sources,inputs-data-sources,helper-adoption-audit-cli-specification,"Provide a consistent, scriptable way to inventory which Repo Studios scripts import shared command center helpers so we can monitor adoption progress during Phase 4 and prepare for automated enforcement. The CLI replaces the ad-hoc…",5459,2025-11-08T23:02:05.500300+00:00,,,,no,
.repo_studios/command_center/docs/phase_4,.repo_studios/command_center/docs/phase_4/HELPER_ADOPTION_CLI_SPEC.md,h2,Output Artifacts,output-artifacts,helper-adoption-audit-cli-specification,"Provide a consistent, scriptable way to inventory which Repo Studios scripts import shared command center helpers so we can monitor adoption progress during Phase 4 and prepare for automated enforcement. The CLI replaces the ad-hoc…",5459,2025-11-08T23:02:05.500300+00:00,,,,no,
.repo_studios/command_center/docs/phase_4,.repo_studios/command_center/docs/phase_4/HELPER_ADOPTION_CLI_SPEC.md,h2,Implementation Notes,implementation-notes,helper-adoption-audit-cli-specification,"Provide a consistent, scriptable way to inventory which Repo Studios scripts import shared command center helpers so we can monitor adoption progress during Phase 4 and prepare for automated enforcement. The CLI replaces the ad-hoc…",5459,2025-11-08T23:02:05.500300+00:00,,,,no,
.repo_studios/command_center/docs/phase_4,.repo_studios/command_center/docs/phase_4/HELPER_ADOPTION_CLI_SPEC.md,h2,Open Questions,open-questions,helper-adoption-audit-cli-specification,"Provide a consistent, scriptable way to inventory which Repo Studios scripts import shared command center helpers so we can monitor adoption progress during Phase 4 and prepare for automated enforcement. The CLI replaces the ad-hoc…",5459,2025-11-08T23:02:05.500300+00:00,,,,no,
.repo_studios/command_center/docs/phase_4,.repo_studios/command_center/docs/phase_4/HELPER_ADOPTION_CLI_SPEC.md,h2,Implementation Summary (2025-11-03),implementation-summary-2025-11-03,helper-adoption-audit-cli-specification,"Provide a consistent, scriptable way to inventory which Repo Studios scripts import shared command center helpers so we can monitor adoption progress during Phase 4 and prepare for automated enforcement. The CLI replaces the ad-hoc…",5459,2025-11-08T23:02:05.500300+00:00,,,,no,
.repo_studios/command_center/docs/phase_4,.repo_studios/command_center/docs/phase_4/HELPER_ADOPTION_CLI_SPEC.md,h2,Next Steps,next-steps,helper-adoption-audit-cli-specification,"Provide a consistent, scriptable way to inventory which Repo Studios scripts import shared command center helpers so we can monitor adoption progress during Phase 4 and prepare for automated enforcement. The CLI replaces the ad-hoc…",5459,2025-11-08T23:02:05.500300+00:00,,,,no,
.repo_studios/command_center/docs/phase_4,.repo_studios/command_center/docs/phase_4/POST_RUN_TEST_MATRIX.md,h1,Automation Post-Run Test Matrix,automation-post-run-test-matrix,,Applies to every Phase 4 automation dry-run or write-run. Operators should execute the suites below immediately after the automation step completes and record the results in the PR checklist.,2616,2025-11-04T14:15:52.461168+00:00,,,,yes,
.repo_studios/command_center/docs/phase_4,.repo_studios/command_center/docs/phase_4/POST_RUN_TEST_MATRIX.md,h2,Required Suites,required-suites,automation-post-run-test-matrix,Applies to every Phase 4 automation dry-run or write-run. Operators should execute the suites below immediately after the automation step completes and record the results in the PR checklist.,2616,2025-11-04T14:15:52.461168+00:00,,,,yes,
.repo_studios/command_center/docs/phase_4,.repo_studios/command_center/docs/phase_4/POST_RUN_TEST_MATRIX.md,h2,Conditional Suites,conditional-suites,automation-post-run-test-matrix,Applies to every Phase 4 automation dry-run or write-run. Operators should execute the suites below immediately after the automation step completes and record the results in the PR checklist.,2616,2025-11-04T14:15:52.461168+00:00,,,,yes,
.repo_studios/command_center/docs/phase_4,.repo_studios/command_center/docs/phase_4/POST_RUN_TEST_MATRIX.md,h2,Execution Guidance,execution-guidance,automation-post-run-test-matrix,Applies to every Phase 4 automation dry-run or write-run. Operators should execute the suites below immediately after the automation step completes and record the results in the PR checklist.,2616,2025-11-04T14:15:52.461168+00:00,,,,yes,
.repo_studios/command_center/docs/phase_4,.repo_studios/command_center/docs/phase_4/PR_CHECKLIST_TEMPLATE.md,h1,Automation Run Pull Request Checklist,automation-run-pull-request-checklist,,,3579,2025-11-04T14:29:02.463000+00:00,,,,yes,
.repo_studios/command_center/docs/phase_4,.repo_studios/command_center/docs/phase_4/PR_CHECKLIST_TEMPLATE.md,h2,Summary,summary,automation-run-pull-request-checklist,,3579,2025-11-04T14:29:02.463000+00:00,,,,yes,
.repo_studios/command_center/docs/phase_4,.repo_studios/command_center/docs/phase_4/PR_CHECKLIST_TEMPLATE.md,h2,Pre-flight Validation,pre-flight-validation,automation-run-pull-request-checklist,,3579,2025-11-04T14:29:02.463000+00:00,,,,yes,
.repo_studios/command_center/docs/phase_4,.repo_studios/command_center/docs/phase_4/PR_CHECKLIST_TEMPLATE.md,h2,Execution Details,execution-details,automation-run-pull-request-checklist,,3579,2025-11-04T14:29:02.463000+00:00,,,,yes,
.repo_studios/command_center/docs/phase_4,.repo_studios/command_center/docs/phase_4/PR_CHECKLIST_TEMPLATE.md,h2,Testing,testing,automation-run-pull-request-checklist,,3579,2025-11-04T14:29:02.463000+00:00,,,,yes,
.repo_studios/command_center/docs/phase_4,.repo_studios/command_center/docs/phase_4/PR_CHECKLIST_TEMPLATE.md,h2,Review Notes,review-notes,automation-run-pull-request-checklist,,3579,2025-11-04T14:29:02.463000+00:00,,,,yes,
.repo_studios/command_center/docs/phase_4,.repo_studios/command_center/docs/phase_4/PR_CHECKLIST_TEMPLATE.md,h2,Attachments,attachments,automation-run-pull-request-checklist,,3579,2025-11-04T14:29:02.463000+00:00,,,,yes,
.repo_studios/command_center/docs/phase_4/dry_run_samples,.repo_studios/command_center/docs/phase_4/dry_run_samples/README.md,h1,Dry-Run Sample Inputs,dry-run-sample-inputs,,These fixtures seed the Phase 4 automation dry-run rehearsals.,620,2025-11-04T14:15:52.700940+00:00,,,,no,
.repo_studios/command_center/docs/phase_5,.repo_studios/command_center/docs/phase_5/MAKE_TARGET_DESIGN.md,h1,Phase 5 Make Target Design,phase-5-make-target-design,,"Outline the proposed `make` targets that will eventually wrap the command center orchestration and automation rehearsals without implementing any code changes yet. This design preserves auditability, mirrors the reference plan naming…",11994,2025-11-04T14:29:02.463000+00:00,,,,no,
.repo_studios/command_center/docs/phase_5,.repo_studios/command_center/docs/phase_5/MAKE_TARGET_DESIGN.md,h2,Purpose,purpose,phase-5-make-target-design,"Outline the proposed `make` targets that will eventually wrap the command center orchestration and automation rehearsals without implementing any code changes yet. This design preserves auditability, mirrors the reference plan naming…",11994,2025-11-04T14:29:02.463000+00:00,,,,no,
.repo_studios/command_center/docs/phase_5,.repo_studios/command_center/docs/phase_5/MAKE_TARGET_DESIGN.md,h2,Design Principles,design-principles,phase-5-make-target-design,"Outline the proposed `make` targets that will eventually wrap the command center orchestration and automation rehearsals without implementing any code changes yet. This design preserves auditability, mirrors the reference plan naming…",11994,2025-11-04T14:29:02.463000+00:00,,,,no,
.repo_studios/command_center/docs/phase_5,.repo_studios/command_center/docs/phase_5/MAKE_TARGET_DESIGN.md,h2,Proposed Targets,proposed-targets,phase-5-make-target-design,"Outline the proposed `make` targets that will eventually wrap the command center orchestration and automation rehearsals without implementing any code changes yet. This design preserves auditability, mirrors the reference plan naming…",11994,2025-11-04T14:29:02.463000+00:00,,,,no,
.repo_studios/command_center/docs/phase_5,.repo_studios/command_center/docs/phase_5/MAKE_TARGET_DESIGN.md,h2,Operator Checklist Integration,operator-checklist-integration,phase-5-make-target-design,"Outline the proposed `make` targets that will eventually wrap the command center orchestration and automation rehearsals without implementing any code changes yet. This design preserves auditability, mirrors the reference plan naming…",11994,2025-11-04T14:29:02.463000+00:00,,,,no,
.repo_studios/command_center/docs/phase_5,.repo_studios/command_center/docs/phase_5/MAKE_TARGET_DESIGN.md,h2,Dependencies & Risks,dependencies-risks,phase-5-make-target-design,"Outline the proposed `make` targets that will eventually wrap the command center orchestration and automation rehearsals without implementing any code changes yet. This design preserves auditability, mirrors the reference plan naming…",11994,2025-11-04T14:29:02.463000+00:00,,,,no,
.repo_studios/command_center/docs/phase_5,.repo_studios/command_center/docs/phase_5/MAKE_TARGET_DESIGN.md,h2,Windows Tooling Validation (2025-11-04),windows-tooling-validation-2025-11-04,phase-5-make-target-design,"Outline the proposed `make` targets that will eventually wrap the command center orchestration and automation rehearsals without implementing any code changes yet. This design preserves auditability, mirrors the reference plan naming…",11994,2025-11-04T14:29:02.463000+00:00,,,,no,
.repo_studios/command_center/docs/phase_5,.repo_studios/command_center/docs/phase_5/MAKE_TARGET_DESIGN.md,h2,Target Contract and Guardrail Surfacing (2025-11-04),target-contract-and-guardrail-surfacing-2025-11-04,phase-5-make-target-design,"Outline the proposed `make` targets that will eventually wrap the command center orchestration and automation rehearsals without implementing any code changes yet. This design preserves auditability, mirrors the reference plan naming…",11994,2025-11-04T14:29:02.463000+00:00,,,,no,
.repo_studios/command_center/docs/phase_5,.repo_studios/command_center/docs/phase_5/MAKE_TARGET_DESIGN.md,h2,CI Rehearsal Job Outline (2025-11-04),ci-rehearsal-job-outline-2025-11-04,phase-5-make-target-design,"Outline the proposed `make` targets that will eventually wrap the command center orchestration and automation rehearsals without implementing any code changes yet. This design preserves auditability, mirrors the reference plan naming…",11994,2025-11-04T14:29:02.463000+00:00,,,,no,
.repo_studios/command_center/docs/phase_5,.repo_studios/command_center/docs/phase_5/MAKE_TARGET_DESIGN.md,h2,Health Suite Orchestrator Impact Summary (Draft 2025-11-04),health-suite-orchestrator-impact-summary-draft-2025-11-04,phase-5-make-target-design,"Outline the proposed `make` targets that will eventually wrap the command center orchestration and automation rehearsals without implementing any code changes yet. This design preserves auditability, mirrors the reference plan naming…",11994,2025-11-04T14:29:02.463000+00:00,,,,no,
.repo_studios/command_center/docs/phase_5,.repo_studios/command_center/docs/phase_5/MAKE_TARGET_DESIGN.md,h2,Documentation Cross-Link Plan (Draft 2025-11-04),documentation-cross-link-plan-draft-2025-11-04,phase-5-make-target-design,"Outline the proposed `make` targets that will eventually wrap the command center orchestration and automation rehearsals without implementing any code changes yet. This design preserves auditability, mirrors the reference plan naming…",11994,2025-11-04T14:29:02.463000+00:00,,,,no,
.repo_studios/command_center/docs/phase_5,.repo_studios/command_center/docs/phase_5/MAKE_TARGET_DESIGN.md,h2,Next Steps,next-steps,phase-5-make-target-design,"Outline the proposed `make` targets that will eventually wrap the command center orchestration and automation rehearsals without implementing any code changes yet. This design preserves auditability, mirrors the reference plan naming…",11994,2025-11-04T14:29:02.463000+00:00,,,,no,
.repo_studios/command_center/docs/phase_6,.repo_studios/command_center/docs/phase_6/PROMPT_AUDIT_NOTES.md,h1,Phase 6 Prompt Audit Notes (2025-11-04),phase-6-prompt-audit-notes-2025-11-04,,"1. **Guardrail alignment:** Existing prompts reference local-only execution, minimal diffs, and validator reporting; they do not mention command center guardrails (duplicate retention, lock checks, `max_files_per_run`). 2. **Command center…",2145,2025-11-04T14:15:53.173199+00:00,,,,no,
.repo_studios/command_center/docs/phase_6,.repo_studios/command_center/docs/phase_6/PROMPT_AUDIT_NOTES.md,h2,Scope,scope,phase-6-prompt-audit-notes-2025-11-04,"1. **Guardrail alignment:** Existing prompts reference local-only execution, minimal diffs, and validator reporting; they do not mention command center guardrails (duplicate retention, lock checks, `max_files_per_run`). 2. **Command center…",2145,2025-11-04T14:15:53.173199+00:00,,,,no,
.repo_studios/command_center/docs/phase_6,.repo_studios/command_center/docs/phase_6/PROMPT_AUDIT_NOTES.md,h2,Observations,observations,phase-6-prompt-audit-notes-2025-11-04,"1. **Guardrail alignment:** Existing prompts reference local-only execution, minimal diffs, and validator reporting; they do not mention command center guardrails (duplicate retention, lock checks, `max_files_per_run`). 2. **Command center…",2145,2025-11-04T14:15:53.173199+00:00,,,,no,
.repo_studios/command_center/docs/phase_6,.repo_studios/command_center/docs/phase_6/PROMPT_AUDIT_NOTES.md,h2,Risks,risks,phase-6-prompt-audit-notes-2025-11-04,"1. **Guardrail alignment:** Existing prompts reference local-only execution, minimal diffs, and validator reporting; they do not mention command center guardrails (duplicate retention, lock checks, `max_files_per_run`). 2. **Command center…",2145,2025-11-04T14:15:53.173199+00:00,,,,no,
.repo_studios/command_center/docs/phase_6,.repo_studios/command_center/docs/phase_6/PROMPT_AUDIT_NOTES.md,h2,Recommended Follow-Ups,recommended-follow-ups,phase-6-prompt-audit-notes-2025-11-04,"1. **Guardrail alignment:** Existing prompts reference local-only execution, minimal diffs, and validator reporting; they do not mention command center guardrails (duplicate retention, lock checks, `max_files_per_run`). 2. **Command center…",2145,2025-11-04T14:15:53.173199+00:00,,,,no,
.repo_studios/command_center/docs/phase_6,.repo_studios/command_center/docs/phase_6/PROMPT_AUDIT_NOTES.md,h2,Next Actions,next-actions,phase-6-prompt-audit-notes-2025-11-04,"1. **Guardrail alignment:** Existing prompts reference local-only execution, minimal diffs, and validator reporting; they do not mention command center guardrails (duplicate retention, lock checks, `max_files_per_run`). 2. **Command center…",2145,2025-11-04T14:15:53.173199+00:00,,,,no,
.repo_studios/command_center/docs/phase_6,.repo_studios/command_center/docs/phase_6/PROMPT_CHANGE_CONTROL_WORKFLOW.md,h1,Phase 6 Prompt Change-Control Workflow (Draft 2025-11-04),phase-6-prompt-change-control-workflow-draft-2025-11-04,,1. **Draft Preparation**,1907,2025-11-04T14:45:22.717422+00:00,,,,no,
.repo_studios/command_center/docs/phase_6,.repo_studios/command_center/docs/phase_6/PROMPT_CHANGE_CONTROL_WORKFLOW.md,h2,Roles,roles,phase-6-prompt-change-control-workflow-draft-2025-11-04,1. **Draft Preparation**,1907,2025-11-04T14:45:22.717422+00:00,,,,no,
.repo_studios/command_center/docs/phase_6,.repo_studios/command_center/docs/phase_6/PROMPT_CHANGE_CONTROL_WORKFLOW.md,h2,Change Sequence,change-sequence,phase-6-prompt-change-control-workflow-draft-2025-11-04,1. **Draft Preparation**,1907,2025-11-04T14:45:22.717422+00:00,,,,no,
.repo_studios/command_center/docs/phase_6,.repo_studios/command_center/docs/phase_6/PROMPT_CHANGE_CONTROL_WORKFLOW.md,h2,Governance Hooks,governance-hooks,phase-6-prompt-change-control-workflow-draft-2025-11-04,1. **Draft Preparation**,1907,2025-11-04T14:45:22.717422+00:00,,,,no,
.repo_studios/command_center/docs/phase_6,.repo_studios/command_center/docs/phase_6/PROMPT_DELTA_DRAFTS.md,h1,Phase 6 Prompt Instruction Delta Drafts (2025-11-04),phase-6-prompt-instruction-delta-drafts-2025-11-04,,,2239,2025-11-04T14:45:22.717422+00:00,,,,no,
.repo_studios/command_center/docs/phase_6,.repo_studios/command_center/docs/phase_6/PROMPT_DELTA_DRAFTS.md,h2,`session_primer`,sessionprimer,phase-6-prompt-instruction-delta-drafts-2025-11-04,,2239,2025-11-04T14:45:22.717422+00:00,,,,no,
.repo_studios/command_center/docs/phase_6,.repo_studios/command_center/docs/phase_6/PROMPT_DELTA_DRAFTS.md,h2,`guardrails`,guardrails,phase-6-prompt-instruction-delta-drafts-2025-11-04,,2239,2025-11-04T14:45:22.717422+00:00,,,,no,
.repo_studios/command_center/docs/phase_6,.repo_studios/command_center/docs/phase_6/PROMPT_DELTA_DRAFTS.md,h2,`update_docs`,updatedocs,phase-6-prompt-instruction-delta-drafts-2025-11-04,,2239,2025-11-04T14:45:22.717422+00:00,,,,no,
.repo_studios/command_center/docs/phase_6,.repo_studios/command_center/docs/phase_6/PROMPT_DELTA_DRAFTS.md,h2,`bundle_review`,bundlereview,phase-6-prompt-instruction-delta-drafts-2025-11-04,,2239,2025-11-04T14:45:22.717422+00:00,,,,no,
.repo_studios/command_center/docs/phase_6,.repo_studios/command_center/docs/phase_6/PROMPT_DELTA_DRAFTS.md,h2,`after_coding_alignment`,aftercodingalignment,phase-6-prompt-instruction-delta-drafts-2025-11-04,,2239,2025-11-04T14:45:22.717422+00:00,,,,no,
.repo_studios/command_center/docs/phase_6,.repo_studios/command_center/docs/phase_6/PROMPT_DELTA_DRAFTS.md,h2,`bundle_post_code_align`,bundlepostcodealign,phase-6-prompt-instruction-delta-drafts-2025-11-04,,2239,2025-11-04T14:45:22.717422+00:00,,,,no,
.repo_studios/command_center/docs/phase_6,.repo_studios/command_center/docs/phase_6/PROMPT_DELTA_DRAFTS.md,h2,General Prompt Library Notes,general-prompt-library-notes,phase-6-prompt-instruction-delta-drafts-2025-11-04,,2239,2025-11-04T14:45:22.717422+00:00,,,,no,
.repo_studios/command_center/docs/phase_6,.repo_studios/command_center/docs/phase_6/PROMPT_GUARDRAIL_MATRIX.md,h1,Phase 6 Prompt Guardrail Coverage Matrix (2025-11-04),phase-6-prompt-guardrail-coverage-matrix-2025-11-04,,"1. Inject command center entry point and guardrail reminders into `session_primer`, `guardrails`, and bundle prompts. 2. Add documentation and evidence logging guidance to `update_docs` and `bundle_review` to align with Phase 4/5…",2942,2025-11-04T14:15:53.527503+00:00,,,,no,
.repo_studios/command_center/docs/phase_6,.repo_studios/command_center/docs/phase_6/PROMPT_GUARDRAIL_MATRIX.md,h2,Coverage Summary,coverage-summary,phase-6-prompt-guardrail-coverage-matrix-2025-11-04,"1. Inject command center entry point and guardrail reminders into `session_primer`, `guardrails`, and bundle prompts. 2. Add documentation and evidence logging guidance to `update_docs` and `bundle_review` to align with Phase 4/5…",2942,2025-11-04T14:15:53.527503+00:00,,,,no,
.repo_studios/command_center/docs/phase_6,.repo_studios/command_center/docs/phase_6/PROMPT_GUARDRAIL_MATRIX.md,h2,Follow-Up Targets,follow-up-targets,phase-6-prompt-guardrail-coverage-matrix-2025-11-04,"1. Inject command center entry point and guardrail reminders into `session_primer`, `guardrails`, and bundle prompts. 2. Add documentation and evidence logging guidance to `update_docs` and `bundle_review` to align with Phase 4/5…",2942,2025-11-04T14:15:53.527503+00:00,,,,no,
.repo_studios/command_center/docs/phase_6,.repo_studios/command_center/docs/phase_6/PROMPT_ROLLBACK_PLAYBOOK.md,h1,Phase 6 Prompt Rollback & Versioning Playbook (Draft 2025-11-04),phase-6-prompt-rollback-versioning-playbook-draft-2025-11-04,,"1. Identify the last known good version (e.g., v1.2.0) via Git history and documented metadata. 2. Revert `repo_prompts.md` to the prior version using Git (`git checkout <commit> -- repo_prompts.md`) and increment version metadata with a…",1705,2025-11-04T14:45:22.718420+00:00,,,,no,
.repo_studios/command_center/docs/phase_6,.repo_studios/command_center/docs/phase_6/PROMPT_ROLLBACK_PLAYBOOK.md,h2,Versioning,versioning,phase-6-prompt-rollback-versioning-playbook-draft-2025-11-04,"1. Identify the last known good version (e.g., v1.2.0) via Git history and documented metadata. 2. Revert `repo_prompts.md` to the prior version using Git (`git checkout <commit> -- repo_prompts.md`) and increment version metadata with a…",1705,2025-11-04T14:45:22.718420+00:00,,,,no,
.repo_studios/command_center/docs/phase_6,.repo_studios/command_center/docs/phase_6/PROMPT_ROLLBACK_PLAYBOOK.md,h2,Change Tracking,change-tracking,phase-6-prompt-rollback-versioning-playbook-draft-2025-11-04,"1. Identify the last known good version (e.g., v1.2.0) via Git history and documented metadata. 2. Revert `repo_prompts.md` to the prior version using Git (`git checkout <commit> -- repo_prompts.md`) and increment version metadata with a…",1705,2025-11-04T14:45:22.718420+00:00,,,,no,
.repo_studios/command_center/docs/phase_6,.repo_studios/command_center/docs/phase_6/PROMPT_ROLLBACK_PLAYBOOK.md,h2,Rollback Procedure,rollback-procedure,phase-6-prompt-rollback-versioning-playbook-draft-2025-11-04,"1. Identify the last known good version (e.g., v1.2.0) via Git history and documented metadata. 2. Revert `repo_prompts.md` to the prior version using Git (`git checkout <commit> -- repo_prompts.md`) and increment version metadata with a…",1705,2025-11-04T14:45:22.718420+00:00,,,,no,
.repo_studios/command_center/docs/phase_6,.repo_studios/command_center/docs/phase_6/PROMPT_ROLLBACK_PLAYBOOK.md,h2,Safeguards,safeguards,phase-6-prompt-rollback-versioning-playbook-draft-2025-11-04,"1. Identify the last known good version (e.g., v1.2.0) via Git history and documented metadata. 2. Revert `repo_prompts.md` to the prior version using Git (`git checkout <commit> -- repo_prompts.md`) and increment version metadata with a…",1705,2025-11-04T14:45:22.718420+00:00,,,,no,
.repo_studios/command_center/docs/phase_6,.repo_studios/command_center/docs/phase_6/PROMPT_VALIDATION_PLAN.md,h1,Phase 6 Prompt Validation Dry-Run Plan (Draft 2025-11-04),phase-6-prompt-validation-dry-run-plan-draft-2025-11-04,,1. **Duplicate Remediation Kickoff**,2491,2025-11-04T14:15:53.865969+00:00,,,,no,
.repo_studios/command_center/docs/phase_6,.repo_studios/command_center/docs/phase_6/PROMPT_VALIDATION_PLAN.md,h2,Scenarios,scenarios,phase-6-prompt-validation-dry-run-plan-draft-2025-11-04,1. **Duplicate Remediation Kickoff**,2491,2025-11-04T14:15:53.865969+00:00,,,,no,
.repo_studios/command_center/docs/phase_6,.repo_studios/command_center/docs/phase_6/PROMPT_VALIDATION_PLAN.md,h2,Execution Steps,execution-steps,phase-6-prompt-validation-dry-run-plan-draft-2025-11-04,1. **Duplicate Remediation Kickoff**,2491,2025-11-04T14:15:53.865969+00:00,,,,no,
.repo_studios/command_center/docs/phase_6,.repo_studios/command_center/docs/phase_6/PROMPT_VALIDATION_RESULTS.md,h1,Phase 6 Prompt Validation Results (2025-11-04),phase-6-prompt-validation-results-2025-11-04,,archived under `phase_6/validation_runs/`.,1616,2025-12-05T18:36:00.308240+00:00,,,,no,
.repo_studios/command_center/docs/phase_6,.repo_studios/command_center/docs/phase_6/PROMPT_VALIDATION_RESULTS.md,h2,Summary,summary,phase-6-prompt-validation-results-2025-11-04,archived under `phase_6/validation_runs/`.,1616,2025-12-05T18:36:00.308240+00:00,,,,no,
.repo_studios/command_center/docs/phase_6/validation_runs,.repo_studios/command_center/docs/phase_6/validation_runs/2025-11-04-after_coding_alignment.md,h1,Validation Transcript – After Coding Alignment (2025-11-04),validation-transcript-after-coding-alignment-2025-11-04,,1. Summarized edits: `scripts/aggregators/scan_duplicates.py` guardrail tweak and `docs/command_center/remediation_brief.md` note added; both reduce duplicate drift and clarify evidence capture. 2. Quality gates: Lint/Typecheck N/A; Unit…,2109,2025-11-04T14:45:22.721421+00:00,,,,no,
.repo_studios/command_center/docs/phase_6/validation_runs,.repo_studios/command_center/docs/phase_6/validation_runs/2025-11-04-after_coding_alignment.md,h2,Scenario Setup,scenario-setup,validation-transcript-after-coding-alignment-2025-11-04,1. Summarized edits: `scripts/aggregators/scan_duplicates.py` guardrail tweak and `docs/command_center/remediation_brief.md` note added; both reduce duplicate drift and clarify evidence capture. 2. Quality gates: Lint/Typecheck N/A; Unit…,2109,2025-11-04T14:45:22.721421+00:00,,,,no,
.repo_studios/command_center/docs/phase_6/validation_runs,.repo_studios/command_center/docs/phase_6/validation_runs/2025-11-04-after_coding_alignment.md,h2,Transcript,transcript,validation-transcript-after-coding-alignment-2025-11-04,1. Summarized edits: `scripts/aggregators/scan_duplicates.py` guardrail tweak and `docs/command_center/remediation_brief.md` note added; both reduce duplicate drift and clarify evidence capture. 2. Quality gates: Lint/Typecheck N/A; Unit…,2109,2025-11-04T14:45:22.721421+00:00,,,,no,
.repo_studios/command_center/docs/phase_6/validation_runs,.repo_studios/command_center/docs/phase_6/validation_runs/2025-11-04-after_coding_alignment.md,h2,Evaluation,evaluation,validation-transcript-after-coding-alignment-2025-11-04,1. Summarized edits: `scripts/aggregators/scan_duplicates.py` guardrail tweak and `docs/command_center/remediation_brief.md` note added; both reduce duplicate drift and clarify evidence capture. 2. Quality gates: Lint/Typecheck N/A; Unit…,2109,2025-11-04T14:45:22.721421+00:00,,,,no,
.repo_studios/command_center/docs/phase_6/validation_runs,.repo_studios/command_center/docs/phase_6/validation_runs/2025-11-04-bundle_review.md,h1,Validation Transcript – Bundle Review (2025-11-04),validation-transcript-bundle-review-2025-11-04,,"1. Summary: Updated `scan_duplicates.py` guardrail prompts, refreshed `automation_manifest-20251104_181500/`, and added guardrail bullet to documentation; impact reduces duplicate drift and clarifies evidence capture. 2. Verification:…",2036,2025-11-04T14:15:54.514396+00:00,,,,no,
.repo_studios/command_center/docs/phase_6/validation_runs,.repo_studios/command_center/docs/phase_6/validation_runs/2025-11-04-bundle_review.md,h2,Scenario Setup,scenario-setup,validation-transcript-bundle-review-2025-11-04,"1. Summary: Updated `scan_duplicates.py` guardrail prompts, refreshed `automation_manifest-20251104_181500/`, and added guardrail bullet to documentation; impact reduces duplicate drift and clarifies evidence capture. 2. Verification:…",2036,2025-11-04T14:15:54.514396+00:00,,,,no,
.repo_studios/command_center/docs/phase_6/validation_runs,.repo_studios/command_center/docs/phase_6/validation_runs/2025-11-04-bundle_review.md,h2,Transcript,transcript,validation-transcript-bundle-review-2025-11-04,"1. Summary: Updated `scan_duplicates.py` guardrail prompts, refreshed `automation_manifest-20251104_181500/`, and added guardrail bullet to documentation; impact reduces duplicate drift and clarifies evidence capture. 2. Verification:…",2036,2025-11-04T14:15:54.514396+00:00,,,,no,
.repo_studios/command_center/docs/phase_6/validation_runs,.repo_studios/command_center/docs/phase_6/validation_runs/2025-11-04-bundle_review.md,h2,Evaluation,evaluation,validation-transcript-bundle-review-2025-11-04,"1. Summary: Updated `scan_duplicates.py` guardrail prompts, refreshed `automation_manifest-20251104_181500/`, and added guardrail bullet to documentation; impact reduces duplicate drift and clarifies evidence capture. 2. Verification:…",2036,2025-11-04T14:15:54.514396+00:00,,,,no,
.repo_studios/command_center/docs/phase_6/validation_runs,.repo_studios/command_center/docs/phase_6/validation_runs/2025-11-04-session_primer.md,h1,Validation Transcript – Session Primer (2025-11-04),validation-transcript-session-primer-2025-11-04,,1. Reviewed `.repo_studios/command_center/README.md#guardrails` to refresh duplicate remediation constraints and automation evidence requirements. 2. Ran `make command-center-check-locks` → `RUN_LOCK_STATUS: clear` to confirm no active…,1846,2025-11-04T14:45:22.722420+00:00,,,,no,
.repo_studios/command_center/docs/phase_6/validation_runs,.repo_studios/command_center/docs/phase_6/validation_runs/2025-11-04-session_primer.md,h2,Scenario Setup,scenario-setup,validation-transcript-session-primer-2025-11-04,1. Reviewed `.repo_studios/command_center/README.md#guardrails` to refresh duplicate remediation constraints and automation evidence requirements. 2. Ran `make command-center-check-locks` → `RUN_LOCK_STATUS: clear` to confirm no active…,1846,2025-11-04T14:45:22.722420+00:00,,,,no,
.repo_studios/command_center/docs/phase_6/validation_runs,.repo_studios/command_center/docs/phase_6/validation_runs/2025-11-04-session_primer.md,h2,Transcript,transcript,validation-transcript-session-primer-2025-11-04,1. Reviewed `.repo_studios/command_center/README.md#guardrails` to refresh duplicate remediation constraints and automation evidence requirements. 2. Ran `make command-center-check-locks` → `RUN_LOCK_STATUS: clear` to confirm no active…,1846,2025-11-04T14:45:22.722420+00:00,,,,no,
.repo_studios/command_center/docs/phase_6/validation_runs,.repo_studios/command_center/docs/phase_6/validation_runs/2025-11-04-session_primer.md,h2,Evaluation,evaluation,validation-transcript-session-primer-2025-11-04,1. Reviewed `.repo_studios/command_center/README.md#guardrails` to refresh duplicate remediation constraints and automation evidence requirements. 2. Ran `make command-center-check-locks` → `RUN_LOCK_STATUS: clear` to confirm no active…,1846,2025-11-04T14:45:22.722420+00:00,,,,no,
.repo_studios/command_center/docs/phase_6/validation_runs,.repo_studios/command_center/docs/phase_6/validation_runs/2025-11-04-update_docs.md,h1,Validation Transcript – Update Docs (2025-11-04),validation-transcript-update-docs-2025-11-04,,"1. Reviewed `.repo_studios/command_center/README.md#documentation-updates` to confirm required cross-links and formatting constraints before editing. 2. Proposed change: add a bullet under ""Automation Evidence"" noting manifest + metrics…",1474,2025-11-04T14:29:02.467513+00:00,,,,no,
.repo_studios/command_center/docs/phase_6/validation_runs,.repo_studios/command_center/docs/phase_6/validation_runs/2025-11-04-update_docs.md,h2,Scenario Setup,scenario-setup,validation-transcript-update-docs-2025-11-04,"1. Reviewed `.repo_studios/command_center/README.md#documentation-updates` to confirm required cross-links and formatting constraints before editing. 2. Proposed change: add a bullet under ""Automation Evidence"" noting manifest + metrics…",1474,2025-11-04T14:29:02.467513+00:00,,,,no,
.repo_studios/command_center/docs/phase_6/validation_runs,.repo_studios/command_center/docs/phase_6/validation_runs/2025-11-04-update_docs.md,h2,Transcript,transcript,validation-transcript-update-docs-2025-11-04,"1. Reviewed `.repo_studios/command_center/README.md#documentation-updates` to confirm required cross-links and formatting constraints before editing. 2. Proposed change: add a bullet under ""Automation Evidence"" noting manifest + metrics…",1474,2025-11-04T14:29:02.467513+00:00,,,,no,
.repo_studios/command_center/docs/phase_6/validation_runs,.repo_studios/command_center/docs/phase_6/validation_runs/2025-11-04-update_docs.md,h2,Evaluation,evaluation,validation-transcript-update-docs-2025-11-04,"1. Reviewed `.repo_studios/command_center/README.md#documentation-updates` to confirm required cross-links and formatting constraints before editing. 2. Proposed change: add a bullet under ""Automation Evidence"" noting manifest + metrics…",1474,2025-11-04T14:29:02.467513+00:00,,,,no,
.repo_studios/command_center/docs/phase_6/validation_runs,.repo_studios/command_center/docs/phase_6/validation_runs/2025-12-05-healthview_prompt_review.md,h1,Healthview Prompt Review — 2025-12-05,healthview-prompt-review-2025-12-05,,Validate that updated orchestrator prompts and guardrail guidance steer agents toward the `healthview` viewer and replacement `studio-orchestrate-<topic>` Make targets while flagging legacy aliases.,1808,2025-12-05T18:36:00.308240+00:00,,,,no,
.repo_studios/command_center/docs/phase_6/validation_runs,.repo_studios/command_center/docs/phase_6/validation_runs/2025-12-05-healthview_prompt_review.md,h2,Scenario,scenario,healthview-prompt-review-2025-12-05,Validate that updated orchestrator prompts and guardrail guidance steer agents toward the `healthview` viewer and replacement `studio-orchestrate-<topic>` Make targets while flagging legacy aliases.,1808,2025-12-05T18:36:00.308240+00:00,,,,no,
.repo_studios/command_center/docs/phase_6/validation_runs,.repo_studios/command_center/docs/phase_6/validation_runs/2025-12-05-healthview_prompt_review.md,h2,Procedure,procedure,healthview-prompt-review-2025-12-05,Validate that updated orchestrator prompts and guardrail guidance steer agents toward the `healthview` viewer and replacement `studio-orchestrate-<topic>` Make targets while flagging legacy aliases.,1808,2025-12-05T18:36:00.308240+00:00,,,,no,
.repo_studios/command_center/docs/phase_6/validation_runs,.repo_studios/command_center/docs/phase_6/validation_runs/2025-12-05-healthview_prompt_review.md,h2,Observations,observations,healthview-prompt-review-2025-12-05,Validate that updated orchestrator prompts and guardrail guidance steer agents toward the `healthview` viewer and replacement `studio-orchestrate-<topic>` Make targets while flagging legacy aliases.,1808,2025-12-05T18:36:00.308240+00:00,,,,no,
.repo_studios/command_center/docs/phase_6/validation_runs,.repo_studios/command_center/docs/phase_6/validation_runs/2025-12-05-healthview_prompt_review.md,h2,Result,result,healthview-prompt-review-2025-12-05,Validate that updated orchestrator prompts and guardrail guidance steer agents toward the `healthview` viewer and replacement `studio-orchestrate-<topic>` Make targets while flagging legacy aliases.,1808,2025-12-05T18:36:00.308240+00:00,,,,no,
.repo_studios/command_center/docs/phase_6/validation_runs,.repo_studios/command_center/docs/phase_6/validation_runs/2025-12-05-healthview_prompt_review.md,h2,Follow-Up,follow-up,healthview-prompt-review-2025-12-05,Validate that updated orchestrator prompts and guardrail guidance steer agents toward the `healthview` viewer and replacement `studio-orchestrate-<topic>` Make targets while flagging legacy aliases.,1808,2025-12-05T18:36:00.308240+00:00,,,,no,
.repo_studios/command_center/docs/phase_7,.repo_studios/command_center/docs/phase_7/CI_INTEGRATION_STRATEGY.md,h1,Phase 7 CI Integration Strategy (Draft 2025-11-04),phase-7-ci-integration-strategy-draft-2025-11-04,,1. **Observation (Weeks 1–2)**,4207,2025-11-23T20:48:09.158067+00:00,,,,yes,
.repo_studios/command_center/docs/phase_7,.repo_studios/command_center/docs/phase_7/CI_INTEGRATION_STRATEGY.md,h2,Goals,goals,phase-7-ci-integration-strategy-draft-2025-11-04,1. **Observation (Weeks 1–2)**,4207,2025-11-23T20:48:09.158067+00:00,,,,yes,
.repo_studios/command_center/docs/phase_7,.repo_studios/command_center/docs/phase_7/CI_INTEGRATION_STRATEGY.md,h2,Pipeline Overview,pipeline-overview,phase-7-ci-integration-strategy-draft-2025-11-04,1. **Observation (Weeks 1–2)**,4207,2025-11-23T20:48:09.158067+00:00,,,,yes,
.repo_studios/command_center/docs/phase_7,.repo_studios/command_center/docs/phase_7/CI_INTEGRATION_STRATEGY.md,h2,Rollout Phases,rollout-phases,phase-7-ci-integration-strategy-draft-2025-11-04,1. **Observation (Weeks 1–2)**,4207,2025-11-23T20:48:09.158067+00:00,,,,yes,
.repo_studios/command_center/docs/phase_7,.repo_studios/command_center/docs/phase_7/CI_INTEGRATION_STRATEGY.md,h2,Success Criteria,success-criteria,phase-7-ci-integration-strategy-draft-2025-11-04,1. **Observation (Weeks 1–2)**,4207,2025-11-23T20:48:09.158067+00:00,,,,yes,
.repo_studios/command_center/docs/phase_7,.repo_studios/command_center/docs/phase_7/CI_INTEGRATION_STRATEGY.md,h2,Dependencies,dependencies,phase-7-ci-integration-strategy-draft-2025-11-04,1. **Observation (Weeks 1–2)**,4207,2025-11-23T20:48:09.158067+00:00,,,,yes,
.repo_studios/command_center/docs/phase_7,.repo_studios/command_center/docs/phase_7/CI_INTEGRATION_STRATEGY.md,h2,Next Actions,next-actions,phase-7-ci-integration-strategy-draft-2025-11-04,1. **Observation (Weeks 1–2)**,4207,2025-11-23T20:48:09.158067+00:00,,,,yes,
.repo_studios/command_center/docs/phase_7,.repo_studios/command_center/docs/phase_7/CI_ROLLOUT_LOG.md,h1,Phase 7 CI Rollout Log,phase-7-ci-rollout-log,,Document transitions from warning to blocking enforcement for new guardrail workflows. Record every run used to validate thresholds so reviewers can audit readiness decisions.,1042,2025-11-24T23:59:30.979170+00:00,,,,yes,
.repo_studios/command_center/docs/phase_7,.repo_studios/command_center/docs/phase_7/COLLECT_TEST_LOG_REPORTS_BLUEPRINT.md,h1,collect_test_log_reports.py Blueprint,collecttestlogreportspy-blueprint,,Design the dedicated pytest log producer so downstream consumers and orchestrators can reuse structured artifacts instead of re-parsing raw log bundles. The producer will wrap the shared helpers in…,6485,2025-12-01T01:26:52.466224+00:00,,,,no,
.repo_studios/command_center/docs/phase_7,.repo_studios/command_center/docs/phase_7/COLLECT_TEST_LOG_REPORTS_BLUEPRINT.md,h2,Purpose,purpose,collecttestlogreportspy-blueprint,Design the dedicated pytest log producer so downstream consumers and orchestrators can reuse structured artifacts instead of re-parsing raw log bundles. The producer will wrap the shared helpers in…,6485,2025-12-01T01:26:52.466224+00:00,,,,no,
.repo_studios/command_center/docs/phase_7,.repo_studios/command_center/docs/phase_7/COLLECT_TEST_LOG_REPORTS_BLUEPRINT.md,h2,Entry Criteria,entry-criteria,collecttestlogreportspy-blueprint,Design the dedicated pytest log producer so downstream consumers and orchestrators can reuse structured artifacts instead of re-parsing raw log bundles. The producer will wrap the shared helpers in…,6485,2025-12-01T01:26:52.466224+00:00,,,,no,
.repo_studios/command_center/docs/phase_7,.repo_studios/command_center/docs/phase_7/COLLECT_TEST_LOG_REPORTS_BLUEPRINT.md,h2,Exit Criteria,exit-criteria,collecttestlogreportspy-blueprint,Design the dedicated pytest log producer so downstream consumers and orchestrators can reuse structured artifacts instead of re-parsing raw log bundles. The producer will wrap the shared helpers in…,6485,2025-12-01T01:26:52.466224+00:00,,,,no,
.repo_studios/command_center/docs/phase_7,.repo_studios/command_center/docs/phase_7/COLLECT_TEST_LOG_REPORTS_BLUEPRINT.md,h2,Inputs & Dependencies,inputs-dependencies,collecttestlogreportspy-blueprint,Design the dedicated pytest log producer so downstream consumers and orchestrators can reuse structured artifacts instead of re-parsing raw log bundles. The producer will wrap the shared helpers in…,6485,2025-12-01T01:26:52.466224+00:00,,,,no,
.repo_studios/command_center/docs/phase_7,.repo_studios/command_center/docs/phase_7/COLLECT_TEST_LOG_REPORTS_BLUEPRINT.md,h2,Output Layout,output-layout,collecttestlogreportspy-blueprint,Design the dedicated pytest log producer so downstream consumers and orchestrators can reuse structured artifacts instead of re-parsing raw log bundles. The producer will wrap the shared helpers in…,6485,2025-12-01T01:26:52.466224+00:00,,,,no,
.repo_studios/command_center/docs/phase_7,.repo_studios/command_center/docs/phase_7/COLLECT_TEST_LOG_REPORTS_BLUEPRINT.md,h2,CLI & Behaviour Notes,cli-behaviour-notes,collecttestlogreportspy-blueprint,Design the dedicated pytest log producer so downstream consumers and orchestrators can reuse structured artifacts instead of re-parsing raw log bundles. The producer will wrap the shared helpers in…,6485,2025-12-01T01:26:52.466224+00:00,,,,no,
.repo_studios/command_center/docs/phase_7,.repo_studios/command_center/docs/phase_7/COLLECT_TEST_LOG_REPORTS_BLUEPRINT.md,h2,Implementation Plan,implementation-plan,collecttestlogreportspy-blueprint,Design the dedicated pytest log producer so downstream consumers and orchestrators can reuse structured artifacts instead of re-parsing raw log bundles. The producer will wrap the shared helpers in…,6485,2025-12-01T01:26:52.466224+00:00,,,,no,
.repo_studios/command_center/docs/phase_7,.repo_studios/command_center/docs/phase_7/COLLECT_TEST_LOG_REPORTS_BLUEPRINT.md,h2,Testing Strategy,testing-strategy,collecttestlogreportspy-blueprint,Design the dedicated pytest log producer so downstream consumers and orchestrators can reuse structured artifacts instead of re-parsing raw log bundles. The producer will wrap the shared helpers in…,6485,2025-12-01T01:26:52.466224+00:00,,,,no,
.repo_studios/command_center/docs/phase_7,.repo_studios/command_center/docs/phase_7/COLLECT_TEST_LOG_REPORTS_BLUEPRINT.md,h2,Integration & Sequencing,integration-sequencing,collecttestlogreportspy-blueprint,Design the dedicated pytest log producer so downstream consumers and orchestrators can reuse structured artifacts instead of re-parsing raw log bundles. The producer will wrap the shared helpers in…,6485,2025-12-01T01:26:52.466224+00:00,,,,no,
.repo_studios/command_center/docs/phase_7,.repo_studios/command_center/docs/phase_7/COLLECT_TEST_LOG_REPORTS_BLUEPRINT.md,h2,Open Questions,open-questions,collecttestlogreportspy-blueprint,Design the dedicated pytest log producer so downstream consumers and orchestrators can reuse structured artifacts instead of re-parsing raw log bundles. The producer will wrap the shared helpers in…,6485,2025-12-01T01:26:52.466224+00:00,,,,no,
.repo_studios/command_center/docs/phase_7,.repo_studios/command_center/docs/phase_7/FALSE_POSITIVE_FEEDBACK_LOOP.md,h1,Phase 7 False-Positive Feedback Loop (Draft 2025-11-04),phase-7-false-positive-feedback-loop-draft-2025-11-04,,1. **Detection**,2694,2025-11-04T14:45:22.719421+00:00,,,,no,
.repo_studios/command_center/docs/phase_7,.repo_studios/command_center/docs/phase_7/FALSE_POSITIVE_FEEDBACK_LOOP.md,h2,Purpose,purpose,phase-7-false-positive-feedback-loop-draft-2025-11-04,1. **Detection**,2694,2025-11-04T14:45:22.719421+00:00,,,,no,
.repo_studios/command_center/docs/phase_7,.repo_studios/command_center/docs/phase_7/FALSE_POSITIVE_FEEDBACK_LOOP.md,h2,Workflow Summary,workflow-summary,phase-7-false-positive-feedback-loop-draft-2025-11-04,1. **Detection**,2694,2025-11-04T14:45:22.719421+00:00,,,,no,
.repo_studios/command_center/docs/phase_7,.repo_studios/command_center/docs/phase_7/FALSE_POSITIVE_FEEDBACK_LOOP.md,h2,Roles,roles,phase-7-false-positive-feedback-loop-draft-2025-11-04,1. **Detection**,2694,2025-11-04T14:45:22.719421+00:00,,,,no,
.repo_studios/command_center/docs/phase_7,.repo_studios/command_center/docs/phase_7/FALSE_POSITIVE_FEEDBACK_LOOP.md,h2,Intake Channels,intake-channels,phase-7-false-positive-feedback-loop-draft-2025-11-04,1. **Detection**,2694,2025-11-04T14:45:22.719421+00:00,,,,no,
.repo_studios/command_center/docs/phase_7,.repo_studios/command_center/docs/phase_7/FALSE_POSITIVE_FEEDBACK_LOOP.md,h2,Metrics,metrics,phase-7-false-positive-feedback-loop-draft-2025-11-04,1. **Detection**,2694,2025-11-04T14:45:22.719421+00:00,,,,no,
.repo_studios/command_center/docs/phase_7,.repo_studios/command_center/docs/phase_7/FALSE_POSITIVE_FEEDBACK_LOOP.md,h2,Next Steps,next-steps,phase-7-false-positive-feedback-loop-draft-2025-11-04,1. **Detection**,2694,2025-11-04T14:45:22.719421+00:00,,,,no,
.repo_studios/command_center/docs/phase_7,.repo_studios/command_center/docs/phase_7/METRIC_BASELINE_PLAN.md,h1,Phase 7 Metric Baseline Plan (Draft 2025-11-04),phase-7-metric-baseline-plan-draft-2025-11-04,,1. **Pre-run snapshot**: Export duplicate matrix and metrics summary pointers before starting remediation. 2. **Remediation run**: Execute manual or automated extraction while capturing manifest and metrics summary artifacts. 3. **Post-run…,6519,2025-11-04T14:45:22.720423+00:00,,,,no,
.repo_studios/command_center/docs/phase_7,.repo_studios/command_center/docs/phase_7/METRIC_BASELINE_PLAN.md,h2,Objectives,objectives,phase-7-metric-baseline-plan-draft-2025-11-04,1. **Pre-run snapshot**: Export duplicate matrix and metrics summary pointers before starting remediation. 2. **Remediation run**: Execute manual or automated extraction while capturing manifest and metrics summary artifacts. 3. **Post-run…,6519,2025-11-04T14:45:22.720423+00:00,,,,no,
.repo_studios/command_center/docs/phase_7,.repo_studios/command_center/docs/phase_7/METRIC_BASELINE_PLAN.md,h2,Baseline Sources,baseline-sources,phase-7-metric-baseline-plan-draft-2025-11-04,1. **Pre-run snapshot**: Export duplicate matrix and metrics summary pointers before starting remediation. 2. **Remediation run**: Execute manual or automated extraction while capturing manifest and metrics summary artifacts. 3. **Post-run…,6519,2025-11-04T14:45:22.720423+00:00,,,,no,
.repo_studios/command_center/docs/phase_7,.repo_studios/command_center/docs/phase_7/METRIC_BASELINE_PLAN.md,h2,Metric Definitions,metric-definitions,phase-7-metric-baseline-plan-draft-2025-11-04,1. **Pre-run snapshot**: Export duplicate matrix and metrics summary pointers before starting remediation. 2. **Remediation run**: Execute manual or automated extraction while capturing manifest and metrics summary artifacts. 3. **Post-run…,6519,2025-11-04T14:45:22.720423+00:00,,,,no,
.repo_studios/command_center/docs/phase_7,.repo_studios/command_center/docs/phase_7/METRIC_BASELINE_PLAN.md,h2,Collection Workflow,collection-workflow,phase-7-metric-baseline-plan-draft-2025-11-04,1. **Pre-run snapshot**: Export duplicate matrix and metrics summary pointers before starting remediation. 2. **Remediation run**: Execute manual or automated extraction while capturing manifest and metrics summary artifacts. 3. **Post-run…,6519,2025-11-04T14:45:22.720423+00:00,,,,no,
.repo_studios/command_center/docs/phase_7,.repo_studios/command_center/docs/phase_7/METRIC_BASELINE_PLAN.md,h2,Validation Cadence & Responsibilities,validation-cadence-responsibilities,phase-7-metric-baseline-plan-draft-2025-11-04,1. **Pre-run snapshot**: Export duplicate matrix and metrics summary pointers before starting remediation. 2. **Remediation run**: Execute manual or automated extraction while capturing manifest and metrics summary artifacts. 3. **Post-run…,6519,2025-11-04T14:45:22.720423+00:00,,,,no,
.repo_studios/command_center/docs/phase_7,.repo_studios/command_center/docs/phase_7/METRIC_BASELINE_PLAN.md,h2,Acceptance Criteria,acceptance-criteria,phase-7-metric-baseline-plan-draft-2025-11-04,1. **Pre-run snapshot**: Export duplicate matrix and metrics summary pointers before starting remediation. 2. **Remediation run**: Execute manual or automated extraction while capturing manifest and metrics summary artifacts. 3. **Post-run…,6519,2025-11-04T14:45:22.720423+00:00,,,,no,
.repo_studios/command_center/docs/phase_7,.repo_studios/command_center/docs/phase_7/METRIC_BASELINE_PLAN.md,h2,Next Steps,next-steps,phase-7-metric-baseline-plan-draft-2025-11-04,1. **Pre-run snapshot**: Export duplicate matrix and metrics summary pointers before starting remediation. 2. **Remediation run**: Execute manual or automated extraction while capturing manifest and metrics summary artifacts. 3. **Post-run…,6519,2025-11-04T14:45:22.720423+00:00,,,,no,
.repo_studios/command_center/docs/phase_7,.repo_studios/command_center/docs/phase_7/PLACEHOLDER_DEBT_PLAN.md,h1,Placeholder Debt Remediation Plan,placeholder-debt-remediation-plan,,"The `studio-scan-code-placeholders` producer currently reports 1,175 unresolved placeholder markers (0 allowlisted). CI gating remains disabled to avoid noisy build failures. This plan defines the remediation path required to reduce…",10691,2025-11-24T23:59:30.979170+00:00,,,,yes,
.repo_studios/command_center/docs/phase_7,.repo_studios/command_center/docs/phase_7/PLACEHOLDER_DEBT_PLAN.md,h2,Purpose,purpose,placeholder-debt-remediation-plan,"The `studio-scan-code-placeholders` producer currently reports 1,175 unresolved placeholder markers (0 allowlisted). CI gating remains disabled to avoid noisy build failures. This plan defines the remediation path required to reduce…",10691,2025-11-24T23:59:30.979170+00:00,,,,yes,
.repo_studios/command_center/docs/phase_7,.repo_studios/command_center/docs/phase_7/PLACEHOLDER_DEBT_PLAN.md,h2,Baseline Snapshot (2025-10-23 scan),baseline-snapshot-2025-10-23-scan,placeholder-debt-remediation-plan,"The `studio-scan-code-placeholders` producer currently reports 1,175 unresolved placeholder markers (0 allowlisted). CI gating remains disabled to avoid noisy build failures. This plan defines the remediation path required to reduce…",10691,2025-11-24T23:59:30.979170+00:00,,,,yes,
.repo_studios/command_center/docs/phase_7,.repo_studios/command_center/docs/phase_7/PLACEHOLDER_DEBT_PLAN.md,h2,Objectives,objectives,placeholder-debt-remediation-plan,"The `studio-scan-code-placeholders` producer currently reports 1,175 unresolved placeholder markers (0 allowlisted). CI gating remains disabled to avoid noisy build failures. This plan defines the remediation path required to reduce…",10691,2025-11-24T23:59:30.979170+00:00,,,,yes,
.repo_studios/command_center/docs/phase_7,.repo_studios/command_center/docs/phase_7/PLACEHOLDER_DEBT_PLAN.md,h2,Workstreams,workstreams,placeholder-debt-remediation-plan,"The `studio-scan-code-placeholders` producer currently reports 1,175 unresolved placeholder markers (0 allowlisted). CI gating remains disabled to avoid noisy build failures. This plan defines the remediation path required to reduce…",10691,2025-11-24T23:59:30.979170+00:00,,,,yes,
.repo_studios/command_center/docs/phase_7,.repo_studios/command_center/docs/phase_7/PLACEHOLDER_DEBT_PLAN.md,h2,Milestones,milestones,placeholder-debt-remediation-plan,"The `studio-scan-code-placeholders` producer currently reports 1,175 unresolved placeholder markers (0 allowlisted). CI gating remains disabled to avoid noisy build failures. This plan defines the remediation path required to reduce…",10691,2025-11-24T23:59:30.979170+00:00,,,,yes,
.repo_studios/command_center/docs/phase_7,.repo_studios/command_center/docs/phase_7/PLACEHOLDER_DEBT_PLAN.md,h2,Baseline File Catalog (2025-10-23 scan),baseline-file-catalog-2025-10-23-scan,placeholder-debt-remediation-plan,"The `studio-scan-code-placeholders` producer currently reports 1,175 unresolved placeholder markers (0 allowlisted). CI gating remains disabled to avoid noisy build failures. This plan defines the remediation path required to reduce…",10691,2025-11-24T23:59:30.979170+00:00,,,,yes,
.repo_studios/command_center/docs/phase_7,.repo_studios/command_center/docs/phase_7/PLACEHOLDER_DEBT_PLAN.md,h2,Owner Outreach Packet,owner-outreach-packet,placeholder-debt-remediation-plan,"The `studio-scan-code-placeholders` producer currently reports 1,175 unresolved placeholder markers (0 allowlisted). CI gating remains disabled to avoid noisy build failures. This plan defines the remediation path required to reduce…",10691,2025-11-24T23:59:30.979170+00:00,,,,yes,
.repo_studios/command_center/docs/phase_7,.repo_studios/command_center/docs/phase_7/PLACEHOLDER_DEBT_PLAN.md,h2,Allowlist Guidance (Draft),allowlist-guidance-draft,placeholder-debt-remediation-plan,"The `studio-scan-code-placeholders` producer currently reports 1,175 unresolved placeholder markers (0 allowlisted). CI gating remains disabled to avoid noisy build failures. This plan defines the remediation path required to reduce…",10691,2025-11-24T23:59:30.979170+00:00,,,,yes,
.repo_studios/command_center/docs/phase_7,.repo_studios/command_center/docs/phase_7/PLACEHOLDER_DEBT_PLAN.md,h2,Scanner Exclusions Rollout (2025-11-23),scanner-exclusions-rollout-2025-11-23,placeholder-debt-remediation-plan,"The `studio-scan-code-placeholders` producer currently reports 1,175 unresolved placeholder markers (0 allowlisted). CI gating remains disabled to avoid noisy build failures. This plan defines the remediation path required to reduce…",10691,2025-11-24T23:59:30.979170+00:00,,,,yes,
.repo_studios/command_center/docs/phase_7,.repo_studios/command_center/docs/phase_7/PLACEHOLDER_DEBT_PLAN.md,h2,Placeholder Detection Hardening (2025-11-23),placeholder-detection-hardening-2025-11-23,placeholder-debt-remediation-plan,"The `studio-scan-code-placeholders` producer currently reports 1,175 unresolved placeholder markers (0 allowlisted). CI gating remains disabled to avoid noisy build failures. This plan defines the remediation path required to reduce…",10691,2025-11-24T23:59:30.979170+00:00,,,,yes,
.repo_studios/command_center/docs/phase_7,.repo_studios/command_center/docs/phase_7/PLACEHOLDER_DEBT_PLAN.md,h2,CI Gating Proposal Draft (2025-11-23),ci-gating-proposal-draft-2025-11-23,placeholder-debt-remediation-plan,"The `studio-scan-code-placeholders` producer currently reports 1,175 unresolved placeholder markers (0 allowlisted). CI gating remains disabled to avoid noisy build failures. This plan defines the remediation path required to reduce…",10691,2025-11-24T23:59:30.979170+00:00,,,,yes,
.repo_studios/command_center/docs/phase_7,.repo_studios/command_center/docs/phase_7/PLACEHOLDER_DEBT_PLAN.md,h2,Reporting & Governance,reporting-governance,placeholder-debt-remediation-plan,"The `studio-scan-code-placeholders` producer currently reports 1,175 unresolved placeholder markers (0 allowlisted). CI gating remains disabled to avoid noisy build failures. This plan defines the remediation path required to reduce…",10691,2025-11-24T23:59:30.979170+00:00,,,,yes,
.repo_studios/command_center/docs/phase_7,.repo_studios/command_center/docs/phase_7/PLACEHOLDER_DEBT_PLAN.md,h2,Next Actions,next-actions,placeholder-debt-remediation-plan,"The `studio-scan-code-placeholders` producer currently reports 1,175 unresolved placeholder markers (0 allowlisted). CI gating remains disabled to avoid noisy build failures. This plan defines the remediation path required to reduce…",10691,2025-11-24T23:59:30.979170+00:00,,,,yes,
.repo_studios/command_center/docs/phase_7,.repo_studios/command_center/docs/phase_7/PRODUCER_CONSUMER_TRACEABILITY_AUDIT.md,h1,Producer → Consumer Traceability Audit,producer-consumer-traceability-audit,,This document now lives with the baseline automation guides at:,270,2025-11-24T14:58:19.684270+00:00,,,,no,
.repo_studios/command_center/docs/phase_7,.repo_studios/command_center/docs/phase_7/REPORTING_INTERFACE_PLAN.md,h1,Phase 7 Reporting Interface Plan (Draft 2025-11-04),phase-7-reporting-interface-plan-draft-2025-11-04,,1. **Weighted Progress Briefing**,2974,2025-11-04T14:15:55.276656+00:00,,,,yes,
.repo_studios/command_center/docs/phase_7,.repo_studios/command_center/docs/phase_7/REPORTING_INTERFACE_PLAN.md,h2,Purpose,purpose,phase-7-reporting-interface-plan-draft-2025-11-04,1. **Weighted Progress Briefing**,2974,2025-11-04T14:15:55.276656+00:00,,,,yes,
.repo_studios/command_center/docs/phase_7,.repo_studios/command_center/docs/phase_7/REPORTING_INTERFACE_PLAN.md,h2,Data Flow Overview,data-flow-overview,phase-7-reporting-interface-plan-draft-2025-11-04,1. **Weighted Progress Briefing**,2974,2025-11-04T14:15:55.276656+00:00,,,,yes,
.repo_studios/command_center/docs/phase_7,.repo_studios/command_center/docs/phase_7/REPORTING_INTERFACE_PLAN.md,h2,Interfaces,interfaces,phase-7-reporting-interface-plan-draft-2025-11-04,1. **Weighted Progress Briefing**,2974,2025-11-04T14:15:55.276656+00:00,,,,yes,
.repo_studios/command_center/docs/phase_7,.repo_studios/command_center/docs/phase_7/REPORTING_INTERFACE_PLAN.md,h2,Implementation Steps,implementation-steps,phase-7-reporting-interface-plan-draft-2025-11-04,1. **Weighted Progress Briefing**,2974,2025-11-04T14:15:55.276656+00:00,,,,yes,
.repo_studios/command_center/docs/phase_7,.repo_studios/command_center/docs/phase_7/REPORTING_INTERFACE_PLAN.md,h2,Success Criteria,success-criteria,phase-7-reporting-interface-plan-draft-2025-11-04,1. **Weighted Progress Briefing**,2974,2025-11-04T14:15:55.276656+00:00,,,,yes,
.repo_studios/command_center/docs/phase_7,.repo_studios/command_center/docs/phase_7/REPORTING_INTERFACE_PLAN.md,h2,Next Actions,next-actions,phase-7-reporting-interface-plan-draft-2025-11-04,1. **Weighted Progress Briefing**,2974,2025-11-04T14:15:55.276656+00:00,,,,yes,
.repo_studios/command_center/docs/phase_7,.repo_studios/command_center/docs/phase_7/RETENTION_POLICY_UPDATE.md,h1,Phase 7 Retention Policy Update (Draft 2025-11-04),phase-7-retention-policy-update-draft-2025-11-04,,1. Document retention rules in `.repo_studios/command_center/README.md` and guardrail doc. 2. Update automation manifest CLI to hook pruning step after artifact write. 3. Add housekeeping Make target (`command-center-prune-artifacts`)…,2632,2025-11-04T14:15:55.420232+00:00,,,,no,
.repo_studios/command_center/docs/phase_7,.repo_studios/command_center/docs/phase_7/RETENTION_POLICY_UPDATE.md,h2,Objectives,objectives,phase-7-retention-policy-update-draft-2025-11-04,1. Document retention rules in `.repo_studios/command_center/README.md` and guardrail doc. 2. Update automation manifest CLI to hook pruning step after artifact write. 3. Add housekeeping Make target (`command-center-prune-artifacts`)…,2632,2025-11-04T14:15:55.420232+00:00,,,,no,
.repo_studios/command_center/docs/phase_7,.repo_studios/command_center/docs/phase_7/RETENTION_POLICY_UPDATE.md,h2,Current State,current-state,phase-7-retention-policy-update-draft-2025-11-04,1. Document retention rules in `.repo_studios/command_center/README.md` and guardrail doc. 2. Update automation manifest CLI to hook pruning step after artifact write. 3. Add housekeeping Make target (`command-center-prune-artifacts`)…,2632,2025-11-04T14:15:55.420232+00:00,,,,no,
.repo_studios/command_center/docs/phase_7,.repo_studios/command_center/docs/phase_7/RETENTION_POLICY_UPDATE.md,h2,Proposed Policy,proposed-policy,phase-7-retention-policy-update-draft-2025-11-04,1. Document retention rules in `.repo_studios/command_center/README.md` and guardrail doc. 2. Update automation manifest CLI to hook pruning step after artifact write. 3. Add housekeeping Make target (`command-center-prune-artifacts`)…,2632,2025-11-04T14:15:55.420232+00:00,,,,no,
.repo_studios/command_center/docs/phase_7,.repo_studios/command_center/docs/phase_7/RETENTION_POLICY_UPDATE.md,h2,Enforcement Plan,enforcement-plan,phase-7-retention-policy-update-draft-2025-11-04,1. Document retention rules in `.repo_studios/command_center/README.md` and guardrail doc. 2. Update automation manifest CLI to hook pruning step after artifact write. 3. Add housekeeping Make target (`command-center-prune-artifacts`)…,2632,2025-11-04T14:15:55.420232+00:00,,,,no,
.repo_studios/command_center/docs/phase_7,.repo_studios/command_center/docs/phase_7/RETENTION_POLICY_UPDATE.md,h2,Next Actions,next-actions,phase-7-retention-policy-update-draft-2025-11-04,1. Document retention rules in `.repo_studios/command_center/README.md` and guardrail doc. 2. Update automation manifest CLI to hook pruning step after artifact write. 3. Add housekeeping Make target (`command-center-prune-artifacts`)…,2632,2025-11-04T14:15:55.420232+00:00,,,,no,
.repo_studios/command_center/docs/phase_7,.repo_studios/command_center/docs/phase_7/placeholder_scan_blocking_transition_brief.md,h1,Placeholder Scan Blocking Transition Brief,placeholder-scan-blocking-transition-brief,,1. Continue weekly monitoring in warning mode through at least 2025-12-08. 1. Begin assembling the blocking review packet after the third clean run. 1. Schedule the Standards Guild + Dev Productivity readiness review for week 4.,1990,2025-11-24T23:59:30.988190+00:00,,,,yes,
.repo_studios/command_center/docs/phase_7,.repo_studios/command_center/docs/phase_7/placeholder_scan_blocking_transition_brief.md,h2,Context,context,placeholder-scan-blocking-transition-brief,1. Continue weekly monitoring in warning mode through at least 2025-12-08. 1. Begin assembling the blocking review packet after the third clean run. 1. Schedule the Standards Guild + Dev Productivity readiness review for week 4.,1990,2025-11-24T23:59:30.988190+00:00,,,,yes,
.repo_studios/command_center/docs/phase_7,.repo_studios/command_center/docs/phase_7/placeholder_scan_blocking_transition_brief.md,h2,Observation Evidence,observation-evidence,placeholder-scan-blocking-transition-brief,1. Continue weekly monitoring in warning mode through at least 2025-12-08. 1. Begin assembling the blocking review packet after the third clean run. 1. Schedule the Standards Guild + Dev Productivity readiness review for week 4.,1990,2025-11-24T23:59:30.988190+00:00,,,,yes,
.repo_studios/command_center/docs/phase_7,.repo_studios/command_center/docs/phase_7/placeholder_scan_blocking_transition_brief.md,h2,Readiness Checklist,readiness-checklist,placeholder-scan-blocking-transition-brief,1. Continue weekly monitoring in warning mode through at least 2025-12-08. 1. Begin assembling the blocking review packet after the third clean run. 1. Schedule the Standards Guild + Dev Productivity readiness review for week 4.,1990,2025-11-24T23:59:30.988190+00:00,,,,yes,
.repo_studios/command_center/docs/phase_7,.repo_studios/command_center/docs/phase_7/placeholder_scan_blocking_transition_brief.md,h2,Recommendations,recommendations,placeholder-scan-blocking-transition-brief,1. Continue weekly monitoring in warning mode through at least 2025-12-08. 1. Begin assembling the blocking review packet after the third clean run. 1. Schedule the Standards Guild + Dev Productivity readiness review for week 4.,1990,2025-11-24T23:59:30.988190+00:00,,,,yes,
.repo_studios/command_center/docs/phase_7,.repo_studios/command_center/docs/phase_7/placeholder_scan_blocking_transition_brief.md,h2,References,references,placeholder-scan-blocking-transition-brief,1. Continue weekly monitoring in warning mode through at least 2025-12-08. 1. Begin assembling the blocking review packet after the third clean run. 1. Schedule the Standards Guild + Dev Productivity readiness review for week 4.,1990,2025-11-24T23:59:30.988190+00:00,,,,yes,
.repo_studios/command_center/docs,.repo_studios/command_center/docs/run_folder_summary_template.md,h1,Duplicate Remediation Run Summary,duplicate-remediation-run-summary,,Add or remove rows as needed to reflect the actual functions addressed.,2406,2025-10-28T21:57:52.001815+00:00,,,,no,
.repo_studios/command_center/docs,.repo_studios/command_center/docs/run_folder_summary_template.md,h2,Run Metadata,run-metadata,duplicate-remediation-run-summary,Add or remove rows as needed to reflect the actual functions addressed.,2406,2025-10-28T21:57:52.001815+00:00,,,,no,
.repo_studios/command_center/docs,.repo_studios/command_center/docs/run_folder_summary_template.md,h2,Duplicates Addressed,duplicates-addressed,duplicate-remediation-run-summary,Add or remove rows as needed to reflect the actual functions addressed.,2406,2025-10-28T21:57:52.001815+00:00,,,,no,
.repo_studios/command_center/docs,.repo_studios/command_center/docs/run_folder_summary_template.md,h2,Library Changes,library-changes,duplicate-remediation-run-summary,Add or remove rows as needed to reflect the actual functions addressed.,2406,2025-10-28T21:57:52.001815+00:00,,,,no,
.repo_studios/command_center/docs,.repo_studios/command_center/docs/run_folder_summary_template.md,h2,Test Execution,test-execution,duplicate-remediation-run-summary,Add or remove rows as needed to reflect the actual functions addressed.,2406,2025-10-28T21:57:52.001815+00:00,,,,no,
.repo_studios/command_center/docs,.repo_studios/command_center/docs/run_folder_summary_template.md,h2,Documentation & Checklists,documentation-checklists,duplicate-remediation-run-summary,Add or remove rows as needed to reflect the actual functions addressed.,2406,2025-10-28T21:57:52.001815+00:00,,,,no,
.repo_studios/command_center/docs,.repo_studios/command_center/docs/run_folder_summary_template.md,h2,Risks & Follow-Ups,risks-follow-ups,duplicate-remediation-run-summary,Add or remove rows as needed to reflect the actual functions addressed.,2406,2025-10-28T21:57:52.001815+00:00,,,,no,
.repo_studios/command_center/docs,.repo_studios/command_center/docs/run_log_template.md,h1,Command Center Run Log Template,command-center-run-log-template,,make -C .repo_studios command-center COMMAND_CENTER_TARGET=[target] PYTHON=.venv/Scripts/python.exe [additional commands],2161,2025-10-30T20:01:02.588368+00:00,,,,yes,
.repo_studios/command_center/docs,.repo_studios/command_center/docs/run_log_template.md,h2,Usage Checklist,usage-checklist,command-center-run-log-template,make -C .repo_studios command-center COMMAND_CENTER_TARGET=[target] PYTHON=.venv/Scripts/python.exe [additional commands],2161,2025-10-30T20:01:02.588368+00:00,,,,yes,
.repo_studios/command_center/docs,.repo_studios/command_center/docs/run_log_template.md,h2,Entry Block Template,entry-block-template,command-center-run-log-template,make -C .repo_studios command-center COMMAND_CENTER_TARGET=[target] PYTHON=.venv/Scripts/python.exe [additional commands],2161,2025-10-30T20:01:02.588368+00:00,,,,yes,
.repo_studios/command_center/scripts/orchestrators,.repo_studios/command_center/scripts/orchestrators/README.md,h1,Topic Orchestrators,topic-orchestrators,,"This directory contains the Healthview topic orchestrators that now replace the legacy CommandView runners. Each entry coordinates the shared helper stack (`build_topic_pipeline`, catalog registration, retention knobs) and mirrors…",3708,2025-12-02T21:11:59.771284+00:00,,,,yes,
.repo_studios/command_center/scripts/orchestrators,.repo_studios/command_center/scripts/orchestrators/README.md,h2,Test Execution Telemetry (`run_test_execution_telemetry.py`),test-execution-telemetry-runtestexecutiontelemetrypy,topic-orchestrators,"This directory contains the Healthview topic orchestrators that now replace the legacy CommandView runners. Each entry coordinates the shared helper stack (`build_topic_pipeline`, catalog registration, retention knobs) and mirrors…",3708,2025-12-02T21:11:59.771284+00:00,,,,yes,
.repo_studios/command_center/scripts/orchestrators,.repo_studios/command_center/scripts/orchestrators/README.md,h2,Fault Diagnostics (`run_fault_diagnostics_overview.py`),fault-diagnostics-runfaultdiagnosticsoverviewpy,topic-orchestrators,"This directory contains the Healthview topic orchestrators that now replace the legacy CommandView runners. Each entry coordinates the shared helper stack (`build_topic_pipeline`, catalog registration, retention knobs) and mirrors…",3708,2025-12-02T21:11:59.771284+00:00,,,,yes,
.repo_studios/command_center/scripts/orchestrators,.repo_studios/command_center/scripts/orchestrators/README.md,h2,Docs Health (`run_docs_health_overview.py`),docs-health-rundocshealthoverviewpy,topic-orchestrators,"This directory contains the Healthview topic orchestrators that now replace the legacy CommandView runners. Each entry coordinates the shared helper stack (`build_topic_pipeline`, catalog registration, retention knobs) and mirrors…",3708,2025-12-02T21:11:59.771284+00:00,,,,yes,
.repo_studios/command_center/scripts/orchestrators,.repo_studios/command_center/scripts/orchestrators/README.md,h2,Dependency & Import Hygiene (`run_dependency_import_hygiene.py`),dependency-import-hygiene-rundependencyimporthygienepy,topic-orchestrators,"This directory contains the Healthview topic orchestrators that now replace the legacy CommandView runners. Each entry coordinates the shared helper stack (`build_topic_pipeline`, catalog registration, retention knobs) and mirrors…",3708,2025-12-02T21:11:59.771284+00:00,,,,yes,
.repo_studios/command_center/scripts/orchestrators,.repo_studios/command_center/scripts/orchestrators/README.md,h2,Monkey Patch Oversight (`run_monkey_patch_oversight.py`),monkey-patch-oversight-runmonkeypatchoversightpy,topic-orchestrators,"This directory contains the Healthview topic orchestrators that now replace the legacy CommandView runners. Each entry coordinates the shared helper stack (`build_topic_pipeline`, catalog registration, retention knobs) and mirrors…",3708,2025-12-02T21:11:59.771284+00:00,,,,yes,
.repo_studios/command_center/scripts/orchestrators,.repo_studios/command_center/scripts/orchestrators/README.md,h2,Standards Integrity (`run_standards_integrity.py`),standards-integrity-runstandardsintegritypy,topic-orchestrators,"This directory contains the Healthview topic orchestrators that now replace the legacy CommandView runners. Each entry coordinates the shared helper stack (`build_topic_pipeline`, catalog registration, retention knobs) and mirrors…",3708,2025-12-02T21:11:59.771284+00:00,,,,yes,
.repo_studios/command_center/scripts,.repo_studios/command_center/scripts/script_inventory.md,h1,Command Center Script Inventory,command-center-script-inventory,,,1523,2025-10-25T14:43:05.753999+00:00,,,,no,
.repo_studios/command_center/scripts/scripts_index,.repo_studios/command_center/scripts/scripts_index/scripts_duplicate_summary-2025-11-27-1757.md,h1,Duplicate Scan Summary,duplicate-scan-summary,,1. `configure_logging` — 12 duplicate(s),7126,2025-11-27T17:57:02.808160+00:00,,,,no,
.repo_studios/command_center/scripts/scripts_index,.repo_studios/command_center/scripts/scripts_index/scripts_duplicate_summary-2025-11-27-1757.md,h2,Overview,overview,duplicate-scan-summary,1. `configure_logging` — 12 duplicate(s),7126,2025-11-27T17:57:02.808160+00:00,,,,no,
.repo_studios/command_center/scripts/scripts_index,.repo_studios/command_center/scripts/scripts_index/scripts_duplicate_summary-2025-11-27-1757.md,h2,Inputs,inputs,duplicate-scan-summary,1. `configure_logging` — 12 duplicate(s),7126,2025-11-27T17:57:02.808160+00:00,,,,no,
.repo_studios/command_center/scripts/scripts_index,.repo_studios/command_center/scripts/scripts_index/scripts_duplicate_summary-2025-11-27-1757.md,h2,Top Duplicate Offenders,top-duplicate-offenders,duplicate-scan-summary,1. `configure_logging` — 12 duplicate(s),7126,2025-11-27T17:57:02.808160+00:00,,,,no,
.repo_studios/command_center/scripts/scripts_index,.repo_studios/command_center/scripts/scripts_index/scripts_duplicate_summary-2025-11-27-1757.md,h2,Next Steps,next-steps,duplicate-scan-summary,1. `configure_logging` — 12 duplicate(s),7126,2025-11-27T17:57:02.808160+00:00,,,,no,
.repo_studios/command_center/scripts/scripts_index,.repo_studios/command_center/scripts/scripts_index/scripts_duplicate_summary-20251130-0456.md,h1,Duplicate Scan Summary,duplicate-scan-summary,,1. `configure_logging` — 12 duplicate(s),7198,2025-11-30T04:56:22.549708+00:00,,,,no,
.repo_studios/command_center/scripts/scripts_index,.repo_studios/command_center/scripts/scripts_index/scripts_duplicate_summary-20251130-0456.md,h2,Overview,overview,duplicate-scan-summary,1. `configure_logging` — 12 duplicate(s),7198,2025-11-30T04:56:22.549708+00:00,,,,no,
.repo_studios/command_center/scripts/scripts_index,.repo_studios/command_center/scripts/scripts_index/scripts_duplicate_summary-20251130-0456.md,h2,Inputs,inputs,duplicate-scan-summary,1. `configure_logging` — 12 duplicate(s),7198,2025-11-30T04:56:22.549708+00:00,,,,no,
.repo_studios/command_center/scripts/scripts_index,.repo_studios/command_center/scripts/scripts_index/scripts_duplicate_summary-20251130-0456.md,h2,Top Duplicate Offenders,top-duplicate-offenders,duplicate-scan-summary,1. `configure_logging` — 12 duplicate(s),7198,2025-11-30T04:56:22.549708+00:00,,,,no,
.repo_studios/command_center/scripts/scripts_index,.repo_studios/command_center/scripts/scripts_index/scripts_duplicate_summary-20251130-0456.md,h2,Next Steps,next-steps,duplicate-scan-summary,1. `configure_logging` — 12 duplicate(s),7198,2025-11-30T04:56:22.549708+00:00,,,,no,
.repo_studios/command_center/scripts/scripts_index,.repo_studios/command_center/scripts/scripts_index/scripts_duplicate_summary-20251130-0457.md,h1,Duplicate Scan Summary,duplicate-scan-summary,,1. `configure_logging` — 12 duplicate(s),7198,2025-11-30T04:57:31.343343+00:00,,,,no,
.repo_studios/command_center/scripts/scripts_index,.repo_studios/command_center/scripts/scripts_index/scripts_duplicate_summary-20251130-0457.md,h2,Overview,overview,duplicate-scan-summary,1. `configure_logging` — 12 duplicate(s),7198,2025-11-30T04:57:31.343343+00:00,,,,no,
.repo_studios/command_center/scripts/scripts_index,.repo_studios/command_center/scripts/scripts_index/scripts_duplicate_summary-20251130-0457.md,h2,Inputs,inputs,duplicate-scan-summary,1. `configure_logging` — 12 duplicate(s),7198,2025-11-30T04:57:31.343343+00:00,,,,no,
.repo_studios/command_center/scripts/scripts_index,.repo_studios/command_center/scripts/scripts_index/scripts_duplicate_summary-20251130-0457.md,h2,Top Duplicate Offenders,top-duplicate-offenders,duplicate-scan-summary,1. `configure_logging` — 12 duplicate(s),7198,2025-11-30T04:57:31.343343+00:00,,,,no,
.repo_studios/command_center/scripts/scripts_index,.repo_studios/command_center/scripts/scripts_index/scripts_duplicate_summary-20251130-0457.md,h2,Next Steps,next-steps,duplicate-scan-summary,1. `configure_logging` — 12 duplicate(s),7198,2025-11-30T04:57:31.343343+00:00,,,,no,
.repo_studios/command_center/viewer,.repo_studios/command_center/viewer/README.md,h1,Command Center Viewer,command-center-viewer,,A modern VS Code-styled progressive detail viewer for CommandView artifacts.,9292,2025-11-28T14:18:05.271026+00:00,,,,no,http://localhost:8000/.repo_studios/command_center/viewer/ui/;http://localhost:8000/
.repo_studios/command_center/viewer,.repo_studios/command_center/viewer/README.md,h2,5W1H Snapshot,5w1h-snapshot,command-center-viewer,A modern VS Code-styled progressive detail viewer for CommandView artifacts.,9292,2025-11-28T14:18:05.271026+00:00,,,,no,http://localhost:8000/.repo_studios/command_center/viewer/ui/;http://localhost:8000/
.repo_studios/command_center/viewer,.repo_studios/command_center/viewer/README.md,h2,Features,features,command-center-viewer,A modern VS Code-styled progressive detail viewer for CommandView artifacts.,9292,2025-11-28T14:18:05.271026+00:00,,,,no,http://localhost:8000/.repo_studios/command_center/viewer/ui/;http://localhost:8000/
.repo_studios/command_center/viewer,.repo_studios/command_center/viewer/README.md,h2,Quick Start,quick-start,command-center-viewer,A modern VS Code-styled progressive detail viewer for CommandView artifacts.,9292,2025-11-28T14:18:05.271026+00:00,,,,no,http://localhost:8000/.repo_studios/command_center/viewer/ui/;http://localhost:8000/
.repo_studios/command_center/viewer,.repo_studios/command_center/viewer/README.md,h2,File Structure,file-structure,command-center-viewer,A modern VS Code-styled progressive detail viewer for CommandView artifacts.,9292,2025-11-28T14:18:05.271026+00:00,,,,no,http://localhost:8000/.repo_studios/command_center/viewer/ui/;http://localhost:8000/
.repo_studios/command_center/viewer,.repo_studios/command_center/viewer/README.md,h2,Configuration,configuration,command-center-viewer,A modern VS Code-styled progressive detail viewer for CommandView artifacts.,9292,2025-11-28T14:18:05.271026+00:00,,,,no,http://localhost:8000/.repo_studios/command_center/viewer/ui/;http://localhost:8000/
.repo_studios/command_center/viewer,.repo_studios/command_center/viewer/README.md,h2,Troubleshooting,troubleshooting,command-center-viewer,A modern VS Code-styled progressive detail viewer for CommandView artifacts.,9292,2025-11-28T14:18:05.271026+00:00,,,,no,http://localhost:8000/.repo_studios/command_center/viewer/ui/;http://localhost:8000/
.repo_studios/command_center/viewer,.repo_studios/command_center/viewer/README.md,h2,Browser Console Debugging,browser-console-debugging,command-center-viewer,A modern VS Code-styled progressive detail viewer for CommandView artifacts.,9292,2025-11-28T14:18:05.271026+00:00,,,,no,http://localhost:8000/.repo_studios/command_center/viewer/ui/;http://localhost:8000/
.repo_studios/command_center/viewer,.repo_studios/command_center/viewer/README.md,h2,Development,development,command-center-viewer,A modern VS Code-styled progressive detail viewer for CommandView artifacts.,9292,2025-11-28T14:18:05.271026+00:00,,,,no,http://localhost:8000/.repo_studios/command_center/viewer/ui/;http://localhost:8000/
.repo_studios/command_center/viewer,.repo_studios/command_center/viewer/README.md,h2,Architecture,architecture,command-center-viewer,A modern VS Code-styled progressive detail viewer for CommandView artifacts.,9292,2025-11-28T14:18:05.271026+00:00,,,,no,http://localhost:8000/.repo_studios/command_center/viewer/ui/;http://localhost:8000/
.repo_studios/command_center/viewer,.repo_studios/command_center/viewer/README.md,h2,VS Code Theme,vs-code-theme,command-center-viewer,A modern VS Code-styled progressive detail viewer for CommandView artifacts.,9292,2025-11-28T14:18:05.271026+00:00,,,,no,http://localhost:8000/.repo_studios/command_center/viewer/ui/;http://localhost:8000/
.repo_studios/command_center/viewer,.repo_studios/command_center/viewer/README.md,h2,Documentation Map,documentation-map,command-center-viewer,A modern VS Code-styled progressive detail viewer for CommandView artifacts.,9292,2025-11-28T14:18:05.271026+00:00,,,,no,http://localhost:8000/.repo_studios/command_center/viewer/ui/;http://localhost:8000/
.repo_studios/command_center/viewer,.repo_studios/command_center/viewer/SCREENING_TIMELINE_VERIFICATION.md,h1,Screening Signal Timeline - Verification Guide,screening-signal-timeline-verification-guide,,The Screening Signal Timeline feature has been implemented and regression tests are passing. This guide will help you verify the end-to-end functionality in the browser.,8701,2025-11-08T23:00:23.526480+00:00,,,,no,
.repo_studios/command_center/viewer,.repo_studios/command_center/viewer/SCREENING_TIMELINE_VERIFICATION.md,h2,✅ Feature Status: IMPLEMENTED · Multi-View Coexistence Verified (2025-11-08),feature-status-implemented-multi-view-coexistence-verified-2025-11-08,screening-signal-timeline-verification-guide,The Screening Signal Timeline feature has been implemented and regression tests are passing. This guide will help you verify the end-to-end functionality in the browser.,8701,2025-11-08T23:00:23.526480+00:00,,,,no,
.repo_studios/command_center/viewer,.repo_studios/command_center/viewer/SCREENING_TIMELINE_VERIFICATION.md,h2,📋 Prerequisites,prerequisites,screening-signal-timeline-verification-guide,The Screening Signal Timeline feature has been implemented and regression tests are passing. This guide will help you verify the end-to-end functionality in the browser.,8701,2025-11-08T23:00:23.526480+00:00,,,,no,
.repo_studios/command_center/viewer,.repo_studios/command_center/viewer/SCREENING_TIMELINE_VERIFICATION.md,h2,🔍 Verification Steps,verification-steps,screening-signal-timeline-verification-guide,The Screening Signal Timeline feature has been implemented and regression tests are passing. This guide will help you verify the end-to-end functionality in the browser.,8701,2025-11-08T23:00:23.526480+00:00,,,,no,
.repo_studios/command_center/viewer,.repo_studios/command_center/viewer/SCREENING_TIMELINE_VERIFICATION.md,h2,🐛 Troubleshooting,troubleshooting,screening-signal-timeline-verification-guide,The Screening Signal Timeline feature has been implemented and regression tests are passing. This guide will help you verify the end-to-end functionality in the browser.,8701,2025-11-08T23:00:23.526480+00:00,,,,no,
.repo_studios/command_center/viewer,.repo_studios/command_center/viewer/SCREENING_TIMELINE_VERIFICATION.md,h2,📊 Expected Data Structure,expected-data-structure,screening-signal-timeline-verification-guide,The Screening Signal Timeline feature has been implemented and regression tests are passing. This guide will help you verify the end-to-end functionality in the browser.,8701,2025-11-08T23:00:23.526480+00:00,,,,no,
.repo_studios/command_center/viewer,.repo_studios/command_center/viewer/SCREENING_TIMELINE_VERIFICATION.md,h2,✨ Feature Capabilities,feature-capabilities,screening-signal-timeline-verification-guide,The Screening Signal Timeline feature has been implemented and regression tests are passing. This guide will help you verify the end-to-end functionality in the browser.,8701,2025-11-08T23:00:23.526480+00:00,,,,no,
.repo_studios/command_center/viewer,.repo_studios/command_center/viewer/SCREENING_TIMELINE_VERIFICATION.md,h2,🔧 Implementation Details,implementation-details,screening-signal-timeline-verification-guide,The Screening Signal Timeline feature has been implemented and regression tests are passing. This guide will help you verify the end-to-end functionality in the browser.,8701,2025-11-08T23:00:23.526480+00:00,,,,no,
.repo_studios/command_center/viewer,.repo_studios/command_center/viewer/SCREENING_TIMELINE_VERIFICATION.md,h2,📝 Testing Checklist,testing-checklist,screening-signal-timeline-verification-guide,The Screening Signal Timeline feature has been implemented and regression tests are passing. This guide will help you verify the end-to-end functionality in the browser.,8701,2025-11-08T23:00:23.526480+00:00,,,,no,
.repo_studios/command_center/viewer,.repo_studios/command_center/viewer/SCREENING_TIMELINE_VERIFICATION.md,h2,🎯 Success Criteria,success-criteria,screening-signal-timeline-verification-guide,The Screening Signal Timeline feature has been implemented and regression tests are passing. This guide will help you verify the end-to-end functionality in the browser.,8701,2025-11-08T23:00:23.526480+00:00,,,,no,
.repo_studios/command_center/viewer,.repo_studios/command_center/viewer/SCREENING_TIMELINE_VERIFICATION.md,h2,📞 Next Steps,next-steps,screening-signal-timeline-verification-guide,The Screening Signal Timeline feature has been implemented and regression tests are passing. This guide will help you verify the end-to-end functionality in the browser.,8701,2025-11-08T23:00:23.526480+00:00,,,,no,
.repo_studios/command_center/viewer,.repo_studios/command_center/viewer/TROUBLESHOOTING.md,h1,Viewer Troubleshooting Guide,viewer-troubleshooting-guide,,"1. **Open the diagnostic page**: http://127.0.0.1:8000/.repo_studios/command_center/viewer/ui/diagnostic.html 2. **Click ""Run All Tests""** to verify configuration and network connectivity 3. **Check browser console** (F12) for detailed…",6412,2025-11-07T17:36:20.424796+00:00,,,,no,
.repo_studios/command_center/viewer,.repo_studios/command_center/viewer/TROUBLESHOOTING.md,h2,Quick Diagnostic,quick-diagnostic,viewer-troubleshooting-guide,"1. **Open the diagnostic page**: http://127.0.0.1:8000/.repo_studios/command_center/viewer/ui/diagnostic.html 2. **Click ""Run All Tests""** to verify configuration and network connectivity 3. **Check browser console** (F12) for detailed…",6412,2025-11-07T17:36:20.424796+00:00,,,,no,
.repo_studios/command_center/viewer,.repo_studios/command_center/viewer/TROUBLESHOOTING.md,h2,Recent Changes Made,recent-changes-made,viewer-troubleshooting-guide,"1. **Open the diagnostic page**: http://127.0.0.1:8000/.repo_studios/command_center/viewer/ui/diagnostic.html 2. **Click ""Run All Tests""** to verify configuration and network connectivity 3. **Check browser console** (F12) for detailed…",6412,2025-11-07T17:36:20.424796+00:00,,,,no,
.repo_studios/command_center/viewer,.repo_studios/command_center/viewer/TROUBLESHOOTING.md,h2,Common Issues & Solutions,common-issues-solutions,viewer-troubleshooting-guide,"1. **Open the diagnostic page**: http://127.0.0.1:8000/.repo_studios/command_center/viewer/ui/diagnostic.html 2. **Click ""Run All Tests""** to verify configuration and network connectivity 3. **Check browser console** (F12) for detailed…",6412,2025-11-07T17:36:20.424796+00:00,,,,no,
.repo_studios/command_center/viewer,.repo_studios/command_center/viewer/TROUBLESHOOTING.md,h2,Debugging Workflow,debugging-workflow,viewer-troubleshooting-guide,"1. **Open the diagnostic page**: http://127.0.0.1:8000/.repo_studios/command_center/viewer/ui/diagnostic.html 2. **Click ""Run All Tests""** to verify configuration and network connectivity 3. **Check browser console** (F12) for detailed…",6412,2025-11-07T17:36:20.424796+00:00,,,,no,
.repo_studios/command_center/viewer,.repo_studios/command_center/viewer/TROUBLESHOOTING.md,h2,Network Tab Checklist,network-tab-checklist,viewer-troubleshooting-guide,"1. **Open the diagnostic page**: http://127.0.0.1:8000/.repo_studios/command_center/viewer/ui/diagnostic.html 2. **Click ""Run All Tests""** to verify configuration and network connectivity 3. **Check browser console** (F12) for detailed…",6412,2025-11-07T17:36:20.424796+00:00,,,,no,
.repo_studios/command_center/viewer,.repo_studios/command_center/viewer/TROUBLESHOOTING.md,h2,Configuration Reference,configuration-reference,viewer-troubleshooting-guide,"1. **Open the diagnostic page**: http://127.0.0.1:8000/.repo_studios/command_center/viewer/ui/diagnostic.html 2. **Click ""Run All Tests""** to verify configuration and network connectivity 3. **Check browser console** (F12) for detailed…",6412,2025-11-07T17:36:20.424796+00:00,,,,no,
.repo_studios/command_center/viewer,.repo_studios/command_center/viewer/TROUBLESHOOTING.md,h2,Still Not Working?,still-not-working,viewer-troubleshooting-guide,"1. **Open the diagnostic page**: http://127.0.0.1:8000/.repo_studios/command_center/viewer/ui/diagnostic.html 2. **Click ""Run All Tests""** to verify configuration and network connectivity 3. **Check browser console** (F12) for detailed…",6412,2025-11-07T17:36:20.424796+00:00,,,,no,
.repo_studios/command_center/viewer,.repo_studios/command_center/viewer/VIEW_PACK_PERSISTENCE_FIX.md,h1,View Pack Selection Persistence Fix,view-pack-selection-persistence-fix,,"When switching between CommandView artifacts or changing zoom levels, the active View Pack selection was being reset to the default ""Function Inventory Overview"" instead of maintaining the user's last selected view.",4144,2025-11-09T14:10:49.671386+00:00,,,,no,
.repo_studios/command_center/viewer,.repo_studios/command_center/viewer/VIEW_PACK_PERSISTENCE_FIX.md,h2,Problem Summary,problem-summary,view-pack-selection-persistence-fix,"When switching between CommandView artifacts or changing zoom levels, the active View Pack selection was being reset to the default ""Function Inventory Overview"" instead of maintaining the user's last selected view.",4144,2025-11-09T14:10:49.671386+00:00,,,,no,
.repo_studios/command_center/viewer,.repo_studios/command_center/viewer/VIEW_PACK_PERSISTENCE_FIX.md,h2,Root Cause,root-cause,view-pack-selection-persistence-fix,"When switching between CommandView artifacts or changing zoom levels, the active View Pack selection was being reset to the default ""Function Inventory Overview"" instead of maintaining the user's last selected view.",4144,2025-11-09T14:10:49.671386+00:00,,,,no,
.repo_studios/command_center/viewer,.repo_studios/command_center/viewer/VIEW_PACK_PERSISTENCE_FIX.md,h2,Solution,solution,view-pack-selection-persistence-fix,"When switching between CommandView artifacts or changing zoom levels, the active View Pack selection was being reset to the default ""Function Inventory Overview"" instead of maintaining the user's last selected view.",4144,2025-11-09T14:10:49.671386+00:00,,,,no,
.repo_studios/command_center/viewer,.repo_studios/command_center/viewer/VIEW_PACK_PERSISTENCE_FIX.md,h2,How It Works,how-it-works,view-pack-selection-persistence-fix,"When switching between CommandView artifacts or changing zoom levels, the active View Pack selection was being reset to the default ""Function Inventory Overview"" instead of maintaining the user's last selected view.",4144,2025-11-09T14:10:49.671386+00:00,,,,no,
.repo_studios/command_center/viewer,.repo_studios/command_center/viewer/VIEW_PACK_PERSISTENCE_FIX.md,h2,Testing,testing,view-pack-selection-persistence-fix,"When switching between CommandView artifacts or changing zoom levels, the active View Pack selection was being reset to the default ""Function Inventory Overview"" instead of maintaining the user's last selected view.",4144,2025-11-09T14:10:49.671386+00:00,,,,no,
.repo_studios/command_center/viewer,.repo_studios/command_center/viewer/VIEW_PACK_PERSISTENCE_FIX.md,h2,Files Modified,files-modified,view-pack-selection-persistence-fix,"When switching between CommandView artifacts or changing zoom levels, the active View Pack selection was being reset to the default ""Function Inventory Overview"" instead of maintaining the user's last selected view.",4144,2025-11-09T14:10:49.671386+00:00,,,,no,
.repo_studios/command_center/viewer,.repo_studios/command_center/viewer/VIEW_PACK_PERSISTENCE_FIX.md,h2,Additional Notes,additional-notes,view-pack-selection-persistence-fix,"When switching between CommandView artifacts or changing zoom levels, the active View Pack selection was being reset to the default ""Function Inventory Overview"" instead of maintaining the user's last selected view.",4144,2025-11-09T14:10:49.671386+00:00,,,,no,
.repo_studios/command_center/viewer,.repo_studios/command_center/viewer/VIEW_PACK_PERSISTENCE_FIX.md,h2,Future Enhancements (Optional),future-enhancements-optional,view-pack-selection-persistence-fix,"When switching between CommandView artifacts or changing zoom levels, the active View Pack selection was being reset to the default ""Function Inventory Overview"" instead of maintaining the user's last selected view.",4144,2025-11-09T14:10:49.671386+00:00,,,,no,
.repo_studios/command_center/viewer,.repo_studios/command_center/viewer/WIRING_TRACE_REPORT.md,h1,Command Center Viewer - Wiring & Plumbing Trace Report,command-center-viewer-wiring-plumbing-trace-report,,The viewer's wiring and plumbing have been traced end-to-end. All critical paths are properly connected with comprehensive logging in place. The system follows a clean data flow from initialization through user interaction.,14866,2025-11-08T23:00:21.109311+00:00,,,,no,
.repo_studios/command_center/viewer,.repo_studios/command_center/viewer/WIRING_TRACE_REPORT.md,h2,Executive Summary,executive-summary,command-center-viewer-wiring-plumbing-trace-report,The viewer's wiring and plumbing have been traced end-to-end. All critical paths are properly connected with comprehensive logging in place. The system follows a clean data flow from initialization through user interaction.,14866,2025-11-08T23:00:21.109311+00:00,,,,no,
.repo_studios/command_center/viewer,.repo_studios/command_center/viewer/WIRING_TRACE_REPORT.md,h2,1. Initialization Flow ✅,1-initialization-flow,command-center-viewer-wiring-plumbing-trace-report,The viewer's wiring and plumbing have been traced end-to-end. All critical paths are properly connected with comprehensive logging in place. The system follows a clean data flow from initialization through user interaction.,14866,2025-11-08T23:00:21.109311+00:00,,,,no,
.repo_studios/command_center/viewer,.repo_studios/command_center/viewer/WIRING_TRACE_REPORT.md,h2,2. Configuration & Path Resolution ✅,2-configuration-path-resolution,command-center-viewer-wiring-plumbing-trace-report,The viewer's wiring and plumbing have been traced end-to-end. All critical paths are properly connected with comprehensive logging in place. The system follows a clean data flow from initialization through user interaction.,14866,2025-11-08T23:00:21.109311+00:00,,,,no,
.repo_studios/command_center/viewer,.repo_studios/command_center/viewer/WIRING_TRACE_REPORT.md,h2,3. Data Loading Pipeline ✅,3-data-loading-pipeline,command-center-viewer-wiring-plumbing-trace-report,The viewer's wiring and plumbing have been traced end-to-end. All critical paths are properly connected with comprehensive logging in place. The system follows a clean data flow from initialization through user interaction.,14866,2025-11-08T23:00:21.109311+00:00,,,,no,
.repo_studios/command_center/viewer,.repo_studios/command_center/viewer/WIRING_TRACE_REPORT.md,h2,4. User Interaction Wiring ✅,4-user-interaction-wiring,command-center-viewer-wiring-plumbing-trace-report,The viewer's wiring and plumbing have been traced end-to-end. All critical paths are properly connected with comprehensive logging in place. The system follows a clean data flow from initialization through user interaction.,14866,2025-11-08T23:00:21.109311+00:00,,,,no,
.repo_studios/command_center/viewer,.repo_studios/command_center/viewer/WIRING_TRACE_REPORT.md,h2,5. Diagram Rendering Pipeline ✅,5-diagram-rendering-pipeline,command-center-viewer-wiring-plumbing-trace-report,The viewer's wiring and plumbing have been traced end-to-end. All critical paths are properly connected with comprehensive logging in place. The system follows a clean data flow from initialization through user interaction.,14866,2025-11-08T23:00:21.109311+00:00,,,,no,
.repo_studios/command_center/viewer,.repo_studios/command_center/viewer/WIRING_TRACE_REPORT.md,h2,6. State Management ✅,6-state-management,command-center-viewer-wiring-plumbing-trace-report,The viewer's wiring and plumbing have been traced end-to-end. All critical paths are properly connected with comprehensive logging in place. The system follows a clean data flow from initialization through user interaction.,14866,2025-11-08T23:00:21.109311+00:00,,,,no,
.repo_studios/command_center/viewer,.repo_studios/command_center/viewer/WIRING_TRACE_REPORT.md,h2,7. Logging & Debugging ✅,7-logging-debugging,command-center-viewer-wiring-plumbing-trace-report,The viewer's wiring and plumbing have been traced end-to-end. All critical paths are properly connected with comprehensive logging in place. The system follows a clean data flow from initialization through user interaction.,14866,2025-11-08T23:00:21.109311+00:00,,,,no,
.repo_studios/command_center/viewer,.repo_studios/command_center/viewer/WIRING_TRACE_REPORT.md,h2,8. Critical Path Verification ✅,8-critical-path-verification,command-center-viewer-wiring-plumbing-trace-report,The viewer's wiring and plumbing have been traced end-to-end. All critical paths are properly connected with comprehensive logging in place. The system follows a clean data flow from initialization through user interaction.,14866,2025-11-08T23:00:21.109311+00:00,,,,no,
.repo_studios/command_center/viewer,.repo_studios/command_center/viewer/WIRING_TRACE_REPORT.md,h2,9. Potential Issues & Mitigations ✅,9-potential-issues-mitigations,command-center-viewer-wiring-plumbing-trace-report,The viewer's wiring and plumbing have been traced end-to-end. All critical paths are properly connected with comprehensive logging in place. The system follows a clean data flow from initialization through user interaction.,14866,2025-11-08T23:00:21.109311+00:00,,,,no,
.repo_studios/command_center/viewer,.repo_studios/command_center/viewer/WIRING_TRACE_REPORT.md,h2,10. Dependencies ✅,10-dependencies,command-center-viewer-wiring-plumbing-trace-report,The viewer's wiring and plumbing have been traced end-to-end. All critical paths are properly connected with comprehensive logging in place. The system follows a clean data flow from initialization through user interaction.,14866,2025-11-08T23:00:21.109311+00:00,,,,no,
.repo_studios/command_center/viewer,.repo_studios/command_center/viewer/WIRING_TRACE_REPORT.md,h2,11. File Structure Verification ✅,11-file-structure-verification,command-center-viewer-wiring-plumbing-trace-report,The viewer's wiring and plumbing have been traced end-to-end. All critical paths are properly connected with comprehensive logging in place. The system follows a clean data flow from initialization through user interaction.,14866,2025-11-08T23:00:21.109311+00:00,,,,no,
.repo_studios/command_center/viewer,.repo_studios/command_center/viewer/WIRING_TRACE_REPORT.md,h2,12. Conclusion ✅,12-conclusion,command-center-viewer-wiring-plumbing-trace-report,The viewer's wiring and plumbing have been traced end-to-end. All critical paths are properly connected with comprehensive logging in place. The system follows a clean data flow from initialization through user interaction.,14866,2025-11-08T23:00:21.109311+00:00,,,,no,
.repo_studios/command_center/viewer/cache,.repo_studios/command_center/viewer/cache/README.md,h1,Mermaid Viewer Cache,mermaid-viewer-cache,,Temporary `.mmd` artifacts generated for manual debugging belong in this directory. Use `write_mermaid_cache.py` to create or refresh cached diagrams:,492,2025-11-08T23:01:49.217319+00:00,,,,no,
.repo_studios/command_center/viewer,.repo_studios/command_center/viewer/viewer-wiring-trace.md,h1,Command Center Viewer - Wiring Trace Report,command-center-viewer-wiring-trace-report,,"The viewer load path from HTML bootstrap through data normalization and rendering has been revalidated against the current `viewer/ui` sources. Configuration defaults, selector discovery, artifact loading, and rendering all operate as…",10429,2025-11-08T23:01:54.913598+00:00,,,,no,
.repo_studios/command_center/viewer,.repo_studios/command_center/viewer/viewer-wiring-trace.md,h2,Executive Summary,executive-summary,command-center-viewer-wiring-trace-report,"The viewer load path from HTML bootstrap through data normalization and rendering has been revalidated against the current `viewer/ui` sources. Configuration defaults, selector discovery, artifact loading, and rendering all operate as…",10429,2025-11-08T23:01:54.913598+00:00,,,,no,
.repo_studios/command_center/viewer,.repo_studios/command_center/viewer/viewer-wiring-trace.md,h2,1. Initialization Flow ✅,1-initialization-flow,command-center-viewer-wiring-trace-report,"The viewer load path from HTML bootstrap through data normalization and rendering has been revalidated against the current `viewer/ui` sources. Configuration defaults, selector discovery, artifact loading, and rendering all operate as…",10429,2025-11-08T23:01:54.913598+00:00,,,,no,
.repo_studios/command_center/viewer,.repo_studios/command_center/viewer/viewer-wiring-trace.md,h2,2. Configuration & Path Resolution ✅,2-configuration-path-resolution,command-center-viewer-wiring-trace-report,"The viewer load path from HTML bootstrap through data normalization and rendering has been revalidated against the current `viewer/ui` sources. Configuration defaults, selector discovery, artifact loading, and rendering all operate as…",10429,2025-11-08T23:01:54.913598+00:00,,,,no,
.repo_studios/command_center/viewer,.repo_studios/command_center/viewer/viewer-wiring-trace.md,h2,3. Data Loading Pipeline ✅,3-data-loading-pipeline,command-center-viewer-wiring-trace-report,"The viewer load path from HTML bootstrap through data normalization and rendering has been revalidated against the current `viewer/ui` sources. Configuration defaults, selector discovery, artifact loading, and rendering all operate as…",10429,2025-11-08T23:01:54.913598+00:00,,,,no,
.repo_studios/command_center/viewer,.repo_studios/command_center/viewer/viewer-wiring-trace.md,h2,4. User Interaction Wiring ✅,4-user-interaction-wiring,command-center-viewer-wiring-trace-report,"The viewer load path from HTML bootstrap through data normalization and rendering has been revalidated against the current `viewer/ui` sources. Configuration defaults, selector discovery, artifact loading, and rendering all operate as…",10429,2025-11-08T23:01:54.913598+00:00,,,,no,
.repo_studios/command_center/viewer,.repo_studios/command_center/viewer/viewer-wiring-trace.md,h2,5. Diagram Rendering Pipeline ✅,5-diagram-rendering-pipeline,command-center-viewer-wiring-trace-report,"The viewer load path from HTML bootstrap through data normalization and rendering has been revalidated against the current `viewer/ui` sources. Configuration defaults, selector discovery, artifact loading, and rendering all operate as…",10429,2025-11-08T23:01:54.913598+00:00,,,,no,
.repo_studios/command_center/viewer,.repo_studios/command_center/viewer/viewer-wiring-trace.md,h2,6. State Management ✅,6-state-management,command-center-viewer-wiring-trace-report,"The viewer load path from HTML bootstrap through data normalization and rendering has been revalidated against the current `viewer/ui` sources. Configuration defaults, selector discovery, artifact loading, and rendering all operate as…",10429,2025-11-08T23:01:54.913598+00:00,,,,no,
.repo_studios/command_center/viewer,.repo_studios/command_center/viewer/viewer-wiring-trace.md,h2,7. Caching & Selection Memory ✅,7-caching-selection-memory,command-center-viewer-wiring-trace-report,"The viewer load path from HTML bootstrap through data normalization and rendering has been revalidated against the current `viewer/ui` sources. Configuration defaults, selector discovery, artifact loading, and rendering all operate as…",10429,2025-11-08T23:01:54.913598+00:00,,,,no,
.repo_studios/command_center/viewer,.repo_studios/command_center/viewer/viewer-wiring-trace.md,h2,8. Logging & Debugging ✅,8-logging-debugging,command-center-viewer-wiring-trace-report,"The viewer load path from HTML bootstrap through data normalization and rendering has been revalidated against the current `viewer/ui` sources. Configuration defaults, selector discovery, artifact loading, and rendering all operate as…",10429,2025-11-08T23:01:54.913598+00:00,,,,no,
.repo_studios/command_center/viewer,.repo_studios/command_center/viewer/viewer-wiring-trace.md,h2,9. Critical Path Verification ✅,9-critical-path-verification,command-center-viewer-wiring-trace-report,"The viewer load path from HTML bootstrap through data normalization and rendering has been revalidated against the current `viewer/ui` sources. Configuration defaults, selector discovery, artifact loading, and rendering all operate as…",10429,2025-11-08T23:01:54.913598+00:00,,,,no,
.repo_studios/command_center/viewer,.repo_studios/command_center/viewer/viewer-wiring-trace.md,h2,10. Potential Issues & Mitigations ✅,10-potential-issues-mitigations,command-center-viewer-wiring-trace-report,"The viewer load path from HTML bootstrap through data normalization and rendering has been revalidated against the current `viewer/ui` sources. Configuration defaults, selector discovery, artifact loading, and rendering all operate as…",10429,2025-11-08T23:01:54.913598+00:00,,,,no,
.repo_studios/command_center/viewer,.repo_studios/command_center/viewer/viewer-wiring-trace.md,h2,11. Dependencies ✅,11-dependencies,command-center-viewer-wiring-trace-report,"The viewer load path from HTML bootstrap through data normalization and rendering has been revalidated against the current `viewer/ui` sources. Configuration defaults, selector discovery, artifact loading, and rendering all operate as…",10429,2025-11-08T23:01:54.913598+00:00,,,,no,
.repo_studios/command_center/viewer,.repo_studios/command_center/viewer/viewer-wiring-trace.md,h2,12. File Structure Verification ✅,12-file-structure-verification,command-center-viewer-wiring-trace-report,"The viewer load path from HTML bootstrap through data normalization and rendering has been revalidated against the current `viewer/ui` sources. Configuration defaults, selector discovery, artifact loading, and rendering all operate as…",10429,2025-11-08T23:01:54.913598+00:00,,,,no,
.repo_studios/command_center/viewer,.repo_studios/command_center/viewer/viewer-wiring-trace.md,h2,13. Conclusion ✅,13-conclusion,command-center-viewer-wiring-trace-report,"The viewer load path from HTML bootstrap through data normalization and rendering has been revalidated against the current `viewer/ui` sources. Configuration defaults, selector discovery, artifact loading, and rendering all operate as…",10429,2025-11-08T23:01:54.913598+00:00,,,,no,
.repo_studios/docs,.repo_studios/docs/Repo_Studios_MOU_Strategic_Architecture.md,h1,MEMORANDUM OF UNDERSTANDING,memorandum-of-understanding,,"Repo Studios is a **preventative infrastructure template** designed to eliminate entire classes of technical debt before they can form. It encodes hard-won lessons from the Jarvis Project into reusable, AI-optimized tooling that transforms…",17528,2025-10-24T16:47:03.308768+00:00,,,,no,
.repo_studios/docs,.repo_studios/docs/Repo_Studios_MOU_Strategic_Architecture.md,h2,Repo Studios: Strategic Architecture & Operational Manifesto,repo-studios-strategic-architecture-operational-manifesto,memorandum-of-understanding,"Repo Studios is a **preventative infrastructure template** designed to eliminate entire classes of technical debt before they can form. It encodes hard-won lessons from the Jarvis Project into reusable, AI-optimized tooling that transforms…",17528,2025-10-24T16:47:03.308768+00:00,,,,no,
.repo_studios/docs,.repo_studios/docs/Repo_Studios_MOU_Strategic_Architecture.md,h2,EXECUTIVE SUMMARY,executive-summary,memorandum-of-understanding,"Repo Studios is a **preventative infrastructure template** designed to eliminate entire classes of technical debt before they can form. It encodes hard-won lessons from the Jarvis Project into reusable, AI-optimized tooling that transforms…",17528,2025-10-24T16:47:03.308768+00:00,,,,no,
.repo_studios/docs,.repo_studios/docs/Repo_Studios_MOU_Strategic_Architecture.md,h2,I. STRATEGIC VISION,i-strategic-vision,memorandum-of-understanding,"Repo Studios is a **preventative infrastructure template** designed to eliminate entire classes of technical debt before they can form. It encodes hard-won lessons from the Jarvis Project into reusable, AI-optimized tooling that transforms…",17528,2025-10-24T16:47:03.308768+00:00,,,,no,
.repo_studios/docs,.repo_studios/docs/Repo_Studios_MOU_Strategic_Architecture.md,h2,II. ARCHITECTURAL PRINCIPLES,ii-architectural-principles,memorandum-of-understanding,"Repo Studios is a **preventative infrastructure template** designed to eliminate entire classes of technical debt before they can form. It encodes hard-won lessons from the Jarvis Project into reusable, AI-optimized tooling that transforms…",17528,2025-10-24T16:47:03.308768+00:00,,,,no,
.repo_studios/docs,.repo_studios/docs/Repo_Studios_MOU_Strategic_Architecture.md,h2,III. TECHNICAL IMPLEMENTATION,iii-technical-implementation,memorandum-of-understanding,"Repo Studios is a **preventative infrastructure template** designed to eliminate entire classes of technical debt before they can form. It encodes hard-won lessons from the Jarvis Project into reusable, AI-optimized tooling that transforms…",17528,2025-10-24T16:47:03.308768+00:00,,,,no,
.repo_studios/docs,.repo_studios/docs/Repo_Studios_MOU_Strategic_Architecture.md,h2,IV. OPERATIONAL MODEL,iv-operational-model,memorandum-of-understanding,"Repo Studios is a **preventative infrastructure template** designed to eliminate entire classes of technical debt before they can form. It encodes hard-won lessons from the Jarvis Project into reusable, AI-optimized tooling that transforms…",17528,2025-10-24T16:47:03.308768+00:00,,,,no,
.repo_studios/docs,.repo_studios/docs/Repo_Studios_MOU_Strategic_Architecture.md,h2,V. ROI ANALYSIS & JUSTIFICATION,v-roi-analysis-justification,memorandum-of-understanding,"Repo Studios is a **preventative infrastructure template** designed to eliminate entire classes of technical debt before they can form. It encodes hard-won lessons from the Jarvis Project into reusable, AI-optimized tooling that transforms…",17528,2025-10-24T16:47:03.308768+00:00,,,,no,
.repo_studios/docs,.repo_studios/docs/Repo_Studios_MOU_Strategic_Architecture.md,h2,VI. MANIFESTO: THE REPO STUDIOS WAY,vi-manifesto-the-repo-studios-way,memorandum-of-understanding,"Repo Studios is a **preventative infrastructure template** designed to eliminate entire classes of technical debt before they can form. It encodes hard-won lessons from the Jarvis Project into reusable, AI-optimized tooling that transforms…",17528,2025-10-24T16:47:03.308768+00:00,,,,no,
.repo_studios/docs,.repo_studios/docs/Repo_Studios_MOU_Strategic_Architecture.md,h2,VII. SUCCESS CRITERIA,vii-success-criteria,memorandum-of-understanding,"Repo Studios is a **preventative infrastructure template** designed to eliminate entire classes of technical debt before they can form. It encodes hard-won lessons from the Jarvis Project into reusable, AI-optimized tooling that transforms…",17528,2025-10-24T16:47:03.308768+00:00,,,,no,
.repo_studios/docs,.repo_studios/docs/Repo_Studios_MOU_Strategic_Architecture.md,h2,VIII. GOVERNANCE,viii-governance,memorandum-of-understanding,"Repo Studios is a **preventative infrastructure template** designed to eliminate entire classes of technical debt before they can form. It encodes hard-won lessons from the Jarvis Project into reusable, AI-optimized tooling that transforms…",17528,2025-10-24T16:47:03.308768+00:00,,,,no,
.repo_studios/docs,.repo_studios/docs/Repo_Studios_MOU_Strategic_Architecture.md,h2,IX. AFFIRMATION,ix-affirmation,memorandum-of-understanding,"Repo Studios is a **preventative infrastructure template** designed to eliminate entire classes of technical debt before they can form. It encodes hard-won lessons from the Jarvis Project into reusable, AI-optimized tooling that transforms…",17528,2025-10-24T16:47:03.308768+00:00,,,,no,
.repo_studios/docs,.repo_studios/docs/Repo_Studios_MOU_Strategic_Architecture.md,h2,X. SIGNATURES & ATTESTATION,x-signatures-attestation,memorandum-of-understanding,"Repo Studios is a **preventative infrastructure template** designed to eliminate entire classes of technical debt before they can form. It encodes hard-won lessons from the Jarvis Project into reusable, AI-optimized tooling that transforms…",17528,2025-10-24T16:47:03.308768+00:00,,,,no,
.repo_studios/docs,.repo_studios/docs/Repo_Studios_MOU_Strategic_Architecture.md,h2,APPENDICES,appendices,memorandum-of-understanding,"Repo Studios is a **preventative infrastructure template** designed to eliminate entire classes of technical debt before they can form. It encodes hard-won lessons from the Jarvis Project into reusable, AI-optimized tooling that transforms…",17528,2025-10-24T16:47:03.308768+00:00,,,,no,
.repo_studios/docs/automation,.repo_studios/docs/automation/aggregate_docs_health_signals.md,h1,aggregate_docs_health_signals,aggregatedocshealthsignals,,`aggregate_docs_health_signals.py` will fuse disparate documentation quality signals into a single dashboard that highlights where Repo Studios needs renewed attention. The aggregator focuses on three questions:,6807,2025-11-27T14:42:44.934383+00:00,,,,yes,
.repo_studios/docs/automation,.repo_studios/docs/automation/aggregate_docs_health_signals.md,h2,Purpose,purpose,aggregatedocshealthsignals,`aggregate_docs_health_signals.py` will fuse disparate documentation quality signals into a single dashboard that highlights where Repo Studios needs renewed attention. The aggregator focuses on three questions:,6807,2025-11-27T14:42:44.934383+00:00,,,,yes,
.repo_studios/docs/automation,.repo_studios/docs/automation/aggregate_docs_health_signals.md,h2,Upstream Inputs,upstream-inputs,aggregatedocshealthsignals,`aggregate_docs_health_signals.py` will fuse disparate documentation quality signals into a single dashboard that highlights where Repo Studios needs renewed attention. The aggregator focuses on three questions:,6807,2025-11-27T14:42:44.934383+00:00,,,,yes,
.repo_studios/docs/automation,.repo_studios/docs/automation/aggregate_docs_health_signals.md,h2,Output Bundle,output-bundle,aggregatedocshealthsignals,`aggregate_docs_health_signals.py` will fuse disparate documentation quality signals into a single dashboard that highlights where Repo Studios needs renewed attention. The aggregator focuses on three questions:,6807,2025-11-27T14:42:44.934383+00:00,,,,yes,
.repo_studios/docs/automation,.repo_studios/docs/automation/aggregate_docs_health_signals.md,h2,CLI Surface,cli-surface,aggregatedocshealthsignals,`aggregate_docs_health_signals.py` will fuse disparate documentation quality signals into a single dashboard that highlights where Repo Studios needs renewed attention. The aggregator focuses on three questions:,6807,2025-11-27T14:42:44.934383+00:00,,,,yes,
.repo_studios/docs/automation,.repo_studios/docs/automation/aggregate_docs_health_signals.md,h2,Score Model,score-model,aggregatedocshealthsignals,`aggregate_docs_health_signals.py` will fuse disparate documentation quality signals into a single dashboard that highlights where Repo Studios needs renewed attention. The aggregator focuses on three questions:,6807,2025-11-27T14:42:44.934383+00:00,,,,yes,
.repo_studios/docs/automation,.repo_studios/docs/automation/aggregate_docs_health_signals.md,h2,Implementation Checklist,implementation-checklist,aggregatedocshealthsignals,`aggregate_docs_health_signals.py` will fuse disparate documentation quality signals into a single dashboard that highlights where Repo Studios needs renewed attention. The aggregator focuses on three questions:,6807,2025-11-27T14:42:44.934383+00:00,,,,yes,
.repo_studios/docs/automation,.repo_studios/docs/automation/aggregate_docs_health_signals.md,h2,Testing Plan,testing-plan,aggregatedocshealthsignals,`aggregate_docs_health_signals.py` will fuse disparate documentation quality signals into a single dashboard that highlights where Repo Studios needs renewed attention. The aggregator focuses on three questions:,6807,2025-11-27T14:42:44.934383+00:00,,,,yes,
.repo_studios/docs/automation,.repo_studios/docs/automation/aggregate_docs_health_signals.md,h2,Follow-Up Opportunities,follow-up-opportunities,aggregatedocshealthsignals,`aggregate_docs_health_signals.py` will fuse disparate documentation quality signals into a single dashboard that highlights where Repo Studios needs renewed attention. The aggregator focuses on three questions:,6807,2025-11-27T14:42:44.934383+00:00,,,,yes,
.repo_studios/docs/automation,.repo_studios/docs/automation/analyze_test_hardening.md,h1,analyze_test_hardening.py,analyzetesthardeningpy,,"`analyze_test_hardening.py` inspects repository test modules for maintainability risks such as missing assertions, vague test names, excessive length, global state usage, and reliance on `time.sleep()`. The producer emits structured…",3455,2025-10-24T10:37:09.893282+00:00,,,,no,
.repo_studios/docs/automation,.repo_studios/docs/automation/analyze_test_hardening.md,h2,Purpose,purpose,analyzetesthardeningpy,"`analyze_test_hardening.py` inspects repository test modules for maintainability risks such as missing assertions, vague test names, excessive length, global state usage, and reliance on `time.sleep()`. The producer emits structured…",3455,2025-10-24T10:37:09.893282+00:00,,,,no,
.repo_studios/docs/automation,.repo_studios/docs/automation/analyze_test_hardening.md,h2,Invocation,invocation,analyzetesthardeningpy,"`analyze_test_hardening.py` inspects repository test modules for maintainability risks such as missing assertions, vague test names, excessive length, global state usage, and reliance on `time.sleep()`. The producer emits structured…",3455,2025-10-24T10:37:09.893282+00:00,,,,no,
.repo_studios/docs/automation,.repo_studios/docs/automation/analyze_test_hardening.md,h2,Outputs,outputs,analyzetesthardeningpy,"`analyze_test_hardening.py` inspects repository test modules for maintainability risks such as missing assertions, vague test names, excessive length, global state usage, and reliance on `time.sleep()`. The producer emits structured…",3455,2025-10-24T10:37:09.893282+00:00,,,,no,
.repo_studios/docs/automation,.repo_studios/docs/automation/analyze_test_hardening.md,h2,Findings and scoring,findings-and-scoring,analyzetesthardeningpy,"`analyze_test_hardening.py` inspects repository test modules for maintainability risks such as missing assertions, vague test names, excessive length, global state usage, and reliance on `time.sleep()`. The producer emits structured…",3455,2025-10-24T10:37:09.893282+00:00,,,,no,
.repo_studios/docs/automation,.repo_studios/docs/automation/analyze_test_hardening.md,h2,Testing,testing,analyzetesthardeningpy,"`analyze_test_hardening.py` inspects repository test modules for maintainability risks such as missing assertions, vague test names, excessive length, global state usage, and reliance on `time.sleep()`. The producer emits structured…",3455,2025-10-24T10:37:09.893282+00:00,,,,no,
.repo_studios/docs/automation,.repo_studios/docs/automation/analyze_test_hardening.md,h2,Operational notes,operational-notes,analyzetesthardeningpy,"`analyze_test_hardening.py` inspects repository test modules for maintainability risks such as missing assertions, vague test names, excessive length, global state usage, and reliance on `time.sleep()`. The producer emits structured…",3455,2025-10-24T10:37:09.893282+00:00,,,,no,
.repo_studios/docs/automation,.repo_studios/docs/automation/ci_metrics_checks.md,h1,CI Metrics Checks for Inventory Reports,ci-metrics-checks-for-inventory-reports,,Last updated: 2025-10-18,2331,2025-10-21T12:02:58.657326+00:00,,,,no,
.repo_studios/docs/automation,.repo_studios/docs/automation/ci_metrics_checks.md,h2,Goals,goals,ci-metrics-checks-for-inventory-reports,Last updated: 2025-10-18,2331,2025-10-21T12:02:58.657326+00:00,,,,no,
.repo_studios/docs/automation,.repo_studios/docs/automation/ci_metrics_checks.md,h2,Proposed Pipeline Steps,proposed-pipeline-steps,ci-metrics-checks-for-inventory-reports,Last updated: 2025-10-18,2331,2025-10-21T12:02:58.657326+00:00,,,,no,
.repo_studios/docs/automation,.repo_studios/docs/automation/ci_metrics_checks.md,h2,Implementation Notes,implementation-notes,ci-metrics-checks-for-inventory-reports,Last updated: 2025-10-18,2331,2025-10-21T12:02:58.657326+00:00,,,,no,
.repo_studios/docs/automation,.repo_studios/docs/automation/ci_metrics_checks.md,h2,Next Actions,next-actions,ci-metrics-checks-for-inventory-reports,Last updated: 2025-10-18,2331,2025-10-21T12:02:58.657326+00:00,,,,no,
.repo_studios/docs/automation,.repo_studios/docs/automation/classify_monkey_patches.md,h1,classify_monkey_patches.py,classifymonkeypatchespy,,`classify_monkey_patches.py` ingests monkey-patch scan artifacts and assigns HIGH/MODERATE/SAFE risk tiers so teams can triage the most dangerous runtime modifications first. The consumer prefers structured bundles from…,3865,2025-11-29T16:10:11.345704+00:00,,,,no,
.repo_studios/docs/automation,.repo_studios/docs/automation/classify_monkey_patches.md,h2,Purpose,purpose,classifymonkeypatchespy,`classify_monkey_patches.py` ingests monkey-patch scan artifacts and assigns HIGH/MODERATE/SAFE risk tiers so teams can triage the most dangerous runtime modifications first. The consumer prefers structured bundles from…,3865,2025-11-29T16:10:11.345704+00:00,,,,no,
.repo_studios/docs/automation,.repo_studios/docs/automation/classify_monkey_patches.md,h2,Invocation,invocation,classifymonkeypatchespy,`classify_monkey_patches.py` ingests monkey-patch scan artifacts and assigns HIGH/MODERATE/SAFE risk tiers so teams can triage the most dangerous runtime modifications first. The consumer prefers structured bundles from…,3865,2025-11-29T16:10:11.345704+00:00,,,,no,
.repo_studios/docs/automation,.repo_studios/docs/automation/classify_monkey_patches.md,h2,Outputs,outputs,classifymonkeypatchespy,`classify_monkey_patches.py` ingests monkey-patch scan artifacts and assigns HIGH/MODERATE/SAFE risk tiers so teams can triage the most dangerous runtime modifications first. The consumer prefers structured bundles from…,3865,2025-11-29T16:10:11.345704+00:00,,,,no,
.repo_studios/docs/automation,.repo_studios/docs/automation/classify_monkey_patches.md,h2,Testing,testing,classifymonkeypatchespy,`classify_monkey_patches.py` ingests monkey-patch scan artifacts and assigns HIGH/MODERATE/SAFE risk tiers so teams can triage the most dangerous runtime modifications first. The consumer prefers structured bundles from…,3865,2025-11-29T16:10:11.345704+00:00,,,,no,
.repo_studios/docs/automation,.repo_studios/docs/automation/classify_monkey_patches.md,h2,Operational Notes,operational-notes,classifymonkeypatchespy,`classify_monkey_patches.py` ingests monkey-patch scan artifacts and assigns HIGH/MODERATE/SAFE risk tiers so teams can triage the most dangerous runtime modifications first. The consumer prefers structured bundles from…,3865,2025-11-29T16:10:11.345704+00:00,,,,no,
.repo_studios/docs/automation,.repo_studios/docs/automation/collect_faulthandler_reports.md,h1,collect_faulthandler_reports.py,collectfaulthandlerreportspy,,"`collect_faulthandler_reports.py` converts raw faulthandler capture directories into structured bundles that downstream consumers can reuse without re-parsing stack logs. Each run produces JSON, Markdown, CSV, and combined log artifacts,…",4828,2025-11-29T15:23:01.952399+00:00,,,,no,
.repo_studios/docs/automation,.repo_studios/docs/automation/collect_faulthandler_reports.md,h2,Purpose,purpose,collectfaulthandlerreportspy,"`collect_faulthandler_reports.py` converts raw faulthandler capture directories into structured bundles that downstream consumers can reuse without re-parsing stack logs. Each run produces JSON, Markdown, CSV, and combined log artifacts,…",4828,2025-11-29T15:23:01.952399+00:00,,,,no,
.repo_studios/docs/automation,.repo_studios/docs/automation/collect_faulthandler_reports.md,h2,Invocation,invocation,collectfaulthandlerreportspy,"`collect_faulthandler_reports.py` converts raw faulthandler capture directories into structured bundles that downstream consumers can reuse without re-parsing stack logs. Each run produces JSON, Markdown, CSV, and combined log artifacts,…",4828,2025-11-29T15:23:01.952399+00:00,,,,no,
.repo_studios/docs/automation,.repo_studios/docs/automation/collect_faulthandler_reports.md,h2,Outputs,outputs,collectfaulthandlerreportspy,"`collect_faulthandler_reports.py` converts raw faulthandler capture directories into structured bundles that downstream consumers can reuse without re-parsing stack logs. Each run produces JSON, Markdown, CSV, and combined log artifacts,…",4828,2025-11-29T15:23:01.952399+00:00,,,,no,
.repo_studios/docs/automation,.repo_studios/docs/automation/collect_faulthandler_reports.md,h2,Diagnostics,diagnostics,collectfaulthandlerreportspy,"`collect_faulthandler_reports.py` converts raw faulthandler capture directories into structured bundles that downstream consumers can reuse without re-parsing stack logs. Each run produces JSON, Markdown, CSV, and combined log artifacts,…",4828,2025-11-29T15:23:01.952399+00:00,,,,no,
.repo_studios/docs/automation,.repo_studios/docs/automation/collect_faulthandler_reports.md,h2,Testing,testing,collectfaulthandlerreportspy,"`collect_faulthandler_reports.py` converts raw faulthandler capture directories into structured bundles that downstream consumers can reuse without re-parsing stack logs. Each run produces JSON, Markdown, CSV, and combined log artifacts,…",4828,2025-11-29T15:23:01.952399+00:00,,,,no,
.repo_studios/docs/automation,.repo_studios/docs/automation/collect_faulthandler_reports.md,h2,Operational notes,operational-notes,collectfaulthandlerreportspy,"`collect_faulthandler_reports.py` converts raw faulthandler capture directories into structured bundles that downstream consumers can reuse without re-parsing stack logs. Each run produces JSON, Markdown, CSV, and combined log artifacts,…",4828,2025-11-29T15:23:01.952399+00:00,,,,no,
.repo_studios/docs/automation,.repo_studios/docs/automation/collect_test_log_reports.md,h1,collect_test_log_reports.py,collecttestlogreportspy,,`collect_test_log_reports.py` converts raw pytest log runs into structured artifacts that downstream consumers and dashboards can reuse without reparsing warning blocks or slow-test sections. The producer leverages…,4899,2025-11-29T15:13:46.818089+00:00,,,,no,
.repo_studios/docs/automation,.repo_studios/docs/automation/collect_test_log_reports.md,h2,Purpose,purpose,collecttestlogreportspy,`collect_test_log_reports.py` converts raw pytest log runs into structured artifacts that downstream consumers and dashboards can reuse without reparsing warning blocks or slow-test sections. The producer leverages…,4899,2025-11-29T15:13:46.818089+00:00,,,,no,
.repo_studios/docs/automation,.repo_studios/docs/automation/collect_test_log_reports.md,h2,Invocation,invocation,collecttestlogreportspy,`collect_test_log_reports.py` converts raw pytest log runs into structured artifacts that downstream consumers and dashboards can reuse without reparsing warning blocks or slow-test sections. The producer leverages…,4899,2025-11-29T15:13:46.818089+00:00,,,,no,
.repo_studios/docs/automation,.repo_studios/docs/automation/collect_test_log_reports.md,h2,Outputs,outputs,collecttestlogreportspy,`collect_test_log_reports.py` converts raw pytest log runs into structured artifacts that downstream consumers and dashboards can reuse without reparsing warning blocks or slow-test sections. The producer leverages…,4899,2025-11-29T15:13:46.818089+00:00,,,,no,
.repo_studios/docs/automation,.repo_studios/docs/automation/collect_test_log_reports.md,h2,Diagnostics,diagnostics,collecttestlogreportspy,`collect_test_log_reports.py` converts raw pytest log runs into structured artifacts that downstream consumers and dashboards can reuse without reparsing warning blocks or slow-test sections. The producer leverages…,4899,2025-11-29T15:13:46.818089+00:00,,,,no,
.repo_studios/docs/automation,.repo_studios/docs/automation/collect_test_log_reports.md,h2,Testing,testing,collecttestlogreportspy,`collect_test_log_reports.py` converts raw pytest log runs into structured artifacts that downstream consumers and dashboards can reuse without reparsing warning blocks or slow-test sections. The producer leverages…,4899,2025-11-29T15:13:46.818089+00:00,,,,no,
.repo_studios/docs/automation,.repo_studios/docs/automation/collect_test_log_reports.md,h2,Operational notes,operational-notes,collecttestlogreportspy,`collect_test_log_reports.py` converts raw pytest log runs into structured artifacts that downstream consumers and dashboards can reuse without reparsing warning blocks or slow-test sections. The producer leverages…,4899,2025-11-29T15:13:46.818089+00:00,,,,no,
.repo_studios/docs/automation,.repo_studios/docs/automation/configure_faulthandler_runtime.md,h1,configure_faulthandler_runtime.py,configurefaulthandlerruntimepy,,"`configure_faulthandler_runtime.py` runs during interpreter start via the repository sitecustomize shim. It standardises faulthandler defaults across every entry point, creates structured artifacts under…",3282,2025-12-01T13:19:36.907672+00:00,,,,no,
.repo_studios/docs/automation,.repo_studios/docs/automation/configure_faulthandler_runtime.md,h2,Overview,overview,configurefaulthandlerruntimepy,"`configure_faulthandler_runtime.py` runs during interpreter start via the repository sitecustomize shim. It standardises faulthandler defaults across every entry point, creates structured artifacts under…",3282,2025-12-01T13:19:36.907672+00:00,,,,no,
.repo_studios/docs/automation,.repo_studios/docs/automation/configure_faulthandler_runtime.md,h2,Responsibilities,responsibilities,configurefaulthandlerruntimepy,"`configure_faulthandler_runtime.py` runs during interpreter start via the repository sitecustomize shim. It standardises faulthandler defaults across every entry point, creates structured artifacts under…",3282,2025-12-01T13:19:36.907672+00:00,,,,no,
.repo_studios/docs/automation,.repo_studios/docs/automation/configure_faulthandler_runtime.md,h2,Environment Flags,environment-flags,configurefaulthandlerruntimepy,"`configure_faulthandler_runtime.py` runs during interpreter start via the repository sitecustomize shim. It standardises faulthandler defaults across every entry point, creates structured artifacts under…",3282,2025-12-01T13:19:36.907672+00:00,,,,no,
.repo_studios/docs/automation,.repo_studios/docs/automation/configure_faulthandler_runtime.md,h2,Testing,testing,configurefaulthandlerruntimepy,"`configure_faulthandler_runtime.py` runs during interpreter start via the repository sitecustomize shim. It standardises faulthandler defaults across every entry point, creates structured artifacts under…",3282,2025-12-01T13:19:36.907672+00:00,,,,no,
.repo_studios/docs/automation,.repo_studios/docs/automation/configure_faulthandler_runtime.md,h2,Legacy Compatibility,legacy-compatibility,configurefaulthandlerruntimepy,"`configure_faulthandler_runtime.py` runs during interpreter start via the repository sitecustomize shim. It standardises faulthandler defaults across every entry point, creates structured artifacts under…",3282,2025-12-01T13:19:36.907672+00:00,,,,no,
.repo_studios/docs/automation,.repo_studios/docs/automation/diff_standards_index.md,h1,diff_standards_index.py,diffstandardsindexpy,,`diff_standards_index.py` compares two standards index YAML snapshots (typically the baseline catalog and a regenerated proposal) and produces structured artifacts that highlight rule-level changes. Summaries classify per-rule deltas…,4388,2025-10-23T00:14:57.649053+00:00,,,,no,
.repo_studios/docs/automation,.repo_studios/docs/automation/diff_standards_index.md,h2,Purpose,purpose,diffstandardsindexpy,`diff_standards_index.py` compares two standards index YAML snapshots (typically the baseline catalog and a regenerated proposal) and produces structured artifacts that highlight rule-level changes. Summaries classify per-rule deltas…,4388,2025-10-23T00:14:57.649053+00:00,,,,no,
.repo_studios/docs/automation,.repo_studios/docs/automation/diff_standards_index.md,h2,Invocation,invocation,diffstandardsindexpy,`diff_standards_index.py` compares two standards index YAML snapshots (typically the baseline catalog and a regenerated proposal) and produces structured artifacts that highlight rule-level changes. Summaries classify per-rule deltas…,4388,2025-10-23T00:14:57.649053+00:00,,,,no,
.repo_studios/docs/automation,.repo_studios/docs/automation/diff_standards_index.md,h2,Outputs,outputs,diffstandardsindexpy,`diff_standards_index.py` compares two standards index YAML snapshots (typically the baseline catalog and a regenerated proposal) and produces structured artifacts that highlight rule-level changes. Summaries classify per-rule deltas…,4388,2025-10-23T00:14:57.649053+00:00,,,,no,
.repo_studios/docs/automation,.repo_studios/docs/automation/diff_standards_index.md,h2,Status semantics,status-semantics,diffstandardsindexpy,`diff_standards_index.py` compares two standards index YAML snapshots (typically the baseline catalog and a regenerated proposal) and produces structured artifacts that highlight rule-level changes. Summaries classify per-rule deltas…,4388,2025-10-23T00:14:57.649053+00:00,,,,no,
.repo_studios/docs/automation,.repo_studios/docs/automation/diff_standards_index.md,h2,Testing,testing,diffstandardsindexpy,`diff_standards_index.py` compares two standards index YAML snapshots (typically the baseline catalog and a regenerated proposal) and produces structured artifacts that highlight rule-level changes. Summaries classify per-rule deltas…,4388,2025-10-23T00:14:57.649053+00:00,,,,no,
.repo_studios/docs/automation,.repo_studios/docs/automation/diff_standards_index.md,h2,Operational notes,operational-notes,diffstandardsindexpy,`diff_standards_index.py` compares two standards index YAML snapshots (typically the baseline catalog and a regenerated proposal) and produces structured artifacts that highlight rule-level changes. Summaries classify per-rule deltas…,4388,2025-10-23T00:14:57.649053+00:00,,,,no,
.repo_studios/docs/automation,.repo_studios/docs/automation/dump_faulthandler_snapshot.md,h1,dump_faulthandler_snapshot.py,dumpfaulthandlersnapshotpy,"`dump_faulthandler_snapshot.py` captures a one-off faulthandler stack dump and stores it as a structured bundle under `.repo_studios/command_center/reports/rawview/fault_snapshots/`. The utility is idempotent, keeps the latest stacks…",2571,2025-11-29T15:06:25.874741+00:00,,,,no,
.repo_studios/docs/automation,.repo_studios/docs/automation/dump_faulthandler_snapshot.md,h2,Overview,overview,dumpfaulthandlersnapshotpy,"`dump_faulthandler_snapshot.py` captures a one-off faulthandler stack dump and stores it as a structured bundle under `.repo_studios/command_center/reports/rawview/fault_snapshots/`. The utility is idempotent, keeps the latest stacks…",2571,2025-11-29T15:06:25.874741+00:00,,,,no,
.repo_studios/docs/automation,.repo_studios/docs/automation/dump_faulthandler_snapshot.md,h2,Responsibilities,responsibilities,dumpfaulthandlersnapshotpy,"`dump_faulthandler_snapshot.py` captures a one-off faulthandler stack dump and stores it as a structured bundle under `.repo_studios/command_center/reports/rawview/fault_snapshots/`. The utility is idempotent, keeps the latest stacks…",2571,2025-11-29T15:06:25.874741+00:00,,,,no,
.repo_studios/docs/automation,.repo_studios/docs/automation/dump_faulthandler_snapshot.md,h2,Environment Flags,environment-flags,dumpfaulthandlersnapshotpy,"`dump_faulthandler_snapshot.py` captures a one-off faulthandler stack dump and stores it as a structured bundle under `.repo_studios/command_center/reports/rawview/fault_snapshots/`. The utility is idempotent, keeps the latest stacks…",2571,2025-11-29T15:06:25.874741+00:00,,,,no,
.repo_studios/docs/automation,.repo_studios/docs/automation/dump_faulthandler_snapshot.md,h2,Usage,usage,dumpfaulthandlersnapshotpy,"`dump_faulthandler_snapshot.py` captures a one-off faulthandler stack dump and stores it as a structured bundle under `.repo_studios/command_center/reports/rawview/fault_snapshots/`. The utility is idempotent, keeps the latest stacks…",2571,2025-11-29T15:06:25.874741+00:00,,,,no,
.repo_studios/docs/automation,.repo_studios/docs/automation/dump_faulthandler_snapshot.md,h2,Testing,testing,dumpfaulthandlersnapshotpy,"`dump_faulthandler_snapshot.py` captures a one-off faulthandler stack dump and stores it as a structured bundle under `.repo_studios/command_center/reports/rawview/fault_snapshots/`. The utility is idempotent, keeps the latest stacks…",2571,2025-11-29T15:06:25.874741+00:00,,,,no,
.repo_studios/docs/automation,.repo_studios/docs/automation/dump_faulthandler_snapshot.md,h2,Automation,automation,dumpfaulthandlersnapshotpy,"`dump_faulthandler_snapshot.py` captures a one-off faulthandler stack dump and stores it as a structured bundle under `.repo_studios/command_center/reports/rawview/fault_snapshots/`. The utility is idempotent, keeps the latest stacks…",2571,2025-11-29T15:06:25.874741+00:00,,,,no,
.repo_studios/docs/automation,.repo_studios/docs/automation/dump_faulthandler_snapshot.md,h2,Legacy Compatibility,legacy-compatibility,dumpfaulthandlersnapshotpy,"`dump_faulthandler_snapshot.py` captures a one-off faulthandler stack dump and stores it as a structured bundle under `.repo_studios/command_center/reports/rawview/fault_snapshots/`. The utility is idempotent, keeps the latest stacks…",2571,2025-11-29T15:06:25.874741+00:00,,,,no,
.repo_studios/docs/automation,.repo_studios/docs/automation/extract_standards_rules.md,h1,extract_standards_rules.py,extractstandardsrulespy,,"`extract_standards_rules.py` parses curated markdown sources for guardrail rules that enrich the standards index build. It gathers candidate rules from dedicated HTML marker blocks and heading conventions, normalizes their metadata…",4451,2025-10-23T11:45:54.459576+00:00,,,,no,
.repo_studios/docs/automation,.repo_studios/docs/automation/extract_standards_rules.md,h2,Purpose,purpose,extractstandardsrulespy,"`extract_standards_rules.py` parses curated markdown sources for guardrail rules that enrich the standards index build. It gathers candidate rules from dedicated HTML marker blocks and heading conventions, normalizes their metadata…",4451,2025-10-23T11:45:54.459576+00:00,,,,no,
.repo_studios/docs/automation,.repo_studios/docs/automation/extract_standards_rules.md,h2,Supported patterns,supported-patterns,extractstandardsrulespy,"`extract_standards_rules.py` parses curated markdown sources for guardrail rules that enrich the standards index build. It gathers candidate rules from dedicated HTML marker blocks and heading conventions, normalizes their metadata…",4451,2025-10-23T11:45:54.459576+00:00,,,,no,
.repo_studios/docs/automation,.repo_studios/docs/automation/extract_standards_rules.md,h2,Invocation,invocation,extractstandardsrulespy,"`extract_standards_rules.py` parses curated markdown sources for guardrail rules that enrich the standards index build. It gathers candidate rules from dedicated HTML marker blocks and heading conventions, normalizes their metadata…",4451,2025-10-23T11:45:54.459576+00:00,,,,no,
.repo_studios/docs/automation,.repo_studios/docs/automation/extract_standards_rules.md,h2,Diagnostics and error handling,diagnostics-and-error-handling,extractstandardsrulespy,"`extract_standards_rules.py` parses curated markdown sources for guardrail rules that enrich the standards index build. It gathers candidate rules from dedicated HTML marker blocks and heading conventions, normalizes their metadata…",4451,2025-10-23T11:45:54.459576+00:00,,,,no,
.repo_studios/docs/automation,.repo_studios/docs/automation/extract_standards_rules.md,h2,Testing,testing,extractstandardsrulespy,"`extract_standards_rules.py` parses curated markdown sources for guardrail rules that enrich the standards index build. It gathers candidate rules from dedicated HTML marker blocks and heading conventions, normalizes their metadata…",4451,2025-10-23T11:45:54.459576+00:00,,,,no,
.repo_studios/docs/automation,.repo_studios/docs/automation/extract_standards_rules.md,h2,Integration notes,integration-notes,extractstandardsrulespy,"`extract_standards_rules.py` parses curated markdown sources for guardrail rules that enrich the standards index build. It gathers candidate rules from dedicated HTML marker blocks and heading conventions, normalizes their metadata…",4451,2025-10-23T11:45:54.459576+00:00,,,,no,
.repo_studios/docs/automation,.repo_studios/docs/automation/function_analysis_guide.md,h1,Function Analysis Companion Report Guide,function-analysis-companion-report-guide,,This guide explains how to interpret the JSON companion analysis produced by `.repo_studios/scripts/producers/generate_function_analysis.py`. The analysis consumes the structural inventory generated by `generate_commandview_inventory.py`…,4467,2025-11-06T09:42:53.626079+00:00,,,,no,
.repo_studios/docs/automation,.repo_studios/docs/automation/function_analysis_guide.md,h2,Artifact Overview,artifact-overview,function-analysis-companion-report-guide,This guide explains how to interpret the JSON companion analysis produced by `.repo_studios/scripts/producers/generate_function_analysis.py`. The analysis consumes the structural inventory generated by `generate_commandview_inventory.py`…,4467,2025-11-06T09:42:53.626079+00:00,,,,no,
.repo_studios/docs/automation,.repo_studios/docs/automation/function_analysis_guide.md,h2,Metadata Fields,metadata-fields,function-analysis-companion-report-guide,This guide explains how to interpret the JSON companion analysis produced by `.repo_studios/scripts/producers/generate_function_analysis.py`. The analysis consumes the structural inventory generated by `generate_commandview_inventory.py`…,4467,2025-11-06T09:42:53.626079+00:00,,,,no,
.repo_studios/docs/automation,.repo_studios/docs/automation/function_analysis_guide.md,h2,Findings Structure,findings-structure,function-analysis-companion-report-guide,This guide explains how to interpret the JSON companion analysis produced by `.repo_studios/scripts/producers/generate_function_analysis.py`. The analysis consumes the structural inventory generated by `generate_commandview_inventory.py`…,4467,2025-11-06T09:42:53.626079+00:00,,,,no,
.repo_studios/docs/automation,.repo_studios/docs/automation/function_analysis_guide.md,h2,Failure Modes,failure-modes,function-analysis-companion-report-guide,This guide explains how to interpret the JSON companion analysis produced by `.repo_studios/scripts/producers/generate_function_analysis.py`. The analysis consumes the structural inventory generated by `generate_commandview_inventory.py`…,4467,2025-11-06T09:42:53.626079+00:00,,,,no,
.repo_studios/docs/automation,.repo_studios/docs/automation/function_analysis_guide.md,h2,Integrating With Tooling,integrating-with-tooling,function-analysis-companion-report-guide,This guide explains how to interpret the JSON companion analysis produced by `.repo_studios/scripts/producers/generate_function_analysis.py`. The analysis consumes the structural inventory generated by `generate_commandview_inventory.py`…,4467,2025-11-06T09:42:53.626079+00:00,,,,no,
.repo_studios/docs/automation,.repo_studios/docs/automation/function_analysis_guide.md,h2,Future Enhancements,future-enhancements,function-analysis-companion-report-guide,This guide explains how to interpret the JSON companion analysis produced by `.repo_studios/scripts/producers/generate_function_analysis.py`. The analysis consumes the structural inventory generated by `generate_commandview_inventory.py`…,4467,2025-11-06T09:42:53.626079+00:00,,,,no,
.repo_studios/docs/automation,.repo_studios/docs/automation/function_inventory_integration_plan.md,h1,Function Inventory Integration Plan,function-inventory-integration-plan,,This living checklist captures the sequential work required to integrate the Jarvis Function Inventory System into Repo Studios. We will refine and approve these steps before implementation.,19430,2025-11-08T23:02:25.037373+00:00,,,,no,
.repo_studios/docs/automation,.repo_studios/docs/automation/function_inventory_integration_plan.md,h2,Step-by-step Plan,step-by-step-plan,function-inventory-integration-plan,This living checklist captures the sequential work required to integrate the Jarvis Function Inventory System into Repo Studios. We will refine and approve these steps before implementation.,19430,2025-11-08T23:02:25.037373+00:00,,,,no,
.repo_studios/docs/automation,.repo_studios/docs/automation/function_inventory_integration_plan.md,h2,Implementation Plan (Phased Checklist),implementation-plan-phased-checklist,function-inventory-integration-plan,This living checklist captures the sequential work required to integrate the Jarvis Function Inventory System into Repo Studios. We will refine and approve these steps before implementation.,19430,2025-11-08T23:02:25.037373+00:00,,,,no,
.repo_studios/docs/automation,.repo_studios/docs/automation/function_inventory_integration_plan.md,h2,Notes Collected,notes-collected,function-inventory-integration-plan,This living checklist captures the sequential work required to integrate the Jarvis Function Inventory System into Repo Studios. We will refine and approve these steps before implementation.,19430,2025-11-08T23:02:25.037373+00:00,,,,no,
.repo_studios/docs/automation,.repo_studios/docs/automation/function_inventory_integration_plan.md,h2,Decisions Captured,decisions-captured,function-inventory-integration-plan,This living checklist captures the sequential work required to integrate the Jarvis Function Inventory System into Repo Studios. We will refine and approve these steps before implementation.,19430,2025-11-08T23:02:25.037373+00:00,,,,no,
.repo_studios/docs/automation,.repo_studios/docs/automation/function_inventory_integration_plan.md,h2,Outstanding Considerations,outstanding-considerations,function-inventory-integration-plan,This living checklist captures the sequential work required to integrate the Jarvis Function Inventory System into Repo Studios. We will refine and approve these steps before implementation.,19430,2025-11-08T23:02:25.037373+00:00,,,,no,
.repo_studios/docs/automation,.repo_studios/docs/automation/function_inventory_integration_plan.md,h2,design_decisions_required,designdecisionsrequired,function-inventory-integration-plan,This living checklist captures the sequential work required to integrate the Jarvis Function Inventory System into Repo Studios. We will refine and approve these steps before implementation.,19430,2025-11-08T23:02:25.037373+00:00,,,,no,
.repo_studios/docs/automation,.repo_studios/docs/automation/function_inventory_integration_plan.md,h2,Questions to Resolve,questions-to-resolve,function-inventory-integration-plan,This living checklist captures the sequential work required to integrate the Jarvis Function Inventory System into Repo Studios. We will refine and approve these steps before implementation.,19430,2025-11-08T23:02:25.037373+00:00,,,,no,
.repo_studios/docs/automation,.repo_studios/docs/automation/function_inventory_integration_plan.md,h2,Questions from Agent,questions-from-agent,function-inventory-integration-plan,This living checklist captures the sequential work required to integrate the Jarvis Function Inventory System into Repo Studios. We will refine and approve these steps before implementation.,19430,2025-11-08T23:02:25.037373+00:00,,,,no,
.repo_studios/docs/automation,.repo_studios/docs/automation/generate_anchor_health_report.md,h1,generate_anchor_health_report,generateanchorhealthreport,,(`.repo_studios/reports/producer_reports/anchor_inventory_reports/latest_report.json`) when present.,2260,2025-11-26T13:03:51.845884+00:00,,,,yes,
.repo_studios/docs/automation,.repo_studios/docs/automation/generate_anchor_health_report.md,h2,Purpose,purpose,generateanchorhealthreport,(`.repo_studios/reports/producer_reports/anchor_inventory_reports/latest_report.json`) when present.,2260,2025-11-26T13:03:51.845884+00:00,,,,yes,
.repo_studios/docs/automation,.repo_studios/docs/automation/generate_anchor_health_report.md,h2,Inputs,inputs,generateanchorhealthreport,(`.repo_studios/reports/producer_reports/anchor_inventory_reports/latest_report.json`) when present.,2260,2025-11-26T13:03:51.845884+00:00,,,,yes,
.repo_studios/docs/automation,.repo_studios/docs/automation/generate_anchor_health_report.md,h2,Operation Notes,operation-notes,generateanchorhealthreport,(`.repo_studios/reports/producer_reports/anchor_inventory_reports/latest_report.json`) when present.,2260,2025-11-26T13:03:51.845884+00:00,,,,yes,
.repo_studios/docs/automation,.repo_studios/docs/automation/generate_anchor_health_report.md,h2,Usage Example,usage-example,generateanchorhealthreport,(`.repo_studios/reports/producer_reports/anchor_inventory_reports/latest_report.json`) when present.,2260,2025-11-26T13:03:51.845884+00:00,,,,yes,
.repo_studios/docs/automation,.repo_studios/docs/automation/generate_anchor_health_report.md,h2,Testing,testing,generateanchorhealthreport,(`.repo_studios/reports/producer_reports/anchor_inventory_reports/latest_report.json`) when present.,2260,2025-11-26T13:03:51.845884+00:00,,,,yes,
.repo_studios/docs/automation,.repo_studios/docs/automation/generate_anchor_health_report.md,h2,Integration Checklist,integration-checklist,generateanchorhealthreport,(`.repo_studios/reports/producer_reports/anchor_inventory_reports/latest_report.json`) when present.,2260,2025-11-26T13:03:51.845884+00:00,,,,yes,
.repo_studios/docs/automation,.repo_studios/docs/automation/generate_anchor_inventory.md,h1,generate_anchor_inventory.py,generateanchorinventorypy,,"`generate_anchor_inventory.py` scans the documentation corpus for H1/H2 headings, normalises their slugs, and reports collision risk across files. The producer now also captures per-document anchor coverage so AI agents can spot missing…",4946,2025-11-25T14:01:43.710515+00:00,,,,no,
.repo_studios/docs/automation,.repo_studios/docs/automation/generate_anchor_inventory.md,h2,Purpose,purpose,generateanchorinventorypy,"`generate_anchor_inventory.py` scans the documentation corpus for H1/H2 headings, normalises their slugs, and reports collision risk across files. The producer now also captures per-document anchor coverage so AI agents can spot missing…",4946,2025-11-25T14:01:43.710515+00:00,,,,no,
.repo_studios/docs/automation,.repo_studios/docs/automation/generate_anchor_inventory.md,h2,Output Contract,output-contract,generateanchorinventorypy,"`generate_anchor_inventory.py` scans the documentation corpus for H1/H2 headings, normalises their slugs, and reports collision risk across files. The producer now also captures per-document anchor coverage so AI agents can spot missing…",4946,2025-11-25T14:01:43.710515+00:00,,,,no,
.repo_studios/docs/automation,.repo_studios/docs/automation/generate_anchor_inventory.md,h2,Data Shape,data-shape,generateanchorinventorypy,"`generate_anchor_inventory.py` scans the documentation corpus for H1/H2 headings, normalises their slugs, and reports collision risk across files. The producer now also captures per-document anchor coverage so AI agents can spot missing…",4946,2025-11-25T14:01:43.710515+00:00,,,,no,
.repo_studios/docs/automation,.repo_studios/docs/automation/generate_anchor_inventory.md,h2,CLI Reference,cli-reference,generateanchorinventorypy,"`generate_anchor_inventory.py` scans the documentation corpus for H1/H2 headings, normalises their slugs, and reports collision risk across files. The producer now also captures per-document anchor coverage so AI agents can spot missing…",4946,2025-11-25T14:01:43.710515+00:00,,,,no,
.repo_studios/docs/automation,.repo_studios/docs/automation/generate_anchor_inventory.md,h2,Implementation Summary,implementation-summary,generateanchorinventorypy,"`generate_anchor_inventory.py` scans the documentation corpus for H1/H2 headings, normalises their slugs, and reports collision risk across files. The producer now also captures per-document anchor coverage so AI agents can spot missing…",4946,2025-11-25T14:01:43.710515+00:00,,,,no,
.repo_studios/docs/automation,.repo_studios/docs/automation/generate_anchor_inventory.md,h2,Notes for AI Consumers,notes-for-ai-consumers,generateanchorinventorypy,"`generate_anchor_inventory.py` scans the documentation corpus for H1/H2 headings, normalises their slugs, and reports collision risk across files. The producer now also captures per-document anchor coverage so AI agents can spot missing…",4946,2025-11-25T14:01:43.710515+00:00,,,,no,
.repo_studios/docs/automation,.repo_studios/docs/automation/generate_code_doc_churn_report.md,h1,generate_code_doc_churn_report,generatecodedocchurnreport,,"`generate_code_doc_churn_report.py` scans recent git history to surface modules that accumulated code churn without a matching documentation update. The script produces structured artifacts (JSON, Markdown, TSV, summary) with retention and…",3127,2025-11-25T16:26:37.538852+00:00,,,,no,
.repo_studios/docs/automation,.repo_studios/docs/automation/generate_code_doc_churn_report.md,h2,Purpose,purpose,generatecodedocchurnreport,"`generate_code_doc_churn_report.py` scans recent git history to surface modules that accumulated code churn without a matching documentation update. The script produces structured artifacts (JSON, Markdown, TSV, summary) with retention and…",3127,2025-11-25T16:26:37.538852+00:00,,,,no,
.repo_studios/docs/automation,.repo_studios/docs/automation/generate_code_doc_churn_report.md,h2,Inputs,inputs,generatecodedocchurnreport,"`generate_code_doc_churn_report.py` scans recent git history to surface modules that accumulated code churn without a matching documentation update. The script produces structured artifacts (JSON, Markdown, TSV, summary) with retention and…",3127,2025-11-25T16:26:37.538852+00:00,,,,no,
.repo_studios/docs/automation,.repo_studios/docs/automation/generate_code_doc_churn_report.md,h2,Outputs,outputs,generatecodedocchurnreport,"`generate_code_doc_churn_report.py` scans recent git history to surface modules that accumulated code churn without a matching documentation update. The script produces structured artifacts (JSON, Markdown, TSV, summary) with retention and…",3127,2025-11-25T16:26:37.538852+00:00,,,,no,
.repo_studios/docs/automation,.repo_studios/docs/automation/generate_code_doc_churn_report.md,h2,Usage,usage,generatecodedocchurnreport,"`generate_code_doc_churn_report.py` scans recent git history to surface modules that accumulated code churn without a matching documentation update. The script produces structured artifacts (JSON, Markdown, TSV, summary) with retention and…",3127,2025-11-25T16:26:37.538852+00:00,,,,no,
.repo_studios/docs/automation,.repo_studios/docs/automation/generate_code_doc_churn_report.md,h2,Testing,testing,generatecodedocchurnreport,"`generate_code_doc_churn_report.py` scans recent git history to surface modules that accumulated code churn without a matching documentation update. The script produces structured artifacts (JSON, Markdown, TSV, summary) with retention and…",3127,2025-11-25T16:26:37.538852+00:00,,,,no,
.repo_studios/docs/automation,.repo_studios/docs/automation/generate_dependency_hygiene_report.md,h1,generate_dependency_hygiene_report.py,generatedependencyhygienereportpy,,"`generate_dependency_hygiene_report.py` scans pinned dependency manifests, flags risky specifications, and emits structured artifacts so agents can track hygiene regressions. Reports consolidate requirement files (and optionally…",3898,2025-10-22T23:47:19.955116+00:00,,,,no,
.repo_studios/docs/automation,.repo_studios/docs/automation/generate_dependency_hygiene_report.md,h2,Purpose,purpose,generatedependencyhygienereportpy,"`generate_dependency_hygiene_report.py` scans pinned dependency manifests, flags risky specifications, and emits structured artifacts so agents can track hygiene regressions. Reports consolidate requirement files (and optionally…",3898,2025-10-22T23:47:19.955116+00:00,,,,no,
.repo_studios/docs/automation,.repo_studios/docs/automation/generate_dependency_hygiene_report.md,h2,Invocation,invocation,generatedependencyhygienereportpy,"`generate_dependency_hygiene_report.py` scans pinned dependency manifests, flags risky specifications, and emits structured artifacts so agents can track hygiene regressions. Reports consolidate requirement files (and optionally…",3898,2025-10-22T23:47:19.955116+00:00,,,,no,
.repo_studios/docs/automation,.repo_studios/docs/automation/generate_dependency_hygiene_report.md,h2,Outputs,outputs,generatedependencyhygienereportpy,"`generate_dependency_hygiene_report.py` scans pinned dependency manifests, flags risky specifications, and emits structured artifacts so agents can track hygiene regressions. Reports consolidate requirement files (and optionally…",3898,2025-10-22T23:47:19.955116+00:00,,,,no,
.repo_studios/docs/automation,.repo_studios/docs/automation/generate_dependency_hygiene_report.md,h2,Status semantics,status-semantics,generatedependencyhygienereportpy,"`generate_dependency_hygiene_report.py` scans pinned dependency manifests, flags risky specifications, and emits structured artifacts so agents can track hygiene regressions. Reports consolidate requirement files (and optionally…",3898,2025-10-22T23:47:19.955116+00:00,,,,no,
.repo_studios/docs/automation,.repo_studios/docs/automation/generate_dependency_hygiene_report.md,h2,Testing,testing,generatedependencyhygienereportpy,"`generate_dependency_hygiene_report.py` scans pinned dependency manifests, flags risky specifications, and emits structured artifacts so agents can track hygiene regressions. Reports consolidate requirement files (and optionally…",3898,2025-10-22T23:47:19.955116+00:00,,,,no,
.repo_studios/docs/automation,.repo_studios/docs/automation/generate_dependency_hygiene_report.md,h2,Operational notes,operational-notes,generatedependencyhygienereportpy,"`generate_dependency_hygiene_report.py` scans pinned dependency manifests, flags risky specifications, and emits structured artifacts so agents can track hygiene regressions. Reports consolidate requirement files (and optionally…",3898,2025-10-22T23:47:19.955116+00:00,,,,no,
.repo_studios/docs/automation,.repo_studios/docs/automation/generate_doc_index.md,h1,generate_doc_index.py,generatedocindexpy,,"`generate_doc_index.py` emits a repo-wide inventory of Markdown documents so AI agents and operators can locate content, follow cross-links, and understand section structure without rescanning the filesystem. The producer normalises H1/H2…",6010,2025-11-25T11:20:45.453873+00:00,,,,yes,
.repo_studios/docs/automation,.repo_studios/docs/automation/generate_doc_index.md,h2,Purpose,purpose,generatedocindexpy,"`generate_doc_index.py` emits a repo-wide inventory of Markdown documents so AI agents and operators can locate content, follow cross-links, and understand section structure without rescanning the filesystem. The producer normalises H1/H2…",6010,2025-11-25T11:20:45.453873+00:00,,,,yes,
.repo_studios/docs/automation,.repo_studios/docs/automation/generate_doc_index.md,h2,Output Contract,output-contract,generatedocindexpy,"`generate_doc_index.py` emits a repo-wide inventory of Markdown documents so AI agents and operators can locate content, follow cross-links, and understand section structure without rescanning the filesystem. The producer normalises H1/H2…",6010,2025-11-25T11:20:45.453873+00:00,,,,yes,
.repo_studios/docs/automation,.repo_studios/docs/automation/generate_doc_index.md,h2,Data Shape,data-shape,generatedocindexpy,"`generate_doc_index.py` emits a repo-wide inventory of Markdown documents so AI agents and operators can locate content, follow cross-links, and understand section structure without rescanning the filesystem. The producer normalises H1/H2…",6010,2025-11-25T11:20:45.453873+00:00,,,,yes,
.repo_studios/docs/automation,.repo_studios/docs/automation/generate_doc_index.md,h2,CLI Reference,cli-reference,generatedocindexpy,"`generate_doc_index.py` emits a repo-wide inventory of Markdown documents so AI agents and operators can locate content, follow cross-links, and understand section structure without rescanning the filesystem. The producer normalises H1/H2…",6010,2025-11-25T11:20:45.453873+00:00,,,,yes,
.repo_studios/docs/automation,.repo_studios/docs/automation/generate_doc_index.md,h2,Implementation Summary,implementation-summary,generatedocindexpy,"`generate_doc_index.py` emits a repo-wide inventory of Markdown documents so AI agents and operators can locate content, follow cross-links, and understand section structure without rescanning the filesystem. The producer normalises H1/H2…",6010,2025-11-25T11:20:45.453873+00:00,,,,yes,
.repo_studios/docs/automation,.repo_studios/docs/automation/generate_doc_index.md,h2,Notes for AI Consumers,notes-for-ai-consumers,generatedocindexpy,"`generate_doc_index.py` emits a repo-wide inventory of Markdown documents so AI agents and operators can locate content, follow cross-links, and understand section structure without rescanning the filesystem. The producer normalises H1/H2…",6010,2025-11-25T11:20:45.453873+00:00,,,,yes,
.repo_studios/docs/automation,.repo_studios/docs/automation/generate_lizard_report.md,h1,generate_lizard_report.py,generatelizardreportpy,,"`generate_lizard_report.py` runs `python -m lizard` across the owned source tree, captures the JSON output, and emits structured artifacts so downstream agents can track cyclomatic complexity hotspots and long functions. It is designed to…",4795,2025-10-22T21:38:16.995302+00:00,,,,no,
.repo_studios/docs/automation,.repo_studios/docs/automation/generate_lizard_report.md,h2,Purpose,purpose,generatelizardreportpy,"`generate_lizard_report.py` runs `python -m lizard` across the owned source tree, captures the JSON output, and emits structured artifacts so downstream agents can track cyclomatic complexity hotspots and long functions. It is designed to…",4795,2025-10-22T21:38:16.995302+00:00,,,,no,
.repo_studios/docs/automation,.repo_studios/docs/automation/generate_lizard_report.md,h2,Invocation,invocation,generatelizardreportpy,"`generate_lizard_report.py` runs `python -m lizard` across the owned source tree, captures the JSON output, and emits structured artifacts so downstream agents can track cyclomatic complexity hotspots and long functions. It is designed to…",4795,2025-10-22T21:38:16.995302+00:00,,,,no,
.repo_studios/docs/automation,.repo_studios/docs/automation/generate_lizard_report.md,h2,Outputs,outputs,generatelizardreportpy,"`generate_lizard_report.py` runs `python -m lizard` across the owned source tree, captures the JSON output, and emits structured artifacts so downstream agents can track cyclomatic complexity hotspots and long functions. It is designed to…",4795,2025-10-22T21:38:16.995302+00:00,,,,no,
.repo_studios/docs/automation,.repo_studios/docs/automation/generate_lizard_report.md,h2,Status semantics,status-semantics,generatelizardreportpy,"`generate_lizard_report.py` runs `python -m lizard` across the owned source tree, captures the JSON output, and emits structured artifacts so downstream agents can track cyclomatic complexity hotspots and long functions. It is designed to…",4795,2025-10-22T21:38:16.995302+00:00,,,,no,
.repo_studios/docs/automation,.repo_studios/docs/automation/generate_lizard_report.md,h2,Testing,testing,generatelizardreportpy,"`generate_lizard_report.py` runs `python -m lizard` across the owned source tree, captures the JSON output, and emits structured artifacts so downstream agents can track cyclomatic complexity hotspots and long functions. It is designed to…",4795,2025-10-22T21:38:16.995302+00:00,,,,no,
.repo_studios/docs/automation,.repo_studios/docs/automation/generate_lizard_report.md,h2,Operational notes,operational-notes,generatelizardreportpy,"`generate_lizard_report.py` runs `python -m lizard` across the owned source tree, captures the JSON output, and emits structured artifacts so downstream agents can track cyclomatic complexity hotspots and long functions. It is designed to…",4795,2025-10-22T21:38:16.995302+00:00,,,,no,
.repo_studios/docs/automation,.repo_studios/docs/automation/generate_standards_index.md,h1,generate_standards_index.py,generatestandardsindexpy,,`generate_standards_index.py` assembles the canonical standards index and refreshes the `latest_index.yaml` pointer by blending curated seed rules with optional heuristic extractions from markdown sources. The producer now emits a…,5212,2025-11-27T17:20:15.673436+00:00,,,,no,
.repo_studios/docs/automation,.repo_studios/docs/automation/generate_standards_index.md,h2,Purpose,purpose,generatestandardsindexpy,`generate_standards_index.py` assembles the canonical standards index and refreshes the `latest_index.yaml` pointer by blending curated seed rules with optional heuristic extractions from markdown sources. The producer now emits a…,5212,2025-11-27T17:20:15.673436+00:00,,,,no,
.repo_studios/docs/automation,.repo_studios/docs/automation/generate_standards_index.md,h2,Invocation,invocation,generatestandardsindexpy,`generate_standards_index.py` assembles the canonical standards index and refreshes the `latest_index.yaml` pointer by blending curated seed rules with optional heuristic extractions from markdown sources. The producer now emits a…,5212,2025-11-27T17:20:15.673436+00:00,,,,no,
.repo_studios/docs/automation,.repo_studios/docs/automation/generate_standards_index.md,h2,Outputs,outputs,generatestandardsindexpy,`generate_standards_index.py` assembles the canonical standards index and refreshes the `latest_index.yaml` pointer by blending curated seed rules with optional heuristic extractions from markdown sources. The producer now emits a…,5212,2025-11-27T17:20:15.673436+00:00,,,,no,
.repo_studios/docs/automation,.repo_studios/docs/automation/generate_standards_index.md,h2,Status semantics,status-semantics,generatestandardsindexpy,`generate_standards_index.py` assembles the canonical standards index and refreshes the `latest_index.yaml` pointer by blending curated seed rules with optional heuristic extractions from markdown sources. The producer now emits a…,5212,2025-11-27T17:20:15.673436+00:00,,,,no,
.repo_studios/docs/automation,.repo_studios/docs/automation/generate_standards_index.md,h2,Testing,testing,generatestandardsindexpy,`generate_standards_index.py` assembles the canonical standards index and refreshes the `latest_index.yaml` pointer by blending curated seed rules with optional heuristic extractions from markdown sources. The producer now emits a…,5212,2025-11-27T17:20:15.673436+00:00,,,,no,
.repo_studios/docs/automation,.repo_studios/docs/automation/generate_standards_index.md,h2,Operational notes,operational-notes,generatestandardsindexpy,`generate_standards_index.py` assembles the canonical standards index and refreshes the `latest_index.yaml` pointer by blending curated seed rules with optional heuristic extractions from markdown sources. The producer now emits a…,5212,2025-11-27T17:20:15.673436+00:00,,,,no,
.repo_studios/docs/automation,.repo_studios/docs/automation/generate_test_coverage_inventory.md,h1,generate_test_coverage_inventory.py,generatetestcoverageinventorypy,,"`generate_test_coverage_inventory.py` ingests a Coverage.py XML report and produces a per-file inventory showing how many functions exist, how many are exercised by tests, and which remain uncovered. The producer emits JSON, Markdown, CSV,…",4223,2025-11-23T12:12:27.820382+00:00,,,,no,
.repo_studios/docs/automation,.repo_studios/docs/automation/generate_test_coverage_inventory.md,h2,Purpose,purpose,generatetestcoverageinventorypy,"`generate_test_coverage_inventory.py` ingests a Coverage.py XML report and produces a per-file inventory showing how many functions exist, how many are exercised by tests, and which remain uncovered. The producer emits JSON, Markdown, CSV,…",4223,2025-11-23T12:12:27.820382+00:00,,,,no,
.repo_studios/docs/automation,.repo_studios/docs/automation/generate_test_coverage_inventory.md,h2,Invocation,invocation,generatetestcoverageinventorypy,"`generate_test_coverage_inventory.py` ingests a Coverage.py XML report and produces a per-file inventory showing how many functions exist, how many are exercised by tests, and which remain uncovered. The producer emits JSON, Markdown, CSV,…",4223,2025-11-23T12:12:27.820382+00:00,,,,no,
.repo_studios/docs/automation,.repo_studios/docs/automation/generate_test_coverage_inventory.md,h2,Outputs,outputs,generatetestcoverageinventorypy,"`generate_test_coverage_inventory.py` ingests a Coverage.py XML report and produces a per-file inventory showing how many functions exist, how many are exercised by tests, and which remain uncovered. The producer emits JSON, Markdown, CSV,…",4223,2025-11-23T12:12:27.820382+00:00,,,,no,
.repo_studios/docs/automation,.repo_studios/docs/automation/generate_test_coverage_inventory.md,h2,Status semantics,status-semantics,generatetestcoverageinventorypy,"`generate_test_coverage_inventory.py` ingests a Coverage.py XML report and produces a per-file inventory showing how many functions exist, how many are exercised by tests, and which remain uncovered. The producer emits JSON, Markdown, CSV,…",4223,2025-11-23T12:12:27.820382+00:00,,,,no,
.repo_studios/docs/automation,.repo_studios/docs/automation/generate_test_coverage_inventory.md,h2,Testing,testing,generatetestcoverageinventorypy,"`generate_test_coverage_inventory.py` ingests a Coverage.py XML report and produces a per-file inventory showing how many functions exist, how many are exercised by tests, and which remain uncovered. The producer emits JSON, Markdown, CSV,…",4223,2025-11-23T12:12:27.820382+00:00,,,,no,
.repo_studios/docs/automation,.repo_studios/docs/automation/generate_test_coverage_inventory.md,h2,Operational notes,operational-notes,generatetestcoverageinventorypy,"`generate_test_coverage_inventory.py` ingests a Coverage.py XML report and produces a per-file inventory showing how many functions exist, how many are exercised by tests, and which remain uncovered. The producer emits JSON, Markdown, CSV,…",4223,2025-11-23T12:12:27.820382+00:00,,,,no,
.repo_studios/docs/automation,.repo_studios/docs/automation/generate_test_log_health_report.md,h1,Generate Test Log Health Report,generate-test-log-health-report,,"`generate_test_log_health_report.py` turns raw pytest output into a structured health bundle so operators can track warning spikes, failure patterns, and slow tests without rereading entire logs. The script prefers the curated JSON emitted…",4787,2025-11-29T15:33:45.034376+00:00,,,,no,
.repo_studios/docs/automation,.repo_studios/docs/automation/generate_test_log_health_report.md,h2,Purpose,purpose,generate-test-log-health-report,"`generate_test_log_health_report.py` turns raw pytest output into a structured health bundle so operators can track warning spikes, failure patterns, and slow tests without rereading entire logs. The script prefers the curated JSON emitted…",4787,2025-11-29T15:33:45.034376+00:00,,,,no,
.repo_studios/docs/automation,.repo_studios/docs/automation/generate_test_log_health_report.md,h2,Inputs,inputs,generate-test-log-health-report,"`generate_test_log_health_report.py` turns raw pytest output into a structured health bundle so operators can track warning spikes, failure patterns, and slow tests without rereading entire logs. The script prefers the curated JSON emitted…",4787,2025-11-29T15:33:45.034376+00:00,,,,no,
.repo_studios/docs/automation,.repo_studios/docs/automation/generate_test_log_health_report.md,h2,Outputs,outputs,generate-test-log-health-report,"`generate_test_log_health_report.py` turns raw pytest output into a structured health bundle so operators can track warning spikes, failure patterns, and slow tests without rereading entire logs. The script prefers the curated JSON emitted…",4787,2025-11-29T15:33:45.034376+00:00,,,,no,
.repo_studios/docs/automation,.repo_studios/docs/automation/generate_test_log_health_report.md,h2,Retention & Pruning,retention-pruning,generate-test-log-health-report,"`generate_test_log_health_report.py` turns raw pytest output into a structured health bundle so operators can track warning spikes, failure patterns, and slow tests without rereading entire logs. The script prefers the curated JSON emitted…",4787,2025-11-29T15:33:45.034376+00:00,,,,no,
.repo_studios/docs/automation,.repo_studios/docs/automation/generate_test_log_health_report.md,h2,Typical Workflow,typical-workflow,generate-test-log-health-report,"`generate_test_log_health_report.py` turns raw pytest output into a structured health bundle so operators can track warning spikes, failure patterns, and slow tests without rereading entire logs. The script prefers the curated JSON emitted…",4787,2025-11-29T15:33:45.034376+00:00,,,,no,
.repo_studios/docs/automation,.repo_studios/docs/automation/generate_test_log_health_report.md,h2,Make Target,make-target,generate-test-log-health-report,"`generate_test_log_health_report.py` turns raw pytest output into a structured health bundle so operators can track warning spikes, failure patterns, and slow tests without rereading entire logs. The script prefers the curated JSON emitted…",4787,2025-11-29T15:33:45.034376+00:00,,,,no,
.repo_studios/docs/automation,.repo_studios/docs/automation/generate_test_log_health_report.md,h2,Testing,testing,generate-test-log-health-report,"`generate_test_log_health_report.py` turns raw pytest output into a structured health bundle so operators can track warning spikes, failure patterns, and slow tests without rereading entire logs. The script prefers the curated JSON emitted…",4787,2025-11-29T15:33:45.034376+00:00,,,,no,
.repo_studios/docs/automation,.repo_studios/docs/automation/generate_test_log_health_report.md,h2,Notes,notes,generate-test-log-health-report,"`generate_test_log_health_report.py` turns raw pytest output into a structured health bundle so operators can track warning spikes, failure patterns, and slow tests without rereading entire logs. The script prefers the curated JSON emitted…",4787,2025-11-29T15:33:45.034376+00:00,,,,no,
.repo_studios/docs/automation,.repo_studios/docs/automation/generate_typecheck_report.md,h1,Typecheck Report Producer,typecheck-report-producer,,The `generate_typecheck_report.py` producer runs `mypy` with the repository defaults and captures a structured set of artifacts for observability.,1895,2025-10-23T02:03:40.458715+00:00,,,,no,
.repo_studios/docs/automation,.repo_studios/docs/automation/generate_typecheck_report.md,h2,Invocation,invocation,typecheck-report-producer,The `generate_typecheck_report.py` producer runs `mypy` with the repository defaults and captures a structured set of artifacts for observability.,1895,2025-10-23T02:03:40.458715+00:00,,,,no,
.repo_studios/docs/automation,.repo_studios/docs/automation/generate_typecheck_report.md,h2,Outputs,outputs,typecheck-report-producer,The `generate_typecheck_report.py` producer runs `mypy` with the repository defaults and captures a structured set of artifacts for observability.,1895,2025-10-23T02:03:40.458715+00:00,,,,no,
.repo_studios/docs/automation,.repo_studios/docs/automation/generate_typecheck_report.md,h2,Testing,testing,typecheck-report-producer,The `generate_typecheck_report.py` producer runs `mypy` with the repository defaults and captures a structured set of artifacts for observability.,1895,2025-10-23T02:03:40.458715+00:00,,,,no,
.repo_studios/docs/automation,.repo_studios/docs/automation/generate_undocumented_logic_report.md,h1,generate_undocumented_logic_report,generateundocumentedlogicreport,,"`generate_undocumented_logic_report.py` scans the repo automation scripts for public functions, classes, and methods that lack docstrings. The report helps identify code paths that should have documentation anchors or docstring coverage…",2696,2025-11-25T18:18:22.678815+00:00,,,,no,
.repo_studios/docs/automation,.repo_studios/docs/automation/generate_undocumented_logic_report.md,h2,Purpose,purpose,generateundocumentedlogicreport,"`generate_undocumented_logic_report.py` scans the repo automation scripts for public functions, classes, and methods that lack docstrings. The report helps identify code paths that should have documentation anchors or docstring coverage…",2696,2025-11-25T18:18:22.678815+00:00,,,,no,
.repo_studios/docs/automation,.repo_studios/docs/automation/generate_undocumented_logic_report.md,h2,Inputs,inputs,generateundocumentedlogicreport,"`generate_undocumented_logic_report.py` scans the repo automation scripts for public functions, classes, and methods that lack docstrings. The report helps identify code paths that should have documentation anchors or docstring coverage…",2696,2025-11-25T18:18:22.678815+00:00,,,,no,
.repo_studios/docs/automation,.repo_studios/docs/automation/generate_undocumented_logic_report.md,h2,Outputs,outputs,generateundocumentedlogicreport,"`generate_undocumented_logic_report.py` scans the repo automation scripts for public functions, classes, and methods that lack docstrings. The report helps identify code paths that should have documentation anchors or docstring coverage…",2696,2025-11-25T18:18:22.678815+00:00,,,,no,
.repo_studios/docs/automation,.repo_studios/docs/automation/generate_undocumented_logic_report.md,h2,Usage,usage,generateundocumentedlogicreport,"`generate_undocumented_logic_report.py` scans the repo automation scripts for public functions, classes, and methods that lack docstrings. The report helps identify code paths that should have documentation anchors or docstring coverage…",2696,2025-11-25T18:18:22.678815+00:00,,,,no,
.repo_studios/docs/automation,.repo_studios/docs/automation/generate_undocumented_logic_report.md,h2,Testing,testing,generateundocumentedlogicreport,"`generate_undocumented_logic_report.py` scans the repo automation scripts for public functions, classes, and methods that lack docstrings. The report helps identify code paths that should have documentation anchors or docstring coverage…",2696,2025-11-25T18:18:22.678815+00:00,,,,no,
.repo_studios/docs/automation,.repo_studios/docs/automation/healthview_onboarding.md,h1,Healthview Command Center Onboarding,healthview-command-center-onboarding,,"This guide equips Command Center operators and automation engineers with the steps required to publish, surface, and validate Healthview artifacts alongside existing CommandView data. It summarises the wiring required for selector…",5816,2025-12-05T17:51:51.895465+00:00,,,,no,
.repo_studios/docs/automation,.repo_studios/docs/automation/healthview_onboarding.md,h2,Purpose,purpose,healthview-command-center-onboarding,"This guide equips Command Center operators and automation engineers with the steps required to publish, surface, and validate Healthview artifacts alongside existing CommandView data. It summarises the wiring required for selector…",5816,2025-12-05T17:51:51.895465+00:00,,,,no,
.repo_studios/docs/automation,.repo_studios/docs/automation/healthview_onboarding.md,h2,Audience and Scope,audience-and-scope,healthview-command-center-onboarding,"This guide equips Command Center operators and automation engineers with the steps required to publish, surface, and validate Healthview artifacts alongside existing CommandView data. It summarises the wiring required for selector…",5816,2025-12-05T17:51:51.895465+00:00,,,,no,
.repo_studios/docs/automation,.repo_studios/docs/automation/healthview_onboarding.md,h2,Prerequisites,prerequisites,healthview-command-center-onboarding,"This guide equips Command Center operators and automation engineers with the steps required to publish, surface, and validate Healthview artifacts alongside existing CommandView data. It summarises the wiring required for selector…",5816,2025-12-05T17:51:51.895465+00:00,,,,no,
.repo_studios/docs/automation,.repo_studios/docs/automation/healthview_onboarding.md,h2,Healthview Bundle Layout,healthview-bundle-layout,healthview-command-center-onboarding,"This guide equips Command Center operators and automation engineers with the steps required to publish, surface, and validate Healthview artifacts alongside existing CommandView data. It summarises the wiring required for selector…",5816,2025-12-05T17:51:51.895465+00:00,,,,no,
.repo_studios/docs/automation,.repo_studios/docs/automation/healthview_onboarding.md,h2,Selector Wiring,selector-wiring,healthview-command-center-onboarding,"This guide equips Command Center operators and automation engineers with the steps required to publish, surface, and validate Healthview artifacts alongside existing CommandView data. It summarises the wiring required for selector…",5816,2025-12-05T17:51:51.895465+00:00,,,,no,
.repo_studios/docs/automation,.repo_studios/docs/automation/healthview_onboarding.md,h2,Viewer Tab Integration,viewer-tab-integration,healthview-command-center-onboarding,"This guide equips Command Center operators and automation engineers with the steps required to publish, surface, and validate Healthview artifacts alongside existing CommandView data. It summarises the wiring required for selector…",5816,2025-12-05T17:51:51.895465+00:00,,,,no,
.repo_studios/docs/automation,.repo_studios/docs/automation/healthview_onboarding.md,h2,JavaScript and CSS Considerations,javascript-and-css-considerations,healthview-command-center-onboarding,"This guide equips Command Center operators and automation engineers with the steps required to publish, surface, and validate Healthview artifacts alongside existing CommandView data. It summarises the wiring required for selector…",5816,2025-12-05T17:51:51.895465+00:00,,,,no,
.repo_studios/docs/automation,.repo_studios/docs/automation/healthview_onboarding.md,h2,Validation Checklist,validation-checklist,healthview-command-center-onboarding,"This guide equips Command Center operators and automation engineers with the steps required to publish, surface, and validate Healthview artifacts alongside existing CommandView data. It summarises the wiring required for selector…",5816,2025-12-05T17:51:51.895465+00:00,,,,no,
.repo_studios/docs/automation,.repo_studios/docs/automation/healthview_onboarding.md,h2,Operational Notes,operational-notes,healthview-command-center-onboarding,"This guide equips Command Center operators and automation engineers with the steps required to publish, surface, and validate Healthview artifacts alongside existing CommandView data. It summarises the wiring required for selector…",5816,2025-12-05T17:51:51.895465+00:00,,,,no,
.repo_studios/docs/automation,.repo_studios/docs/automation/healthview_onboarding.md,h2,References,references,healthview-command-center-onboarding,"This guide equips Command Center operators and automation engineers with the steps required to publish, surface, and validate Healthview artifacts alongside existing CommandView data. It summarises the wiring required for selector…",5816,2025-12-05T17:51:51.895465+00:00,,,,no,
.repo_studios/docs/automation,.repo_studios/docs/automation/orchestrator_automation_hooks.md,h1,Orchestrator Automation Hooks,orchestrator-automation-hooks,,"This reference captures the current run surfaces, automation wiring, and success criteria for the Repo Studios orchestrator tier. Record changes here before altering orchestrator code so downstream automation stays aligned with expected…",9773,2025-12-05T18:36:00.307241+00:00,,,,yes,
.repo_studios/docs/automation,.repo_studios/docs/automation/orchestrator_automation_hooks.md,h2,Migration Notices (2025-12-05),migration-notices-2025-12-05,orchestrator-automation-hooks,"This reference captures the current run surfaces, automation wiring, and success criteria for the Repo Studios orchestrator tier. Record changes here before altering orchestrator code so downstream automation stays aligned with expected…",9773,2025-12-05T18:36:00.307241+00:00,,,,yes,
.repo_studios/docs/automation,.repo_studios/docs/automation/orchestrator_automation_hooks.md,h2,Notes,notes,orchestrator-automation-hooks,"This reference captures the current run surfaces, automation wiring, and success criteria for the Repo Studios orchestrator tier. Record changes here before altering orchestrator code so downstream automation stays aligned with expected…",9773,2025-12-05T18:36:00.307241+00:00,,,,yes,
.repo_studios/docs/automation,.repo_studios/docs/automation/refactor_library_integration_notes.md,h1,Refactor Library Integration Notes,refactor-library-integration-notes,,"Legend: ✓ complete, 🔄 in-progress research, 🚧 blocked by dependencies, ⚠️ risk, 📌 planned decision, ❓ unanswered question, 💤 deferred.",8675,2025-10-24T17:35:53.640323+00:00,,,,no,
.repo_studios/docs/automation,.repo_studios/docs/automation/refactor_library_integration_notes.md,h2,Phase Snapshot,phase-snapshot,refactor-library-integration-notes,"Legend: ✓ complete, 🔄 in-progress research, 🚧 blocked by dependencies, ⚠️ risk, 📌 planned decision, ❓ unanswered question, 💤 deferred.",8675,2025-10-24T17:35:53.640323+00:00,,,,no,
.repo_studios/docs/automation,.repo_studios/docs/automation/refactor_library_integration_notes.md,h2,Key Assets Provided (Phases 1–3),key-assets-provided-phases-13,refactor-library-integration-notes,"Legend: ✓ complete, 🔄 in-progress research, 🚧 blocked by dependencies, ⚠️ risk, 📌 planned decision, ❓ unanswered question, 💤 deferred.",8675,2025-10-24T17:35:53.640323+00:00,,,,no,
.repo_studios/docs/automation,.repo_studios/docs/automation/refactor_library_integration_notes.md,h2,Alignment Considerations,alignment-considerations,refactor-library-integration-notes,"Legend: ✓ complete, 🔄 in-progress research, 🚧 blocked by dependencies, ⚠️ risk, 📌 planned decision, ❓ unanswered question, 💤 deferred.",8675,2025-10-24T17:35:53.640323+00:00,,,,no,
.repo_studios/docs/automation,.repo_studios/docs/automation/refactor_library_integration_notes.md,h2,Research Actions (Open),research-actions-open,refactor-library-integration-notes,"Legend: ✓ complete, 🔄 in-progress research, 🚧 blocked by dependencies, ⚠️ risk, 📌 planned decision, ❓ unanswered question, 💤 deferred.",8675,2025-10-24T17:35:53.640323+00:00,,,,no,
.repo_studios/docs/automation,.repo_studios/docs/automation/refactor_library_integration_notes.md,h2,Decision Log (Pending),decision-log-pending,refactor-library-integration-notes,"Legend: ✓ complete, 🔄 in-progress research, 🚧 blocked by dependencies, ⚠️ risk, 📌 planned decision, ❓ unanswered question, 💤 deferred.",8675,2025-10-24T17:35:53.640323+00:00,,,,no,
.repo_studios/docs/automation,.repo_studios/docs/automation/refactor_library_integration_notes.md,h2,References,references,refactor-library-integration-notes,"Legend: ✓ complete, 🔄 in-progress research, 🚧 blocked by dependencies, ⚠️ risk, 📌 planned decision, ❓ unanswered question, 💤 deferred.",8675,2025-10-24T17:35:53.640323+00:00,,,,no,
.repo_studios/docs/automation,.repo_studios/docs/automation/refresh_mypy_baselines.md,h1,Refresh mypy baselines,refresh-mypy-baselines,,"`refresh_mypy_baselines.py` standardises the stored mypy output snapshots that agents and soft gates consume. It runs mypy for each configured target, writes structured artifacts into…",1999,2025-11-29T04:07:24.447006+00:00,,,,no,
.repo_studios/docs/automation,.repo_studios/docs/automation/refresh_mypy_baselines.md,h2,Purpose,purpose,refresh-mypy-baselines,"`refresh_mypy_baselines.py` standardises the stored mypy output snapshots that agents and soft gates consume. It runs mypy for each configured target, writes structured artifacts into…",1999,2025-11-29T04:07:24.447006+00:00,,,,no,
.repo_studios/docs/automation,.repo_studios/docs/automation/refresh_mypy_baselines.md,h2,Invocation,invocation,refresh-mypy-baselines,"`refresh_mypy_baselines.py` standardises the stored mypy output snapshots that agents and soft gates consume. It runs mypy for each configured target, writes structured artifacts into…",1999,2025-11-29T04:07:24.447006+00:00,,,,no,
.repo_studios/docs/automation,.repo_studios/docs/automation/refresh_mypy_baselines.md,h2,Outputs,outputs,refresh-mypy-baselines,"`refresh_mypy_baselines.py` standardises the stored mypy output snapshots that agents and soft gates consume. It runs mypy for each configured target, writes structured artifacts into…",1999,2025-11-29T04:07:24.447006+00:00,,,,no,
.repo_studios/docs/automation,.repo_studios/docs/automation/refresh_mypy_baselines.md,h2,Retention,retention,refresh-mypy-baselines,"`refresh_mypy_baselines.py` standardises the stored mypy output snapshots that agents and soft gates consume. It runs mypy for each configured target, writes structured artifacts into…",1999,2025-11-29T04:07:24.447006+00:00,,,,no,
.repo_studios/docs/automation,.repo_studios/docs/automation/refresh_mypy_baselines.md,h2,Validation,validation,refresh-mypy-baselines,"`refresh_mypy_baselines.py` standardises the stored mypy output snapshots that agents and soft gates consume. It runs mypy for each configured target, writes structured artifacts into…",1999,2025-11-29T04:07:24.447006+00:00,,,,no,
.repo_studios/docs/automation,.repo_studios/docs/automation/render_inventory_views.md,h1,Render Inventory Views Producer,render-inventory-views-producer,,"The `render_inventory_views.py` producer assembles the inventory YAML sources into curated document, script, and test views while exporting them as structured artifacts for downstream automation.",2019,2025-10-23T09:50:23.539274+00:00,,,,no,
.repo_studios/docs/automation,.repo_studios/docs/automation/render_inventory_views.md,h2,Invocation,invocation,render-inventory-views-producer,"The `render_inventory_views.py` producer assembles the inventory YAML sources into curated document, script, and test views while exporting them as structured artifacts for downstream automation.",2019,2025-10-23T09:50:23.539274+00:00,,,,no,
.repo_studios/docs/automation,.repo_studios/docs/automation/render_inventory_views.md,h2,Outputs,outputs,render-inventory-views-producer,"The `render_inventory_views.py` producer assembles the inventory YAML sources into curated document, script, and test views while exporting them as structured artifacts for downstream automation.",2019,2025-10-23T09:50:23.539274+00:00,,,,no,
.repo_studios/docs/automation,.repo_studios/docs/automation/render_inventory_views.md,h2,Testing,testing,render-inventory-views-producer,"The `render_inventory_views.py` producer assembles the inventory YAML sources into curated document, script, and test views while exporting them as structured artifacts for downstream automation.",2019,2025-10-23T09:50:23.539274+00:00,,,,no,
.repo_studios/docs/automation,.repo_studios/docs/automation/run_fault_pipeline.md,h1,Fault Diagnostics Overview Orchestrator,fault-diagnostics-overview-orchestrator,,"`command_center/scripts/orchestrators/run_fault_diagnostics_overview.py` coordinates the faulthandler producer (`collect_faulthandler_reports.py`), consumer (`generate_fault_artifacts.py`), and the overview summarizer…",4338,2025-12-01T13:19:36.907672+00:00,,,,no,
.repo_studios/docs/automation,.repo_studios/docs/automation/run_fault_pipeline.md,h2,Overview,overview,fault-diagnostics-overview-orchestrator,"`command_center/scripts/orchestrators/run_fault_diagnostics_overview.py` coordinates the faulthandler producer (`collect_faulthandler_reports.py`), consumer (`generate_fault_artifacts.py`), and the overview summarizer…",4338,2025-12-01T13:19:36.907672+00:00,,,,no,
.repo_studios/docs/automation,.repo_studios/docs/automation/run_fault_pipeline.md,h2,Invocation,invocation,fault-diagnostics-overview-orchestrator,"`command_center/scripts/orchestrators/run_fault_diagnostics_overview.py` coordinates the faulthandler producer (`collect_faulthandler_reports.py`), consumer (`generate_fault_artifacts.py`), and the overview summarizer…",4338,2025-12-01T13:19:36.907672+00:00,,,,no,
.repo_studios/docs/automation,.repo_studios/docs/automation/run_fault_pipeline.md,h2,Outputs,outputs,fault-diagnostics-overview-orchestrator,"`command_center/scripts/orchestrators/run_fault_diagnostics_overview.py` coordinates the faulthandler producer (`collect_faulthandler_reports.py`), consumer (`generate_fault_artifacts.py`), and the overview summarizer…",4338,2025-12-01T13:19:36.907672+00:00,,,,no,
.repo_studios/docs/automation,.repo_studios/docs/automation/run_fault_pipeline.md,h2,Testing,testing,fault-diagnostics-overview-orchestrator,"`command_center/scripts/orchestrators/run_fault_diagnostics_overview.py` coordinates the faulthandler producer (`collect_faulthandler_reports.py`), consumer (`generate_fault_artifacts.py`), and the overview summarizer…",4338,2025-12-01T13:19:36.907672+00:00,,,,no,
.repo_studios/docs/automation,.repo_studios/docs/automation/run_fault_pipeline.md,h2,Follow-Ups,follow-ups,fault-diagnostics-overview-orchestrator,"`command_center/scripts/orchestrators/run_fault_diagnostics_overview.py` coordinates the faulthandler producer (`collect_faulthandler_reports.py`), consumer (`generate_fault_artifacts.py`), and the overview summarizer…",4338,2025-12-01T13:19:36.907672+00:00,,,,no,
.repo_studios/docs/automation,.repo_studios/docs/automation/run_pytest_log_capture.md,h1,run_pytest_log_capture.py,runpytestlogcapturepy,,`run_pytest_log_capture.py` executes the repository's pytest suite (or summarizes an existing run) and emits a structured artifact bundle alongside timestamped raw outputs under…,5605,2025-11-28T14:18:05.288540+00:00,,,,no,
.repo_studios/docs/automation,.repo_studios/docs/automation/run_pytest_log_capture.md,h2,Overview,overview,runpytestlogcapturepy,`run_pytest_log_capture.py` executes the repository's pytest suite (or summarizes an existing run) and emits a structured artifact bundle alongside timestamped raw outputs under…,5605,2025-11-28T14:18:05.288540+00:00,,,,no,
.repo_studios/docs/automation,.repo_studios/docs/automation/run_pytest_log_capture.md,h2,Invocation,invocation,runpytestlogcapturepy,`run_pytest_log_capture.py` executes the repository's pytest suite (or summarizes an existing run) and emits a structured artifact bundle alongside timestamped raw outputs under…,5605,2025-11-28T14:18:05.288540+00:00,,,,no,
.repo_studios/docs/automation,.repo_studios/docs/automation/run_pytest_log_capture.md,h2,Outputs,outputs,runpytestlogcapturepy,`run_pytest_log_capture.py` executes the repository's pytest suite (or summarizes an existing run) and emits a structured artifact bundle alongside timestamped raw outputs under…,5605,2025-11-28T14:18:05.288540+00:00,,,,no,
.repo_studios/docs/automation,.repo_studios/docs/automation/run_pytest_log_capture.md,h2,Diagnostics,diagnostics,runpytestlogcapturepy,`run_pytest_log_capture.py` executes the repository's pytest suite (or summarizes an existing run) and emits a structured artifact bundle alongside timestamped raw outputs under…,5605,2025-11-28T14:18:05.288540+00:00,,,,no,
.repo_studios/docs/automation,.repo_studios/docs/automation/run_pytest_log_capture.md,h2,Testing,testing,runpytestlogcapturepy,`run_pytest_log_capture.py` executes the repository's pytest suite (or summarizes an existing run) and emits a structured artifact bundle alongside timestamped raw outputs under…,5605,2025-11-28T14:18:05.288540+00:00,,,,no,
.repo_studios/docs/automation,.repo_studios/docs/automation/run_pytest_log_capture.md,h2,Operational Notes,operational-notes,runpytestlogcapturepy,`run_pytest_log_capture.py` executes the repository's pytest suite (or summarizes an existing run) and emits a structured artifact bundle alongside timestamped raw outputs under…,5605,2025-11-28T14:18:05.288540+00:00,,,,no,
.repo_studios/docs/automation,.repo_studios/docs/automation/run_standards_index_cli.md,h1,run_standards_index_cli.py,runstandardsindexclipy,,"`run_standards_index_cli.py` wraps the Repo Studios standards index in a modernized orchestrator surface. The CLI still prints human-friendly results for `list`, `search`, `show`, and `stats`, while now emitting structured bundles so…",5773,2025-12-01T21:08:14.310575+00:00,,,,no,
.repo_studios/docs/automation,.repo_studios/docs/automation/run_standards_index_cli.md,h2,Overview,overview,runstandardsindexclipy,"`run_standards_index_cli.py` wraps the Repo Studios standards index in a modernized orchestrator surface. The CLI still prints human-friendly results for `list`, `search`, `show`, and `stats`, while now emitting structured bundles so…",5773,2025-12-01T21:08:14.310575+00:00,,,,no,
.repo_studios/docs/automation,.repo_studios/docs/automation/run_standards_index_cli.md,h2,Invocation,invocation,runstandardsindexclipy,"`run_standards_index_cli.py` wraps the Repo Studios standards index in a modernized orchestrator surface. The CLI still prints human-friendly results for `list`, `search`, `show`, and `stats`, while now emitting structured bundles so…",5773,2025-12-01T21:08:14.310575+00:00,,,,no,
.repo_studios/docs/automation,.repo_studios/docs/automation/run_standards_index_cli.md,h2,Outputs,outputs,runstandardsindexclipy,"`run_standards_index_cli.py` wraps the Repo Studios standards index in a modernized orchestrator surface. The CLI still prints human-friendly results for `list`, `search`, `show`, and `stats`, while now emitting structured bundles so…",5773,2025-12-01T21:08:14.310575+00:00,,,,no,
.repo_studios/docs/automation,.repo_studios/docs/automation/run_standards_index_cli.md,h2,Diagnostics,diagnostics,runstandardsindexclipy,"`run_standards_index_cli.py` wraps the Repo Studios standards index in a modernized orchestrator surface. The CLI still prints human-friendly results for `list`, `search`, `show`, and `stats`, while now emitting structured bundles so…",5773,2025-12-01T21:08:14.310575+00:00,,,,no,
.repo_studios/docs/automation,.repo_studios/docs/automation/run_standards_index_cli.md,h2,Testing,testing,runstandardsindexclipy,"`run_standards_index_cli.py` wraps the Repo Studios standards index in a modernized orchestrator surface. The CLI still prints human-friendly results for `list`, `search`, `show`, and `stats`, while now emitting structured bundles so…",5773,2025-12-01T21:08:14.310575+00:00,,,,no,
.repo_studios/docs/automation,.repo_studios/docs/automation/run_standards_index_cli.md,h2,Operational Notes,operational-notes,runstandardsindexclipy,"`run_standards_index_cli.py` wraps the Repo Studios standards index in a modernized orchestrator surface. The CLI still prints human-friendly results for `list`, `search`, `show`, and `stats`, while now emitting structured bundles so…",5773,2025-12-01T21:08:14.310575+00:00,,,,no,
.repo_studios/docs/automation,.repo_studios/docs/automation/scan_code_placeholders.md,h1,scan_code_placeholders.py,scancodeplaceholderspy,,"`scan_code_placeholders.py` inventories debt markers such as TODO, FIXME, and NOTE across the repository. The producer emits structured artifacts so agents can track placeholder volume, identify hot files, and gate builds on unapproved…",6420,2025-11-25T00:22:28.965573+00:00,,,,yes,
.repo_studios/docs/automation,.repo_studios/docs/automation/scan_code_placeholders.md,h2,Purpose,purpose,scancodeplaceholderspy,"`scan_code_placeholders.py` inventories debt markers such as TODO, FIXME, and NOTE across the repository. The producer emits structured artifacts so agents can track placeholder volume, identify hot files, and gate builds on unapproved…",6420,2025-11-25T00:22:28.965573+00:00,,,,yes,
.repo_studios/docs/automation,.repo_studios/docs/automation/scan_code_placeholders.md,h2,Invocation,invocation,scancodeplaceholderspy,"`scan_code_placeholders.py` inventories debt markers such as TODO, FIXME, and NOTE across the repository. The producer emits structured artifacts so agents can track placeholder volume, identify hot files, and gate builds on unapproved…",6420,2025-11-25T00:22:28.965573+00:00,,,,yes,
.repo_studios/docs/automation,.repo_studios/docs/automation/scan_code_placeholders.md,h2,Outputs,outputs,scancodeplaceholderspy,"`scan_code_placeholders.py` inventories debt markers such as TODO, FIXME, and NOTE across the repository. The producer emits structured artifacts so agents can track placeholder volume, identify hot files, and gate builds on unapproved…",6420,2025-11-25T00:22:28.965573+00:00,,,,yes,
.repo_studios/docs/automation,.repo_studios/docs/automation/scan_code_placeholders.md,h2,Diagnostics,diagnostics,scancodeplaceholderspy,"`scan_code_placeholders.py` inventories debt markers such as TODO, FIXME, and NOTE across the repository. The producer emits structured artifacts so agents can track placeholder volume, identify hot files, and gate builds on unapproved…",6420,2025-11-25T00:22:28.965573+00:00,,,,yes,
.repo_studios/docs/automation,.repo_studios/docs/automation/scan_code_placeholders.md,h2,Allowlist format,allowlist-format,scancodeplaceholderspy,"`scan_code_placeholders.py` inventories debt markers such as TODO, FIXME, and NOTE across the repository. The producer emits structured artifacts so agents can track placeholder volume, identify hot files, and gate builds on unapproved…",6420,2025-11-25T00:22:28.965573+00:00,,,,yes,
.repo_studios/docs/automation,.repo_studios/docs/automation/scan_code_placeholders.md,h2,Testing,testing,scancodeplaceholderspy,"`scan_code_placeholders.py` inventories debt markers such as TODO, FIXME, and NOTE across the repository. The producer emits structured artifacts so agents can track placeholder volume, identify hot files, and gate builds on unapproved…",6420,2025-11-25T00:22:28.965573+00:00,,,,yes,
.repo_studios/docs/automation,.repo_studios/docs/automation/scan_code_placeholders.md,h2,Operational notes,operational-notes,scancodeplaceholderspy,"`scan_code_placeholders.py` inventories debt markers such as TODO, FIXME, and NOTE across the repository. The producer emits structured artifacts so agents can track placeholder volume, identify hot files, and gate builds on unapproved…",6420,2025-11-25T00:22:28.965573+00:00,,,,yes,
.repo_studios/docs/automation,.repo_studios/docs/automation/scan_monkey_patches.md,h1,scan_monkey_patches.py,scanmonkeypatchespy,,"`scan_monkey_patches.py` inventories monkey patch activity across the repository. It identifies attribute reassignments, `sys.modules` rewrites, import-time side effects, and other high-risk behaviors so automation can monitor drift and…",5224,2025-11-23T22:11:45.717043+00:00,,,,no,
.repo_studios/docs/automation,.repo_studios/docs/automation/scan_monkey_patches.md,h2,Purpose,purpose,scanmonkeypatchespy,"`scan_monkey_patches.py` inventories monkey patch activity across the repository. It identifies attribute reassignments, `sys.modules` rewrites, import-time side effects, and other high-risk behaviors so automation can monitor drift and…",5224,2025-11-23T22:11:45.717043+00:00,,,,no,
.repo_studios/docs/automation,.repo_studios/docs/automation/scan_monkey_patches.md,h2,Invocation,invocation,scanmonkeypatchespy,"`scan_monkey_patches.py` inventories monkey patch activity across the repository. It identifies attribute reassignments, `sys.modules` rewrites, import-time side effects, and other high-risk behaviors so automation can monitor drift and…",5224,2025-11-23T22:11:45.717043+00:00,,,,no,
.repo_studios/docs/automation,.repo_studios/docs/automation/scan_monkey_patches.md,h2,Outputs,outputs,scanmonkeypatchespy,"`scan_monkey_patches.py` inventories monkey patch activity across the repository. It identifies attribute reassignments, `sys.modules` rewrites, import-time side effects, and other high-risk behaviors so automation can monitor drift and…",5224,2025-11-23T22:11:45.717043+00:00,,,,no,
.repo_studios/docs/automation,.repo_studios/docs/automation/scan_monkey_patches.md,h2,Diagnostics,diagnostics,scanmonkeypatchespy,"`scan_monkey_patches.py` inventories monkey patch activity across the repository. It identifies attribute reassignments, `sys.modules` rewrites, import-time side effects, and other high-risk behaviors so automation can monitor drift and…",5224,2025-11-23T22:11:45.717043+00:00,,,,no,
.repo_studios/docs/automation,.repo_studios/docs/automation/scan_monkey_patches.md,h2,Testing,testing,scanmonkeypatchespy,"`scan_monkey_patches.py` inventories monkey patch activity across the repository. It identifies attribute reassignments, `sys.modules` rewrites, import-time side effects, and other high-risk behaviors so automation can monitor drift and…",5224,2025-11-23T22:11:45.717043+00:00,,,,no,
.repo_studios/docs/automation,.repo_studios/docs/automation/scan_monkey_patches.md,h2,Operational notes,operational-notes,scanmonkeypatchespy,"`scan_monkey_patches.py` inventories monkey patch activity across the repository. It identifies attribute reassignments, `sys.modules` rewrites, import-time side effects, and other high-risk behaviors so automation can monitor drift and…",5224,2025-11-23T22:11:45.717043+00:00,,,,no,
.repo_studios/docs/automation,.repo_studios/docs/automation/seed_standards_prompts.md,h1,seed_standards_prompts.py,seedstandardspromptspy,,"`seed_standards_prompts.py` distills the standards index into compact prompt seeds for AI workflows. It selects critical, error, and optionally warn rules, groups them by category, and publishes structured bundles so downstream agents can…",3787,2025-11-27T17:20:15.674439+00:00,,,,no,
.repo_studios/docs/automation,.repo_studios/docs/automation/seed_standards_prompts.md,h2,Purpose,purpose,seedstandardspromptspy,"`seed_standards_prompts.py` distills the standards index into compact prompt seeds for AI workflows. It selects critical, error, and optionally warn rules, groups them by category, and publishes structured bundles so downstream agents can…",3787,2025-11-27T17:20:15.674439+00:00,,,,no,
.repo_studios/docs/automation,.repo_studios/docs/automation/seed_standards_prompts.md,h2,Invocation,invocation,seedstandardspromptspy,"`seed_standards_prompts.py` distills the standards index into compact prompt seeds for AI workflows. It selects critical, error, and optionally warn rules, groups them by category, and publishes structured bundles so downstream agents can…",3787,2025-11-27T17:20:15.674439+00:00,,,,no,
.repo_studios/docs/automation,.repo_studios/docs/automation/seed_standards_prompts.md,h2,Outputs,outputs,seedstandardspromptspy,"`seed_standards_prompts.py` distills the standards index into compact prompt seeds for AI workflows. It selects critical, error, and optionally warn rules, groups them by category, and publishes structured bundles so downstream agents can…",3787,2025-11-27T17:20:15.674439+00:00,,,,no,
.repo_studios/docs/automation,.repo_studios/docs/automation/seed_standards_prompts.md,h2,Diagnostics,diagnostics,seedstandardspromptspy,"`seed_standards_prompts.py` distills the standards index into compact prompt seeds for AI workflows. It selects critical, error, and optionally warn rules, groups them by category, and publishes structured bundles so downstream agents can…",3787,2025-11-27T17:20:15.674439+00:00,,,,no,
.repo_studios/docs/automation,.repo_studios/docs/automation/seed_standards_prompts.md,h2,Testing,testing,seedstandardspromptspy,"`seed_standards_prompts.py` distills the standards index into compact prompt seeds for AI workflows. It selects critical, error, and optionally warn rules, groups them by category, and publishes structured bundles so downstream agents can…",3787,2025-11-27T17:20:15.674439+00:00,,,,no,
.repo_studios/docs/automation,.repo_studios/docs/automation/seed_standards_prompts.md,h2,Operational notes,operational-notes,seedstandardspromptspy,"`seed_standards_prompts.py` distills the standards index into compact prompt seeds for AI workflows. It selects critical, error, and optionally warn rules, groups them by category, and publishes structured bundles so downstream agents can…",3787,2025-11-27T17:20:15.674439+00:00,,,,no,
.repo_studios/docs/automation,.repo_studios/docs/automation/standards-extraction-spec.md,h1,Standards Rule Extraction Specification,standards-rule-extraction-specification,,Defines deterministic heuristic pipeline converting Markdown standards sources into normalized `rule` objects prior to overrides.,6217,2025-10-21T12:02:58.658325+00:00,standards;automation;extraction,repo_studios_ai,draft,no,
.repo_studios/docs/automation,.repo_studios/docs/automation/standards-extraction-spec.md,h2,Goals,goals,standards-rule-extraction-specification,Defines deterministic heuristic pipeline converting Markdown standards sources into normalized `rule` objects prior to overrides.,6217,2025-10-21T12:02:58.658325+00:00,standards;automation;extraction,repo_studios_ai,draft,no,
.repo_studios/docs/automation,.repo_studios/docs/automation/standards-extraction-spec.md,h2,Input Sources,input-sources,standards-rule-extraction-specification,Defines deterministic heuristic pipeline converting Markdown standards sources into normalized `rule` objects prior to overrides.,6217,2025-10-21T12:02:58.658325+00:00,standards;automation;extraction,repo_studios_ai,draft,no,
.repo_studios/docs/automation,.repo_studios/docs/automation/standards-extraction-spec.md,h2,Pipeline Stages,pipeline-stages,standards-rule-extraction-specification,Defines deterministic heuristic pipeline converting Markdown standards sources into normalized `rule` objects prior to overrides.,6217,2025-10-21T12:02:58.658325+00:00,standards;automation;extraction,repo_studios_ai,draft,no,
.repo_studios/docs/automation,.repo_studios/docs/automation/standards-extraction-spec.md,h2,Candidate Detection,candidate-detection,standards-rule-extraction-specification,Defines deterministic heuristic pipeline converting Markdown standards sources into normalized `rule` objects prior to overrides.,6217,2025-10-21T12:02:58.658325+00:00,standards;automation;extraction,repo_studios_ai,draft,no,
.repo_studios/docs/automation,.repo_studios/docs/automation/standards-extraction-spec.md,h2,Normalization,normalization,standards-rule-extraction-specification,Defines deterministic heuristic pipeline converting Markdown standards sources into normalized `rule` objects prior to overrides.,6217,2025-10-21T12:02:58.658325+00:00,standards;automation;extraction,repo_studios_ai,draft,no,
.repo_studios/docs/automation,.repo_studios/docs/automation/standards-extraction-spec.md,h2,Rationale Derivation,rationale-derivation,standards-rule-extraction-specification,Defines deterministic heuristic pipeline converting Markdown standards sources into normalized `rule` objects prior to overrides.,6217,2025-10-21T12:02:58.658325+00:00,standards;automation;extraction,repo_studios_ai,draft,no,
.repo_studios/docs/automation,.repo_studios/docs/automation/standards-extraction-spec.md,h2,Severity Heuristic,severity-heuristic,standards-rule-extraction-specification,Defines deterministic heuristic pipeline converting Markdown standards sources into normalized `rule` objects prior to overrides.,6217,2025-10-21T12:02:58.658325+00:00,standards;automation;extraction,repo_studios_ai,draft,no,
.repo_studios/docs/automation,.repo_studios/docs/automation/standards-extraction-spec.md,h2,Applies-To Guessing,applies-to-guessing,standards-rule-extraction-specification,Defines deterministic heuristic pipeline converting Markdown standards sources into normalized `rule` objects prior to overrides.,6217,2025-10-21T12:02:58.658325+00:00,standards;automation;extraction,repo_studios_ai,draft,no,
.repo_studios/docs/automation,.repo_studios/docs/automation/standards-extraction-spec.md,h2,ID Generation,id-generation,standards-rule-extraction-specification,Defines deterministic heuristic pipeline converting Markdown standards sources into normalized `rule` objects prior to overrides.,6217,2025-10-21T12:02:58.658325+00:00,standards;automation;extraction,repo_studios_ai,draft,no,
.repo_studios/docs/automation,.repo_studios/docs/automation/standards-extraction-spec.md,h2,Deduplication,deduplication,standards-rule-extraction-specification,Defines deterministic heuristic pipeline converting Markdown standards sources into normalized `rule` objects prior to overrides.,6217,2025-10-21T12:02:58.658325+00:00,standards;automation;extraction,repo_studios_ai,draft,no,
.repo_studios/docs/automation,.repo_studios/docs/automation/standards-extraction-spec.md,h2,Anchor Resolution,anchor-resolution,standards-rule-extraction-specification,Defines deterministic heuristic pipeline converting Markdown standards sources into normalized `rule` objects prior to overrides.,6217,2025-10-21T12:02:58.658325+00:00,standards;automation;extraction,repo_studios_ai,draft,no,
.repo_studios/docs/automation,.repo_studios/docs/automation/standards-extraction-spec.md,h2,Overrides Merge Order,overrides-merge-order,standards-rule-extraction-specification,Defines deterministic heuristic pipeline converting Markdown standards sources into normalized `rule` objects prior to overrides.,6217,2025-10-21T12:02:58.658325+00:00,standards;automation;extraction,repo_studios_ai,draft,no,
.repo_studios/docs/automation,.repo_studios/docs/automation/standards-extraction-spec.md,h2,Exclusions,exclusions,standards-rule-extraction-specification,Defines deterministic heuristic pipeline converting Markdown standards sources into normalized `rule` objects prior to overrides.,6217,2025-10-21T12:02:58.658325+00:00,standards;automation;extraction,repo_studios_ai,draft,no,
.repo_studios/docs/automation,.repo_studios/docs/automation/standards-extraction-spec.md,h2,Deterministic Sorting,deterministic-sorting,standards-rule-extraction-specification,Defines deterministic heuristic pipeline converting Markdown standards sources into normalized `rule` objects prior to overrides.,6217,2025-10-21T12:02:58.658325+00:00,standards;automation;extraction,repo_studios_ai,draft,no,
.repo_studios/docs/automation,.repo_studios/docs/automation/standards-extraction-spec.md,h2,Pseudo-code (Simplified),pseudo-code-simplified,standards-rule-extraction-specification,Defines deterministic heuristic pipeline converting Markdown standards sources into normalized `rule` objects prior to overrides.,6217,2025-10-21T12:02:58.658325+00:00,standards;automation;extraction,repo_studios_ai,draft,no,
.repo_studios/docs/automation,.repo_studios/docs/automation/standards-extraction-spec.md,h2,Validation Hooks (Pre-Index),validation-hooks-pre-index,standards-rule-extraction-specification,Defines deterministic heuristic pipeline converting Markdown standards sources into normalized `rule` objects prior to overrides.,6217,2025-10-21T12:02:58.658325+00:00,standards;automation;extraction,repo_studios_ai,draft,no,
.repo_studios/docs/automation,.repo_studios/docs/automation/standards-extraction-spec.md,h2,Future Enhancements,future-enhancements,standards-rule-extraction-specification,Defines deterministic heuristic pipeline converting Markdown standards sources into normalized `rule` objects prior to overrides.,6217,2025-10-21T12:02:58.658325+00:00,standards;automation;extraction,repo_studios_ai,draft,no,
.repo_studios/docs/automation,.repo_studios/docs/automation/standards-index-schema.md,h1,Standards Index Schema Specification,standards-index-schema-specification,,"This specification defines the structure of the standards index YAML (surfaced via the `latest_index.yaml` pointer), which aggregates normalized rule objects for Repo Studios automation and agent workflows.",5316,2025-11-27T17:20:15.678074+00:00,standards;schema;automation,repo_studios_ai,draft,no,
.repo_studios/docs/automation,.repo_studios/docs/automation/standards-index-schema.md,h2,Top-Level Structure,top-level-structure,standards-index-schema-specification,"This specification defines the structure of the standards index YAML (surfaced via the `latest_index.yaml` pointer), which aggregates normalized rule objects for Repo Studios automation and agent workflows.",5316,2025-11-27T17:20:15.678074+00:00,standards;schema;automation,repo_studios_ai,draft,no,
.repo_studios/docs/automation,.repo_studios/docs/automation/standards-index-schema.md,h2,Object: source,object-source,standards-index-schema-specification,"This specification defines the structure of the standards index YAML (surfaced via the `latest_index.yaml` pointer), which aggregates normalized rule objects for Repo Studios automation and agent workflows.",5316,2025-11-27T17:20:15.678074+00:00,standards;schema;automation,repo_studios_ai,draft,no,
.repo_studios/docs/automation,.repo_studios/docs/automation/standards-index-schema.md,h2,Object: category,object-category,standards-index-schema-specification,"This specification defines the structure of the standards index YAML (surfaced via the `latest_index.yaml` pointer), which aggregates normalized rule objects for Repo Studios automation and agent workflows.",5316,2025-11-27T17:20:15.678074+00:00,standards;schema;automation,repo_studios_ai,draft,no,
.repo_studios/docs/automation,.repo_studios/docs/automation/standards-index-schema.md,h2,Object: rule,object-rule,standards-index-schema-specification,"This specification defines the structure of the standards index YAML (surfaced via the `latest_index.yaml` pointer), which aggregates normalized rule objects for Repo Studios automation and agent workflows.",5316,2025-11-27T17:20:15.678074+00:00,standards;schema;automation,repo_studios_ai,draft,no,
.repo_studios/docs/automation,.repo_studios/docs/automation/standards-index-schema.md,h2,Object: examples,object-examples,standards-index-schema-specification,"This specification defines the structure of the standards index YAML (surfaced via the `latest_index.yaml` pointer), which aggregates normalized rule objects for Repo Studios automation and agent workflows.",5316,2025-11-27T17:20:15.678074+00:00,standards;schema;automation,repo_studios_ai,draft,no,
.repo_studios/docs/automation,.repo_studios/docs/automation/standards-index-schema.md,h2,Object: source_ref,object-sourceref,standards-index-schema-specification,"This specification defines the structure of the standards index YAML (surfaced via the `latest_index.yaml` pointer), which aggregates normalized rule objects for Repo Studios automation and agent workflows.",5316,2025-11-27T17:20:15.678074+00:00,standards;schema;automation,repo_studios_ai,draft,no,
.repo_studios/docs/automation,.repo_studios/docs/automation/standards-index-schema.md,h2,Object: coverage,object-coverage,standards-index-schema-specification,"This specification defines the structure of the standards index YAML (surfaced via the `latest_index.yaml` pointer), which aggregates normalized rule objects for Repo Studios automation and agent workflows.",5316,2025-11-27T17:20:15.678074+00:00,standards;schema;automation,repo_studios_ai,draft,no,
.repo_studios/docs/automation,.repo_studios/docs/automation/standards-index-schema.md,h2,Object: metadata,object-metadata,standards-index-schema-specification,"This specification defines the structure of the standards index YAML (surfaced via the `latest_index.yaml` pointer), which aggregates normalized rule objects for Repo Studios automation and agent workflows.",5316,2025-11-27T17:20:15.678074+00:00,standards;schema;automation,repo_studios_ai,draft,no,
.repo_studios/docs/automation,.repo_studios/docs/automation/standards-index-schema.md,h2,Integrity Hash Algorithm,integrity-hash-algorithm,standards-index-schema-specification,"This specification defines the structure of the standards index YAML (surfaced via the `latest_index.yaml` pointer), which aggregates normalized rule objects for Repo Studios automation and agent workflows.",5316,2025-11-27T17:20:15.678074+00:00,standards;schema;automation,repo_studios_ai,draft,no,
.repo_studios/docs/automation,.repo_studios/docs/automation/standards-index-schema.md,h2,Deterministic Ordering,deterministic-ordering,standards-index-schema-specification,"This specification defines the structure of the standards index YAML (surfaced via the `latest_index.yaml` pointer), which aggregates normalized rule objects for Repo Studios automation and agent workflows.",5316,2025-11-27T17:20:15.678074+00:00,standards;schema;automation,repo_studios_ai,draft,no,
.repo_studios/docs/automation,.repo_studios/docs/automation/standards-index-schema.md,h2,Validation Rules,validation-rules,standards-index-schema-specification,"This specification defines the structure of the standards index YAML (surfaced via the `latest_index.yaml` pointer), which aggregates normalized rule objects for Repo Studios automation and agent workflows.",5316,2025-11-27T17:20:15.678074+00:00,standards;schema;automation,repo_studios_ai,draft,no,
.repo_studios/docs/automation,.repo_studios/docs/automation/standards-index-schema.md,h2,Backward Compatibility,backward-compatibility,standards-index-schema-specification,"This specification defines the structure of the standards index YAML (surfaced via the `latest_index.yaml` pointer), which aggregates normalized rule objects for Repo Studios automation and agent workflows.",5316,2025-11-27T17:20:15.678074+00:00,standards;schema;automation,repo_studios_ai,draft,no,
.repo_studios/docs/automation,.repo_studios/docs/automation/standards-index-schema.md,h2,Future Reserved Fields,future-reserved-fields,standards-index-schema-specification,"This specification defines the structure of the standards index YAML (surfaced via the `latest_index.yaml` pointer), which aggregates normalized rule objects for Repo Studios automation and agent workflows.",5316,2025-11-27T17:20:15.678074+00:00,standards;schema;automation,repo_studios_ai,draft,no,
.repo_studios/docs/automation,.repo_studios/docs/automation/summarize_standards.md,h1,summarize_standards.py,summarizestandardspy,,"`summarize_standards.py` provides a lightweight telemetry probe for the standards catalog. It reads the canonical standards index (surfaced through the `latest_index.yaml` pointer) and the optional pending extraction queue, then emits log…",1878,2025-11-27T17:28:24.141509+00:00,,,,no,
.repo_studios/docs/automation,.repo_studios/docs/automation/summarize_standards.md,h2,Purpose,purpose,summarizestandardspy,"`summarize_standards.py` provides a lightweight telemetry probe for the standards catalog. It reads the canonical standards index (surfaced through the `latest_index.yaml` pointer) and the optional pending extraction queue, then emits log…",1878,2025-11-27T17:28:24.141509+00:00,,,,no,
.repo_studios/docs/automation,.repo_studios/docs/automation/summarize_standards.md,h2,Invocation,invocation,summarizestandardspy,"`summarize_standards.py` provides a lightweight telemetry probe for the standards catalog. It reads the canonical standards index (surfaced through the `latest_index.yaml` pointer) and the optional pending extraction queue, then emits log…",1878,2025-11-27T17:28:24.141509+00:00,,,,no,
.repo_studios/docs/automation,.repo_studios/docs/automation/summarize_standards.md,h2,Outputs,outputs,summarizestandardspy,"`summarize_standards.py` provides a lightweight telemetry probe for the standards catalog. It reads the canonical standards index (surfaced through the `latest_index.yaml` pointer) and the optional pending extraction queue, then emits log…",1878,2025-11-27T17:28:24.141509+00:00,,,,no,
.repo_studios/docs/automation,.repo_studios/docs/automation/summarize_standards.md,h2,Testing,testing,summarizestandardspy,"`summarize_standards.py` provides a lightweight telemetry probe for the standards catalog. It reads the canonical standards index (surfaced through the `latest_index.yaml` pointer) and the optional pending extraction queue, then emits log…",1878,2025-11-27T17:28:24.141509+00:00,,,,no,
.repo_studios/docs/automation/traceability,.repo_studios/docs/automation/traceability/aggregator_dependency_audit.md,h1,Aggregator Dependency Audit (Draft 2025-11-24),aggregator-dependency-audit-draft-2025-11-24,,1. **Monkey Patch Trends** _(modernization complete — reference plan: `.repo_studios/docs/automation/traceability/analyze_monkey_patch_trends_modernization_plan.md`)_,3390,2025-11-24T17:47:49.125843+00:00,,,,no,
.repo_studios/docs/automation/traceability,.repo_studios/docs/automation/traceability/aggregator_dependency_audit.md,h2,Purpose,purpose,aggregator-dependency-audit-draft-2025-11-24,1. **Monkey Patch Trends** _(modernization complete — reference plan: `.repo_studios/docs/automation/traceability/analyze_monkey_patch_trends_modernization_plan.md`)_,3390,2025-11-24T17:47:49.125843+00:00,,,,no,
.repo_studios/docs/automation/traceability,.repo_studios/docs/automation/traceability/aggregator_dependency_audit.md,h2,Current Aggregator Inputs,current-aggregator-inputs,aggregator-dependency-audit-draft-2025-11-24,1. **Monkey Patch Trends** _(modernization complete — reference plan: `.repo_studios/docs/automation/traceability/analyze_monkey_patch_trends_modernization_plan.md`)_,3390,2025-11-24T17:47:49.125843+00:00,,,,no,
.repo_studios/docs/automation/traceability,.repo_studios/docs/automation/traceability/aggregator_dependency_audit.md,h2,Modernization Targets,modernization-targets,aggregator-dependency-audit-draft-2025-11-24,1. **Monkey Patch Trends** _(modernization complete — reference plan: `.repo_studios/docs/automation/traceability/analyze_monkey_patch_trends_modernization_plan.md`)_,3390,2025-11-24T17:47:49.125843+00:00,,,,no,
.repo_studios/docs/automation/traceability,.repo_studios/docs/automation/traceability/aggregator_dependency_audit.md,h2,Next Actions,next-actions,aggregator-dependency-audit-draft-2025-11-24,1. **Monkey Patch Trends** _(modernization complete — reference plan: `.repo_studios/docs/automation/traceability/analyze_monkey_patch_trends_modernization_plan.md`)_,3390,2025-11-24T17:47:49.125843+00:00,,,,no,
.repo_studios/docs/automation/traceability,.repo_studios/docs/automation/traceability/analyze_monkey_patch_trends_modernization_plan.md,h1,Analyze Monkey Patch Trends — Modernization Plan (Draft 2025-11-24),analyze-monkey-patch-trends-modernization-plan-draft-2025-11-24,,"Retool `.repo_studios/scripts/aggregators/analyze_monkey_patch_trends.py` so it ingests the hardened consumer risk summaries, retains provenance, and publishes history-managed artifacts under the aggregator reports hierarchy.",4888,2025-11-24T18:09:28.195246+00:00,,,,no,
.repo_studios/docs/automation/traceability,.repo_studios/docs/automation/traceability/analyze_monkey_patch_trends_modernization_plan.md,h2,Objective,objective,analyze-monkey-patch-trends-modernization-plan-draft-2025-11-24,"Retool `.repo_studios/scripts/aggregators/analyze_monkey_patch_trends.py` so it ingests the hardened consumer risk summaries, retains provenance, and publishes history-managed artifacts under the aggregator reports hierarchy.",4888,2025-11-24T18:09:28.195246+00:00,,,,no,
.repo_studios/docs/automation/traceability,.repo_studios/docs/automation/traceability/analyze_monkey_patch_trends_modernization_plan.md,h2,Current State,current-state,analyze-monkey-patch-trends-modernization-plan-draft-2025-11-24,"Retool `.repo_studios/scripts/aggregators/analyze_monkey_patch_trends.py` so it ingests the hardened consumer risk summaries, retains provenance, and publishes history-managed artifacts under the aggregator reports hierarchy.",4888,2025-11-24T18:09:28.195246+00:00,,,,no,
.repo_studios/docs/automation/traceability,.repo_studios/docs/automation/traceability/analyze_monkey_patch_trends_modernization_plan.md,h2,Target Architecture,target-architecture,analyze-monkey-patch-trends-modernization-plan-draft-2025-11-24,"Retool `.repo_studios/scripts/aggregators/analyze_monkey_patch_trends.py` so it ingests the hardened consumer risk summaries, retains provenance, and publishes history-managed artifacts under the aggregator reports hierarchy.",4888,2025-11-24T18:09:28.195246+00:00,,,,no,
.repo_studios/docs/automation/traceability,.repo_studios/docs/automation/traceability/analyze_monkey_patch_trends_modernization_plan.md,h2,Implementation Steps,implementation-steps,analyze-monkey-patch-trends-modernization-plan-draft-2025-11-24,"Retool `.repo_studios/scripts/aggregators/analyze_monkey_patch_trends.py` so it ingests the hardened consumer risk summaries, retains provenance, and publishes history-managed artifacts under the aggregator reports hierarchy.",4888,2025-11-24T18:09:28.195246+00:00,,,,no,
.repo_studios/docs/automation/traceability,.repo_studios/docs/automation/traceability/analyze_monkey_patch_trends_modernization_plan.md,h2,Dependencies & Coordination,dependencies-coordination,analyze-monkey-patch-trends-modernization-plan-draft-2025-11-24,"Retool `.repo_studios/scripts/aggregators/analyze_monkey_patch_trends.py` so it ingests the hardened consumer risk summaries, retains provenance, and publishes history-managed artifacts under the aggregator reports hierarchy.",4888,2025-11-24T18:09:28.195246+00:00,,,,no,
.repo_studios/docs/automation/traceability,.repo_studios/docs/automation/traceability/analyze_monkey_patch_trends_modernization_plan.md,h2,Acceptance Criteria,acceptance-criteria,analyze-monkey-patch-trends-modernization-plan-draft-2025-11-24,"Retool `.repo_studios/scripts/aggregators/analyze_monkey_patch_trends.py` so it ingests the hardened consumer risk summaries, retains provenance, and publishes history-managed artifacts under the aggregator reports hierarchy.",4888,2025-11-24T18:09:28.195246+00:00,,,,no,
.repo_studios/docs/automation/traceability,.repo_studios/docs/automation/traceability/analyze_monkey_patch_trends_modernization_plan.md,h2,Open Questions,open-questions,analyze-monkey-patch-trends-modernization-plan-draft-2025-11-24,"Retool `.repo_studios/scripts/aggregators/analyze_monkey_patch_trends.py` so it ingests the hardened consumer risk summaries, retains provenance, and publishes history-managed artifacts under the aggregator reports hierarchy.",4888,2025-11-24T18:09:28.195246+00:00,,,,no,
.repo_studios/docs/automation/traceability,.repo_studios/docs/automation/traceability/fault_pipeline_aggregator_plan.md,h1,Fault Pipeline Aggregator Blueprint,fault-pipeline-aggregator-blueprint,,"Capture the scope, dependencies, and success criteria for a future faulthandler aggregator that will blend multiple orchestrator runs into trend summaries.",2023,2025-11-26T14:39:08.308088+00:00,,,,no,
.repo_studios/docs/automation/traceability,.repo_studios/docs/automation/traceability/fault_pipeline_aggregator_plan.md,h2,Status,status,fault-pipeline-aggregator-blueprint,"Capture the scope, dependencies, and success criteria for a future faulthandler aggregator that will blend multiple orchestrator runs into trend summaries.",2023,2025-11-26T14:39:08.308088+00:00,,,,no,
.repo_studios/docs/automation/traceability,.repo_studios/docs/automation/traceability/fault_pipeline_aggregator_plan.md,h2,Purpose,purpose,fault-pipeline-aggregator-blueprint,"Capture the scope, dependencies, and success criteria for a future faulthandler aggregator that will blend multiple orchestrator runs into trend summaries.",2023,2025-11-26T14:39:08.308088+00:00,,,,no,
.repo_studios/docs/automation/traceability,.repo_studios/docs/automation/traceability/fault_pipeline_aggregator_plan.md,h2,Context,context,fault-pipeline-aggregator-blueprint,"Capture the scope, dependencies, and success criteria for a future faulthandler aggregator that will blend multiple orchestrator runs into trend summaries.",2023,2025-11-26T14:39:08.308088+00:00,,,,no,
.repo_studios/docs/automation/traceability,.repo_studios/docs/automation/traceability/fault_pipeline_aggregator_plan.md,h2,Open Questions,open-questions,fault-pipeline-aggregator-blueprint,"Capture the scope, dependencies, and success criteria for a future faulthandler aggregator that will blend multiple orchestrator runs into trend summaries.",2023,2025-11-26T14:39:08.308088+00:00,,,,no,
.repo_studios/docs/automation/traceability,.repo_studios/docs/automation/traceability/fault_pipeline_aggregator_plan.md,h2,Proposed Next Steps,proposed-next-steps,fault-pipeline-aggregator-blueprint,"Capture the scope, dependencies, and success criteria for a future faulthandler aggregator that will blend multiple orchestrator runs into trend summaries.",2023,2025-11-26T14:39:08.308088+00:00,,,,no,
.repo_studios/docs/automation/traceability,.repo_studios/docs/automation/traceability/fault_pipeline_aggregator_plan.md,h2,Risks,risks,fault-pipeline-aggregator-blueprint,"Capture the scope, dependencies, and success criteria for a future faulthandler aggregator that will blend multiple orchestrator runs into trend summaries.",2023,2025-11-26T14:39:08.308088+00:00,,,,no,
.repo_studios/docs/automation/traceability,.repo_studios/docs/automation/traceability/fault_pipeline_aggregator_plan.md,h2,Notes,notes,fault-pipeline-aggregator-blueprint,"Capture the scope, dependencies, and success criteria for a future faulthandler aggregator that will blend multiple orchestrator runs into trend summaries.",2023,2025-11-26T14:39:08.308088+00:00,,,,no,
.repo_studios/docs/automation/traceability,.repo_studios/docs/automation/traceability/generate_churn_complexity_heatmap_modernization_plan.md,h1,Generate Churn × Complexity Heatmap — Modernization Plan (Draft 2025-11-24),generate-churn-complexity-heatmap-modernization-plan-draft-2025-11-24,,"Realign `.repo_studios/scripts/aggregators/generate_churn_complexity_heatmap.py` with the hardened producer/consumer pipeline by formalizing inputs, provenance, retention, and testing.",5645,2025-11-28T14:18:05.280027+00:00,,,,no,
.repo_studios/docs/automation/traceability,.repo_studios/docs/automation/traceability/generate_churn_complexity_heatmap_modernization_plan.md,h2,Objective,objective,generate-churn-complexity-heatmap-modernization-plan-draft-2025-11-24,"Realign `.repo_studios/scripts/aggregators/generate_churn_complexity_heatmap.py` with the hardened producer/consumer pipeline by formalizing inputs, provenance, retention, and testing.",5645,2025-11-28T14:18:05.280027+00:00,,,,no,
.repo_studios/docs/automation/traceability,.repo_studios/docs/automation/traceability/generate_churn_complexity_heatmap_modernization_plan.md,h2,Current State,current-state,generate-churn-complexity-heatmap-modernization-plan-draft-2025-11-24,"Realign `.repo_studios/scripts/aggregators/generate_churn_complexity_heatmap.py` with the hardened producer/consumer pipeline by formalizing inputs, provenance, retention, and testing.",5645,2025-11-28T14:18:05.280027+00:00,,,,no,
.repo_studios/docs/automation/traceability,.repo_studios/docs/automation/traceability/generate_churn_complexity_heatmap_modernization_plan.md,h2,Target Architecture,target-architecture,generate-churn-complexity-heatmap-modernization-plan-draft-2025-11-24,"Realign `.repo_studios/scripts/aggregators/generate_churn_complexity_heatmap.py` with the hardened producer/consumer pipeline by formalizing inputs, provenance, retention, and testing.",5645,2025-11-28T14:18:05.280027+00:00,,,,no,
.repo_studios/docs/automation/traceability,.repo_studios/docs/automation/traceability/generate_churn_complexity_heatmap_modernization_plan.md,h2,Implementation Steps,implementation-steps,generate-churn-complexity-heatmap-modernization-plan-draft-2025-11-24,"Realign `.repo_studios/scripts/aggregators/generate_churn_complexity_heatmap.py` with the hardened producer/consumer pipeline by formalizing inputs, provenance, retention, and testing.",5645,2025-11-28T14:18:05.280027+00:00,,,,no,
.repo_studios/docs/automation/traceability,.repo_studios/docs/automation/traceability/generate_churn_complexity_heatmap_modernization_plan.md,h2,Implementation Notes (2025-11-24),implementation-notes-2025-11-24,generate-churn-complexity-heatmap-modernization-plan-draft-2025-11-24,"Realign `.repo_studios/scripts/aggregators/generate_churn_complexity_heatmap.py` with the hardened producer/consumer pipeline by formalizing inputs, provenance, retention, and testing.",5645,2025-11-28T14:18:05.280027+00:00,,,,no,
.repo_studios/docs/automation/traceability,.repo_studios/docs/automation/traceability/generate_churn_complexity_heatmap_modernization_plan.md,h2,Risks & Considerations,risks-considerations,generate-churn-complexity-heatmap-modernization-plan-draft-2025-11-24,"Realign `.repo_studios/scripts/aggregators/generate_churn_complexity_heatmap.py` with the hardened producer/consumer pipeline by formalizing inputs, provenance, retention, and testing.",5645,2025-11-28T14:18:05.280027+00:00,,,,no,
.repo_studios/docs/automation/traceability,.repo_studios/docs/automation/traceability/generate_churn_complexity_heatmap_modernization_plan.md,h2,Open Questions,open-questions,generate-churn-complexity-heatmap-modernization-plan-draft-2025-11-24,"Realign `.repo_studios/scripts/aggregators/generate_churn_complexity_heatmap.py` with the hardened producer/consumer pipeline by formalizing inputs, provenance, retention, and testing.",5645,2025-11-28T14:18:05.280027+00:00,,,,no,
.repo_studios/docs/automation/traceability,.repo_studios/docs/automation/traceability/generate_code_doc_churn_report_plan.md,h1,generate_code_doc_churn_report Planning Notes,generatecodedocchurnreport-planning-notes,,"target missing change logs, upgrade guides, or doc refreshes.",5514,2025-11-25T18:18:22.678815+00:00,,,,no,
.repo_studios/docs/automation/traceability,.repo_studios/docs/automation/traceability/generate_code_doc_churn_report_plan.md,h2,Objective,objective,generatecodedocchurnreport-planning-notes,"target missing change logs, upgrade guides, or doc refreshes.",5514,2025-11-25T18:18:22.678815+00:00,,,,no,
.repo_studios/docs/automation/traceability,.repo_studios/docs/automation/traceability/generate_code_doc_churn_report_plan.md,h2,Implementation Status (2025-11-25),implementation-status-2025-11-25,generatecodedocchurnreport-planning-notes,"target missing change logs, upgrade guides, or doc refreshes.",5514,2025-11-25T18:18:22.678815+00:00,,,,no,
.repo_studios/docs/automation/traceability,.repo_studios/docs/automation/traceability/generate_code_doc_churn_report_plan.md,h2,Primary Inputs,primary-inputs,generatecodedocchurnreport-planning-notes,"target missing change logs, upgrade guides, or doc refreshes.",5514,2025-11-25T18:18:22.678815+00:00,,,,no,
.repo_studios/docs/automation/traceability,.repo_studios/docs/automation/traceability/generate_code_doc_churn_report_plan.md,h2,Proposed CLI Interface,proposed-cli-interface,generatecodedocchurnreport-planning-notes,"target missing change logs, upgrade guides, or doc refreshes.",5514,2025-11-25T18:18:22.678815+00:00,,,,no,
.repo_studios/docs/automation/traceability,.repo_studios/docs/automation/traceability/generate_code_doc_churn_report_plan.md,h2,Artifact Plan,artifact-plan,generatecodedocchurnreport-planning-notes,"target missing change logs, upgrade guides, or doc refreshes.",5514,2025-11-25T18:18:22.678815+00:00,,,,no,
.repo_studios/docs/automation/traceability,.repo_studios/docs/automation/traceability/generate_code_doc_churn_report_plan.md,h2,Detection Heuristics,detection-heuristics,generatecodedocchurnreport-planning-notes,"target missing change logs, upgrade guides, or doc refreshes.",5514,2025-11-25T18:18:22.678815+00:00,,,,no,
.repo_studios/docs/automation/traceability,.repo_studios/docs/automation/traceability/generate_code_doc_churn_report_plan.md,h2,Logging & Provenance,logging-provenance,generatecodedocchurnreport-planning-notes,"target missing change logs, upgrade guides, or doc refreshes.",5514,2025-11-25T18:18:22.678815+00:00,,,,no,
.repo_studios/docs/automation/traceability,.repo_studios/docs/automation/traceability/generate_code_doc_churn_report_plan.md,h2,Testing Strategy,testing-strategy,generatecodedocchurnreport-planning-notes,"target missing change logs, upgrade guides, or doc refreshes.",5514,2025-11-25T18:18:22.678815+00:00,,,,no,
.repo_studios/docs/automation/traceability,.repo_studios/docs/automation/traceability/generate_code_doc_churn_report_plan.md,h2,Documentation Tasks,documentation-tasks,generatecodedocchurnreport-planning-notes,"target missing change logs, upgrade guides, or doc refreshes.",5514,2025-11-25T18:18:22.678815+00:00,,,,no,
.repo_studios/docs/automation/traceability,.repo_studios/docs/automation/traceability/generate_code_doc_churn_report_plan.md,h2,Outstanding Questions,outstanding-questions,generatecodedocchurnreport-planning-notes,"target missing change logs, upgrade guides, or doc refreshes.",5514,2025-11-25T18:18:22.678815+00:00,,,,no,
.repo_studios/docs/automation/traceability,.repo_studios/docs/automation/traceability/generate_code_doc_churn_report_plan.md,h2,Next Steps,next-steps,generatecodedocchurnreport-planning-notes,"target missing change logs, upgrade guides, or doc refreshes.",5514,2025-11-25T18:18:22.678815+00:00,,,,no,
.repo_studios/docs/automation/traceability,.repo_studios/docs/automation/traceability/producer_consumer_traceability_audit.md,h1,Producer → Consumer Traceability Audit (Draft 2025-11-24),producer-consumer-traceability-audit-draft-2025-11-24,,"1. Treat the four hardened consumer bundles as the canonical inputs for upcoming aggregator rewires; aggregators should ingest the consumer summary JSON (`summary.json`, `anchor_report.json`, `bundle_summary.json`, `RISK_SUMMARY.json`)…",7771,2025-11-26T16:39:05.740452+00:00,,,,yes,
.repo_studios/docs/automation/traceability,.repo_studios/docs/automation/traceability/producer_consumer_traceability_audit.md,h2,Overview,overview,producer-consumer-traceability-audit-draft-2025-11-24,"1. Treat the four hardened consumer bundles as the canonical inputs for upcoming aggregator rewires; aggregators should ingest the consumer summary JSON (`summary.json`, `anchor_report.json`, `bundle_summary.json`, `RISK_SUMMARY.json`)…",7771,2025-11-26T16:39:05.740452+00:00,,,,yes,
.repo_studios/docs/automation/traceability,.repo_studios/docs/automation/traceability/producer_consumer_traceability_audit.md,h2,Evidence Sources,evidence-sources,producer-consumer-traceability-audit-draft-2025-11-24,"1. Treat the four hardened consumer bundles as the canonical inputs for upcoming aggregator rewires; aggregators should ingest the consumer summary JSON (`summary.json`, `anchor_report.json`, `bundle_summary.json`, `RISK_SUMMARY.json`)…",7771,2025-11-26T16:39:05.740452+00:00,,,,yes,
.repo_studios/docs/automation/traceability,.repo_studios/docs/automation/traceability/producer_consumer_traceability_audit.md,h2,Active Producer → Consumer Pairings,active-producer-consumer-pairings,producer-consumer-traceability-audit-draft-2025-11-24,"1. Treat the four hardened consumer bundles as the canonical inputs for upcoming aggregator rewires; aggregators should ingest the consumer summary JSON (`summary.json`, `anchor_report.json`, `bundle_summary.json`, `RISK_SUMMARY.json`)…",7771,2025-11-26T16:39:05.740452+00:00,,,,yes,
.repo_studios/docs/automation/traceability,.repo_studios/docs/automation/traceability/producer_consumer_traceability_audit.md,h2,Unpaired Producers & Proposed Consumers,unpaired-producers-proposed-consumers,producer-consumer-traceability-audit-draft-2025-11-24,"1. Treat the four hardened consumer bundles as the canonical inputs for upcoming aggregator rewires; aggregators should ingest the consumer summary JSON (`summary.json`, `anchor_report.json`, `bundle_summary.json`, `RISK_SUMMARY.json`)…",7771,2025-11-26T16:39:05.740452+00:00,,,,yes,
.repo_studios/docs/automation/traceability,.repo_studios/docs/automation/traceability/producer_consumer_traceability_audit.md,h2,Recommendations,recommendations,producer-consumer-traceability-audit-draft-2025-11-24,"1. Treat the four hardened consumer bundles as the canonical inputs for upcoming aggregator rewires; aggregators should ingest the consumer summary JSON (`summary.json`, `anchor_report.json`, `bundle_summary.json`, `RISK_SUMMARY.json`)…",7771,2025-11-26T16:39:05.740452+00:00,,,,yes,
.repo_studios/docs/automation/traceability,.repo_studios/docs/automation/traceability/run_batch_cleanup_modernization_plan.md,h1,Run Batch Cleanup — Modernization Plan (Draft 2025-11-24),run-batch-cleanup-modernization-plan-draft-2025-11-24,,Existing tables below retain the pre-modernization snapshot for historical context.,5364,2025-11-24T18:55:36.604719+00:00,,,,no,
.repo_studios/docs/automation/traceability,.repo_studios/docs/automation/traceability/run_batch_cleanup_modernization_plan.md,h2,Status,status,run-batch-cleanup-modernization-plan-draft-2025-11-24,Existing tables below retain the pre-modernization snapshot for historical context.,5364,2025-11-24T18:55:36.604719+00:00,,,,no,
.repo_studios/docs/automation/traceability,.repo_studios/docs/automation/traceability/run_batch_cleanup_modernization_plan.md,h2,Objective,objective,run-batch-cleanup-modernization-plan-draft-2025-11-24,Existing tables below retain the pre-modernization snapshot for historical context.,5364,2025-11-24T18:55:36.604719+00:00,,,,no,
.repo_studios/docs/automation/traceability,.repo_studios/docs/automation/traceability/run_batch_cleanup_modernization_plan.md,h2,Current State,current-state,run-batch-cleanup-modernization-plan-draft-2025-11-24,Existing tables below retain the pre-modernization snapshot for historical context.,5364,2025-11-24T18:55:36.604719+00:00,,,,no,
.repo_studios/docs/automation/traceability,.repo_studios/docs/automation/traceability/run_batch_cleanup_modernization_plan.md,h2,Target Architecture,target-architecture,run-batch-cleanup-modernization-plan-draft-2025-11-24,Existing tables below retain the pre-modernization snapshot for historical context.,5364,2025-11-24T18:55:36.604719+00:00,,,,no,
.repo_studios/docs/automation/traceability,.repo_studios/docs/automation/traceability/run_batch_cleanup_modernization_plan.md,h2,Implementation Steps,implementation-steps,run-batch-cleanup-modernization-plan-draft-2025-11-24,Existing tables below retain the pre-modernization snapshot for historical context.,5364,2025-11-24T18:55:36.604719+00:00,,,,no,
.repo_studios/docs/automation/traceability,.repo_studios/docs/automation/traceability/run_batch_cleanup_modernization_plan.md,h2,Dependencies & Coordination,dependencies-coordination,run-batch-cleanup-modernization-plan-draft-2025-11-24,Existing tables below retain the pre-modernization snapshot for historical context.,5364,2025-11-24T18:55:36.604719+00:00,,,,no,
.repo_studios/docs/automation/traceability,.repo_studios/docs/automation/traceability/run_batch_cleanup_modernization_plan.md,h2,Acceptance Criteria,acceptance-criteria,run-batch-cleanup-modernization-plan-draft-2025-11-24,Existing tables below retain the pre-modernization snapshot for historical context.,5364,2025-11-24T18:55:36.604719+00:00,,,,no,
.repo_studios/docs/automation/traceability,.repo_studios/docs/automation/traceability/run_batch_cleanup_modernization_plan.md,h2,Open Questions,open-questions,run-batch-cleanup-modernization-plan-draft-2025-11-24,Existing tables below retain the pre-modernization snapshot for historical context.,5364,2025-11-24T18:55:36.604719+00:00,,,,no,
.repo_studios/docs/automation/traceability,.repo_studios/docs/automation/traceability/run_standards_index_cli_modernization_plan.md,h1,Run Standards Index CLI — Modernization Plan (Draft 2025-11-27),run-standards-index-cli-modernization-plan-draft-2025-11-27,,"Modernize `.repo_studios/scripts/orchestrators/run_standards_index_cli.py` so standards analysts and tooling receive structured, retainable outputs while preserving its lightweight CLI ergonomics. The refactor will introduce an import-safe…",5220,2025-12-01T21:08:14.310575+00:00,,,,no,
.repo_studios/docs/automation/traceability,.repo_studios/docs/automation/traceability/run_standards_index_cli_modernization_plan.md,h2,Status,status,run-standards-index-cli-modernization-plan-draft-2025-11-27,"Modernize `.repo_studios/scripts/orchestrators/run_standards_index_cli.py` so standards analysts and tooling receive structured, retainable outputs while preserving its lightweight CLI ergonomics. The refactor will introduce an import-safe…",5220,2025-12-01T21:08:14.310575+00:00,,,,no,
.repo_studios/docs/automation/traceability,.repo_studios/docs/automation/traceability/run_standards_index_cli_modernization_plan.md,h2,Objective,objective,run-standards-index-cli-modernization-plan-draft-2025-11-27,"Modernize `.repo_studios/scripts/orchestrators/run_standards_index_cli.py` so standards analysts and tooling receive structured, retainable outputs while preserving its lightweight CLI ergonomics. The refactor will introduce an import-safe…",5220,2025-12-01T21:08:14.310575+00:00,,,,no,
.repo_studios/docs/automation/traceability,.repo_studios/docs/automation/traceability/run_standards_index_cli_modernization_plan.md,h2,Current State,current-state,run-standards-index-cli-modernization-plan-draft-2025-11-27,"Modernize `.repo_studios/scripts/orchestrators/run_standards_index_cli.py` so standards analysts and tooling receive structured, retainable outputs while preserving its lightweight CLI ergonomics. The refactor will introduce an import-safe…",5220,2025-12-01T21:08:14.310575+00:00,,,,no,
.repo_studios/docs/automation/traceability,.repo_studios/docs/automation/traceability/run_standards_index_cli_modernization_plan.md,h2,Target Architecture,target-architecture,run-standards-index-cli-modernization-plan-draft-2025-11-27,"Modernize `.repo_studios/scripts/orchestrators/run_standards_index_cli.py` so standards analysts and tooling receive structured, retainable outputs while preserving its lightweight CLI ergonomics. The refactor will introduce an import-safe…",5220,2025-12-01T21:08:14.310575+00:00,,,,no,
.repo_studios/docs/automation/traceability,.repo_studios/docs/automation/traceability/run_standards_index_cli_modernization_plan.md,h2,Implementation Steps,implementation-steps,run-standards-index-cli-modernization-plan-draft-2025-11-27,"Modernize `.repo_studios/scripts/orchestrators/run_standards_index_cli.py` so standards analysts and tooling receive structured, retainable outputs while preserving its lightweight CLI ergonomics. The refactor will introduce an import-safe…",5220,2025-12-01T21:08:14.310575+00:00,,,,no,
.repo_studios/docs/automation/traceability,.repo_studios/docs/automation/traceability/run_standards_index_cli_modernization_plan.md,h2,Dependencies & Coordination,dependencies-coordination,run-standards-index-cli-modernization-plan-draft-2025-11-27,"Modernize `.repo_studios/scripts/orchestrators/run_standards_index_cli.py` so standards analysts and tooling receive structured, retainable outputs while preserving its lightweight CLI ergonomics. The refactor will introduce an import-safe…",5220,2025-12-01T21:08:14.310575+00:00,,,,no,
.repo_studios/docs/automation/traceability,.repo_studios/docs/automation/traceability/run_standards_index_cli_modernization_plan.md,h2,Acceptance Criteria,acceptance-criteria,run-standards-index-cli-modernization-plan-draft-2025-11-27,"Modernize `.repo_studios/scripts/orchestrators/run_standards_index_cli.py` so standards analysts and tooling receive structured, retainable outputs while preserving its lightweight CLI ergonomics. The refactor will introduce an import-safe…",5220,2025-12-01T21:08:14.310575+00:00,,,,no,
.repo_studios/docs/automation/traceability,.repo_studios/docs/automation/traceability/run_standards_index_cli_modernization_plan.md,h2,Open Questions,open-questions,run-standards-index-cli-modernization-plan-draft-2025-11-27,"Modernize `.repo_studios/scripts/orchestrators/run_standards_index_cli.py` so standards analysts and tooling receive structured, retainable outputs while preserving its lightweight CLI ergonomics. The refactor will introduce an import-safe…",5220,2025-12-01T21:08:14.310575+00:00,,,,no,
.repo_studios/docs/automation,.repo_studios/docs/automation/validate_import_boundaries.md,h1,validate_import_boundaries.py,validateimportboundariespy,,"`validate_import_boundaries.py` enforces the layering contract between the `agents` and `api` packages. It blends static source scanning with the latest import graph snapshot to highlight disallowed edges, cycles, and file-level…",3680,2025-10-23T20:46:06.804068+00:00,,,,no,
.repo_studios/docs/automation,.repo_studios/docs/automation/validate_import_boundaries.md,h2,Purpose,purpose,validateimportboundariespy,"`validate_import_boundaries.py` enforces the layering contract between the `agents` and `api` packages. It blends static source scanning with the latest import graph snapshot to highlight disallowed edges, cycles, and file-level…",3680,2025-10-23T20:46:06.804068+00:00,,,,no,
.repo_studios/docs/automation,.repo_studios/docs/automation/validate_import_boundaries.md,h2,Invocation,invocation,validateimportboundariespy,"`validate_import_boundaries.py` enforces the layering contract between the `agents` and `api` packages. It blends static source scanning with the latest import graph snapshot to highlight disallowed edges, cycles, and file-level…",3680,2025-10-23T20:46:06.804068+00:00,,,,no,
.repo_studios/docs/automation,.repo_studios/docs/automation/validate_import_boundaries.md,h2,Outputs,outputs,validateimportboundariespy,"`validate_import_boundaries.py` enforces the layering contract between the `agents` and `api` packages. It blends static source scanning with the latest import graph snapshot to highlight disallowed edges, cycles, and file-level…",3680,2025-10-23T20:46:06.804068+00:00,,,,no,
.repo_studios/docs/automation,.repo_studios/docs/automation/validate_import_boundaries.md,h2,Diagnostics,diagnostics,validateimportboundariespy,"`validate_import_boundaries.py` enforces the layering contract between the `agents` and `api` packages. It blends static source scanning with the latest import graph snapshot to highlight disallowed edges, cycles, and file-level…",3680,2025-10-23T20:46:06.804068+00:00,,,,no,
.repo_studios/docs/automation,.repo_studios/docs/automation/validate_import_boundaries.md,h2,Testing,testing,validateimportboundariespy,"`validate_import_boundaries.py` enforces the layering contract between the `agents` and `api` packages. It blends static source scanning with the latest import graph snapshot to highlight disallowed edges, cycles, and file-level…",3680,2025-10-23T20:46:06.804068+00:00,,,,no,
.repo_studios/docs/automation,.repo_studios/docs/automation/validate_import_boundaries.md,h2,Operational notes,operational-notes,validateimportboundariespy,"`validate_import_boundaries.py` enforces the layering contract between the `agents` and `api` packages. It blends static source scanning with the latest import graph snapshot to highlight disallowed edges, cycles, and file-level…",3680,2025-10-23T20:46:06.804068+00:00,,,,no,
.repo_studios/docs/automation,.repo_studios/docs/automation/validate_inventory.md,h1,Validate Inventory Producer,validate-inventory-producer,,"The `validate_inventory.py` producer walks the inventory catalog, enforces schema conventions, and writes structured validation bundles for downstream tooling.",1882,2025-10-23T11:18:26.650942+00:00,,,,no,
.repo_studios/docs/automation,.repo_studios/docs/automation/validate_inventory.md,h2,Invocation,invocation,validate-inventory-producer,"The `validate_inventory.py` producer walks the inventory catalog, enforces schema conventions, and writes structured validation bundles for downstream tooling.",1882,2025-10-23T11:18:26.650942+00:00,,,,no,
.repo_studios/docs/automation,.repo_studios/docs/automation/validate_inventory.md,h2,Outputs,outputs,validate-inventory-producer,"The `validate_inventory.py` producer walks the inventory catalog, enforces schema conventions, and writes structured validation bundles for downstream tooling.",1882,2025-10-23T11:18:26.650942+00:00,,,,no,
.repo_studios/docs/automation,.repo_studios/docs/automation/validate_inventory.md,h2,Testing,testing,validate-inventory-producer,"The `validate_inventory.py` producer walks the inventory catalog, enforces schema conventions, and writes structured validation bundles for downstream tooling.",1882,2025-10-23T11:18:26.650942+00:00,,,,no,
.repo_studios/docs/automation,.repo_studios/docs/automation/validate_markdown_anchors.md,h1,validate_markdown_anchors.py,validatemarkdownanchorspy,,"`validate_markdown_anchors.py` scans curated Markdown files for internal anchor references and cross-file links, verifying that every referenced document exists and that GitHub-style heading slugs resolve. The producer emits JSON and…",3062,2025-11-25T19:39:48.109027+00:00,,,,no,
.repo_studios/docs/automation,.repo_studios/docs/automation/validate_markdown_anchors.md,h2,Purpose,purpose,validatemarkdownanchorspy,"`validate_markdown_anchors.py` scans curated Markdown files for internal anchor references and cross-file links, verifying that every referenced document exists and that GitHub-style heading slugs resolve. The producer emits JSON and…",3062,2025-11-25T19:39:48.109027+00:00,,,,no,
.repo_studios/docs/automation,.repo_studios/docs/automation/validate_markdown_anchors.md,h2,Invocation,invocation,validatemarkdownanchorspy,"`validate_markdown_anchors.py` scans curated Markdown files for internal anchor references and cross-file links, verifying that every referenced document exists and that GitHub-style heading slugs resolve. The producer emits JSON and…",3062,2025-11-25T19:39:48.109027+00:00,,,,no,
.repo_studios/docs/automation,.repo_studios/docs/automation/validate_markdown_anchors.md,h2,Outputs,outputs,validatemarkdownanchorspy,"`validate_markdown_anchors.py` scans curated Markdown files for internal anchor references and cross-file links, verifying that every referenced document exists and that GitHub-style heading slugs resolve. The producer emits JSON and…",3062,2025-11-25T19:39:48.109027+00:00,,,,no,
.repo_studios/docs/automation,.repo_studios/docs/automation/validate_markdown_anchors.md,h2,Status semantics,status-semantics,validatemarkdownanchorspy,"`validate_markdown_anchors.py` scans curated Markdown files for internal anchor references and cross-file links, verifying that every referenced document exists and that GitHub-style heading slugs resolve. The producer emits JSON and…",3062,2025-11-25T19:39:48.109027+00:00,,,,no,
.repo_studios/docs/automation,.repo_studios/docs/automation/validate_markdown_anchors.md,h2,Testing,testing,validatemarkdownanchorspy,"`validate_markdown_anchors.py` scans curated Markdown files for internal anchor references and cross-file links, verifying that every referenced document exists and that GitHub-style heading slugs resolve. The producer emits JSON and…",3062,2025-11-25T19:39:48.109027+00:00,,,,no,
.repo_studios/docs/automation,.repo_studios/docs/automation/validate_markdown_anchors.md,h2,Operational notes,operational-notes,validatemarkdownanchorspy,"`validate_markdown_anchors.py` scans curated Markdown files for internal anchor references and cross-file links, verifying that every referenced document exists and that GitHub-style heading slugs resolve. The producer emits JSON and…",3062,2025-11-25T19:39:48.109027+00:00,,,,no,
.repo_studios/docs/automation,.repo_studios/docs/automation/validate_metrics_anchor_stubs.md,h1,validate_metrics_anchor_stubs.py,validatemetricsanchorstubspy,,`validate_metrics_anchor_stubs.py` scans repository markdown for links into `docs/api/metrics_orchestrator.md` and ensures each referenced anchor has a matching legacy stub entry. The refactor emits structured artifacts…,3140,2025-10-23T23:24:42.780107+00:00,,,,no,
.repo_studios/docs/automation,.repo_studios/docs/automation/validate_metrics_anchor_stubs.md,h2,Purpose,purpose,validatemetricsanchorstubspy,`validate_metrics_anchor_stubs.py` scans repository markdown for links into `docs/api/metrics_orchestrator.md` and ensures each referenced anchor has a matching legacy stub entry. The refactor emits structured artifacts…,3140,2025-10-23T23:24:42.780107+00:00,,,,no,
.repo_studios/docs/automation,.repo_studios/docs/automation/validate_metrics_anchor_stubs.md,h2,Invocation,invocation,validatemetricsanchorstubspy,`validate_metrics_anchor_stubs.py` scans repository markdown for links into `docs/api/metrics_orchestrator.md` and ensures each referenced anchor has a matching legacy stub entry. The refactor emits structured artifacts…,3140,2025-10-23T23:24:42.780107+00:00,,,,no,
.repo_studios/docs/automation,.repo_studios/docs/automation/validate_metrics_anchor_stubs.md,h2,Outputs,outputs,validatemetricsanchorstubspy,`validate_metrics_anchor_stubs.py` scans repository markdown for links into `docs/api/metrics_orchestrator.md` and ensures each referenced anchor has a matching legacy stub entry. The refactor emits structured artifacts…,3140,2025-10-23T23:24:42.780107+00:00,,,,no,
.repo_studios/docs/automation,.repo_studios/docs/automation/validate_metrics_anchor_stubs.md,h2,Diagnostics,diagnostics,validatemetricsanchorstubspy,`validate_metrics_anchor_stubs.py` scans repository markdown for links into `docs/api/metrics_orchestrator.md` and ensures each referenced anchor has a matching legacy stub entry. The refactor emits structured artifacts…,3140,2025-10-23T23:24:42.780107+00:00,,,,no,
.repo_studios/docs/automation,.repo_studios/docs/automation/validate_metrics_anchor_stubs.md,h2,Testing,testing,validatemetricsanchorstubspy,`validate_metrics_anchor_stubs.py` scans repository markdown for links into `docs/api/metrics_orchestrator.md` and ensures each referenced anchor has a matching legacy stub entry. The refactor emits structured artifacts…,3140,2025-10-23T23:24:42.780107+00:00,,,,no,
.repo_studios/docs/automation,.repo_studios/docs/automation/validate_metrics_anchor_stubs.md,h2,Operational notes,operational-notes,validatemetricsanchorstubspy,`validate_metrics_anchor_stubs.py` scans repository markdown for links into `docs/api/metrics_orchestrator.md` and ensures each referenced anchor has a matching legacy stub entry. The refactor emits structured artifacts…,3140,2025-10-23T23:24:42.780107+00:00,,,,no,
.repo_studios/docs/automation,.repo_studios/docs/automation/verify_docs_integrity.md,h1,verify_docs_integrity,verifydocsintegrity,,`verify_docs_integrity.py` audits governed documentation JSON blocks to ensure each fenced payload exposes a stable `content_hash`. The script also refreshes the navigation table contained in `docs/standards/docs_index.md` unless `--no-…,2945,2025-11-04T14:45:22.664536+00:00,,,,no,
.repo_studios/docs/automation,.repo_studios/docs/automation/verify_docs_integrity.md,h2,Overview,overview,verifydocsintegrity,`verify_docs_integrity.py` audits governed documentation JSON blocks to ensure each fenced payload exposes a stable `content_hash`. The script also refreshes the navigation table contained in `docs/standards/docs_index.md` unless `--no-…,2945,2025-11-04T14:45:22.664536+00:00,,,,no,
.repo_studios/docs/automation,.repo_studios/docs/automation/verify_docs_integrity.md,h2,Invocation,invocation,verifydocsintegrity,`verify_docs_integrity.py` audits governed documentation JSON blocks to ensure each fenced payload exposes a stable `content_hash`. The script also refreshes the navigation table contained in `docs/standards/docs_index.md` unless `--no-…,2945,2025-11-04T14:45:22.664536+00:00,,,,no,
.repo_studios/docs/automation,.repo_studios/docs/automation/verify_docs_integrity.md,h2,Artifacts,artifacts,verifydocsintegrity,`verify_docs_integrity.py` audits governed documentation JSON blocks to ensure each fenced payload exposes a stable `content_hash`. The script also refreshes the navigation table contained in `docs/standards/docs_index.md` unless `--no-…,2945,2025-11-04T14:45:22.664536+00:00,,,,no,
.repo_studios/docs/automation,.repo_studios/docs/automation/verify_docs_integrity.md,h2,Exit semantics,exit-semantics,verifydocsintegrity,`verify_docs_integrity.py` audits governed documentation JSON blocks to ensure each fenced payload exposes a stable `content_hash`. The script also refreshes the navigation table contained in `docs/standards/docs_index.md` unless `--no-…,2945,2025-11-04T14:45:22.664536+00:00,,,,no,
.repo_studios/docs/automation,.repo_studios/docs/automation/verify_docs_integrity.md,h2,Integration Notes,integration-notes,verifydocsintegrity,`verify_docs_integrity.py` audits governed documentation JSON blocks to ensure each fenced payload exposes a stable `content_hash`. The script also refreshes the navigation table contained in `docs/standards/docs_index.md` unless `--no-…,2945,2025-11-04T14:45:22.664536+00:00,,,,no,
.repo_studios/docs,.repo_studios/docs/directory_layout.md,h1,Directory Layout Reference,directory-layout-reference,,Last updated: 2025-10-17,2677,2025-10-21T12:02:58.658325+00:00,,,,no,
.repo_studios/docs,.repo_studios/docs/directory_layout.md,h2,Current Structure,current-structure,directory-layout-reference,Last updated: 2025-10-17,2677,2025-10-21T12:02:58.658325+00:00,,,,no,
.repo_studios/docs,.repo_studios/docs/directory_layout.md,h2,Legacy Mapping,legacy-mapping,directory-layout-reference,Last updated: 2025-10-17,2677,2025-10-21T12:02:58.658325+00:00,,,,no,
.repo_studios/docs,.repo_studios/docs/directory_layout.md,h2,Operational Notes,operational-notes,directory-layout-reference,Last updated: 2025-10-17,2677,2025-10-21T12:02:58.658325+00:00,,,,no,
.repo_studios/docs,.repo_studios/docs/directory_layout.md,h2,Reports Roadmap,reports-roadmap,directory-layout-reference,Last updated: 2025-10-17,2677,2025-10-21T12:02:58.658325+00:00,,,,no,
.repo_studios/docs/governance,.repo_studios/docs/governance/alignment-ledger.md,h1,Repo Studios Alignment Ledger,repo-studios-alignment-ledger,,"This ledger tracks documentation alignment batches, remediation work, and follow-up actions. Populate entries chronologically with timestamps, owners, scopes, and outstanding notes to maintain an auditable trail.",251,2025-11-26T19:48:04.423689+00:00,,,,no,
.repo_studios/docs/inventory,.repo_studios/docs/inventory/inventory-notes.md,h1,Documentation Inventory Notes,documentation-inventory-notes,,Date: 2025-10-01 | Status: Draft | Phase: Discovery,11816,2025-11-28T14:18:05.289540+00:00,inventory;notes,repo_studios_ai,draft,yes,
.repo_studios/docs/inventory,.repo_studios/docs/inventory/inventory-notes.md,h2,Summary Metrics,summary-metrics,documentation-inventory-notes,Date: 2025-10-01 | Status: Draft | Phase: Discovery,11816,2025-11-28T14:18:05.289540+00:00,inventory;notes,repo_studios_ai,draft,yes,
.repo_studios/docs/inventory,.repo_studios/docs/inventory/inventory-notes.md,h2,Observations,observations,documentation-inventory-notes,Date: 2025-10-01 | Status: Draft | Phase: Discovery,11816,2025-11-28T14:18:05.289540+00:00,inventory;notes,repo_studios_ai,draft,yes,
.repo_studios/docs/inventory,.repo_studios/docs/inventory/inventory-notes.md,h2,Action Items,action-items,documentation-inventory-notes,Date: 2025-10-01 | Status: Draft | Phase: Discovery,11816,2025-11-28T14:18:05.289540+00:00,inventory;notes,repo_studios_ai,draft,yes,
.repo_studios/docs/inventory,.repo_studios/docs/inventory/inventory-notes.md,h2,Concerns,concerns,documentation-inventory-notes,Date: 2025-10-01 | Status: Draft | Phase: Discovery,11816,2025-11-28T14:18:05.289540+00:00,inventory;notes,repo_studios_ai,draft,yes,
.repo_studios/docs/inventory,.repo_studios/docs/inventory/inventory-notes.md,h2,Gaps to Investigate,gaps-to-investigate,documentation-inventory-notes,Date: 2025-10-01 | Status: Draft | Phase: Discovery,11816,2025-11-28T14:18:05.289540+00:00,inventory;notes,repo_studios_ai,draft,yes,
.repo_studios/docs/inventory,.repo_studios/docs/inventory/inventory-notes.md,h2,Next Steps,next-steps,documentation-inventory-notes,Date: 2025-10-01 | Status: Draft | Phase: Discovery,11816,2025-11-28T14:18:05.289540+00:00,inventory;notes,repo_studios_ai,draft,yes,
.repo_studios/docs,.repo_studios/docs/inventory_reports.md,h1,Inventory Reports Overview,inventory-reports-overview,,Last updated: 2025-10-18,2574,2025-10-21T12:02:58.661326+00:00,,,,no,
.repo_studios/docs,.repo_studios/docs/inventory_reports.md,h2,Running the Renderer,running-the-renderer,inventory-reports-overview,Last updated: 2025-10-18,2574,2025-10-21T12:02:58.661326+00:00,,,,no,
.repo_studios/docs,.repo_studios/docs/inventory_reports.md,h2,Report Layout,report-layout,inventory-reports-overview,Last updated: 2025-10-18,2574,2025-10-21T12:02:58.661326+00:00,,,,no,
.repo_studios/docs,.repo_studios/docs/inventory_reports.md,h2,CI Consumption Patterns,ci-consumption-patterns,inventory-reports-overview,Last updated: 2025-10-18,2574,2025-10-21T12:02:58.661326+00:00,,,,no,
.repo_studios/docs,.repo_studios/docs/inventory_schema_spec.md,h1,Inventory Schema Specification,inventory-schema-specification,,Last updated: 2025-10-17,5455,2025-10-21T12:02:58.661326+00:00,,,,no,
.repo_studios/docs,.repo_studios/docs/inventory_schema_spec.md,h2,1. Record Structure,1-record-structure,inventory-schema-specification,Last updated: 2025-10-17,5455,2025-10-21T12:02:58.661326+00:00,,,,no,
.repo_studios/docs,.repo_studios/docs/inventory_schema_spec.md,h2,2. Enumerations,2-enumerations,inventory-schema-specification,Last updated: 2025-10-17,5455,2025-10-21T12:02:58.661326+00:00,,,,no,
.repo_studios/docs,.repo_studios/docs/inventory_schema_spec.md,h2,3. Dependency Block,3-dependency-block,inventory-schema-specification,Last updated: 2025-10-17,5455,2025-10-21T12:02:58.661326+00:00,,,,no,
.repo_studios/docs,.repo_studios/docs/inventory_schema_spec.md,h2,4. Notes Block,4-notes-block,inventory-schema-specification,Last updated: 2025-10-17,5455,2025-10-21T12:02:58.661326+00:00,,,,no,
.repo_studios/docs,.repo_studios/docs/inventory_schema_spec.md,h2,5. Example Entry,5-example-entry,inventory-schema-specification,Last updated: 2025-10-17,5455,2025-10-21T12:02:58.661326+00:00,,,,no,
.repo_studios/docs,.repo_studios/docs/inventory_schema_spec.md,h2,6. Validation Requirements,6-validation-requirements,inventory-schema-specification,Last updated: 2025-10-17,5455,2025-10-21T12:02:58.661326+00:00,,,,no,
.repo_studios/docs,.repo_studios/docs/inventory_schema_spec.md,h2,7. Future Extensions,7-future-extensions,inventory-schema-specification,Last updated: 2025-10-17,5455,2025-10-21T12:02:58.661326+00:00,,,,no,
.repo_studios/docs,.repo_studios/docs/inventory_validation.md,h1,Inventory Validation Guide,inventory-validation-guide,,Last updated: 2025-10-18,2350,2025-10-21T12:02:58.662325+00:00,,,,no,
.repo_studios/docs,.repo_studios/docs/inventory_validation.md,h2,Running the Validator,running-the-validator,inventory-validation-guide,Last updated: 2025-10-18,2350,2025-10-21T12:02:58.662325+00:00,,,,no,
.repo_studios/docs,.repo_studios/docs/inventory_validation.md,h2,Validation Coverage,validation-coverage,inventory-validation-guide,Last updated: 2025-10-18,2350,2025-10-21T12:02:58.662325+00:00,,,,no,
.repo_studios/docs,.repo_studios/docs/inventory_validation.md,h2,Configuration Notes,configuration-notes,inventory-validation-guide,Last updated: 2025-10-18,2350,2025-10-21T12:02:58.662325+00:00,,,,no,
.repo_studios/docs,.repo_studios/docs/inventory_validation.md,h2,Roadmap,roadmap,inventory-validation-guide,Last updated: 2025-10-18,2350,2025-10-21T12:02:58.662325+00:00,,,,no,
.repo_studios/docs,.repo_studios/docs/naming_conventions.md,h1,Repo Studios Naming Conventions,repo-studios-naming-conventions,,Last updated: 2025-10-18,1625,2025-10-21T12:02:58.662325+00:00,,,,no,
.repo_studios/docs,.repo_studios/docs/naming_conventions.md,h2,Files & Directories,files-directories,repo-studios-naming-conventions,Last updated: 2025-10-18,1625,2025-10-21T12:02:58.662325+00:00,,,,no,
.repo_studios/docs,.repo_studios/docs/naming_conventions.md,h2,Scripts & Automation,scripts-automation,repo-studios-naming-conventions,Last updated: 2025-10-18,1625,2025-10-21T12:02:58.662325+00:00,,,,no,
.repo_studios/docs,.repo_studios/docs/naming_conventions.md,h2,Tests & Fixtures,tests-fixtures,repo-studios-naming-conventions,Last updated: 2025-10-18,1625,2025-10-21T12:02:58.662325+00:00,,,,no,
.repo_studios/docs,.repo_studios/docs/naming_conventions.md,h2,Inventory IDs,inventory-ids,repo-studios-naming-conventions,Last updated: 2025-10-18,1625,2025-10-21T12:02:58.662325+00:00,,,,no,
.repo_studios/docs/playbooks,.repo_studios/docs/playbooks/playbook-agent-operations.md,h1,Repo Studios Agent Operations Playbook,repo-studios-agent-operations-playbook,,Audience: Repo Studios automation | Human developers | Partner agents,4904,2025-11-28T14:18:05.280027+00:00,playbook;operations;repo-studios,repo_studios_ai;repo_studios_team@rainmakerprotocol.dev,draft,no,
.repo_studios/docs/playbooks,.repo_studios/docs/playbooks/playbook-agent-operations.md,h2,System Snapshot,system-snapshot,repo-studios-agent-operations-playbook,Audience: Repo Studios automation | Human developers | Partner agents,4904,2025-11-28T14:18:05.280027+00:00,playbook;operations;repo-studios,repo_studios_ai;repo_studios_team@rainmakerprotocol.dev,draft,no,
.repo_studios/docs/playbooks,.repo_studios/docs/playbooks/playbook-agent-operations.md,h2,Core Responsibilities,core-responsibilities,repo-studios-agent-operations-playbook,Audience: Repo Studios automation | Human developers | Partner agents,4904,2025-11-28T14:18:05.280027+00:00,playbook;operations;repo-studios,repo_studios_ai;repo_studios_team@rainmakerprotocol.dev,draft,no,
.repo_studios/docs/playbooks,.repo_studios/docs/playbooks/playbook-agent-operations.md,h2,Daily Command Checklist,daily-command-checklist,repo-studios-agent-operations-playbook,Audience: Repo Studios automation | Human developers | Partner agents,4904,2025-11-28T14:18:05.280027+00:00,playbook;operations;repo-studios,repo_studios_ai;repo_studios_team@rainmakerprotocol.dev,draft,no,
.repo_studios/docs/playbooks,.repo_studios/docs/playbooks/playbook-agent-operations.md,h2,Standards Reference Map,standards-reference-map,repo-studios-agent-operations-playbook,Audience: Repo Studios automation | Human developers | Partner agents,4904,2025-11-28T14:18:05.280027+00:00,playbook;operations;repo-studios,repo_studios_ai;repo_studios_team@rainmakerprotocol.dev,draft,no,
.repo_studios/docs/playbooks,.repo_studios/docs/playbooks/playbook-agent-operations.md,h2,Logging & Observability,logging-observability,repo-studios-agent-operations-playbook,Audience: Repo Studios automation | Human developers | Partner agents,4904,2025-11-28T14:18:05.280027+00:00,playbook;operations;repo-studios,repo_studios_ai;repo_studios_team@rainmakerprotocol.dev,draft,no,
.repo_studios/docs/playbooks,.repo_studios/docs/playbooks/playbook-agent-operations.md,h2,Collaboration Protocol,collaboration-protocol,repo-studios-agent-operations-playbook,Audience: Repo Studios automation | Human developers | Partner agents,4904,2025-11-28T14:18:05.280027+00:00,playbook;operations;repo-studios,repo_studios_ai;repo_studios_team@rainmakerprotocol.dev,draft,no,
.repo_studios/docs/playbooks,.repo_studios/docs/playbooks/playbook-agent-operations.md,h2,Agent Block (Machine-Readable),agent-block-machine-readable,repo-studios-agent-operations-playbook,Audience: Repo Studios automation | Human developers | Partner agents,4904,2025-11-28T14:18:05.280027+00:00,playbook;operations;repo-studios,repo_studios_ai;repo_studios_team@rainmakerprotocol.dev,draft,no,
.repo_studios/docs/playbooks,.repo_studios/docs/playbooks/playbook-memory-refresh.md,h1,Repo Studios Memory Refresh Playbook,repo-studios-memory-refresh-playbook,,Audience: Repo Studios automation | Memory maintainers,4891,2025-10-21T12:02:58.663326+00:00,memory;playbook;rag,repo_studios_ai;repo_studios_team@rainmakerprotocol.dev,approved,no,
.repo_studios/docs/playbooks,.repo_studios/docs/playbooks/playbook-memory-refresh.md,h2,Triggers,triggers,repo-studios-memory-refresh-playbook,Audience: Repo Studios automation | Memory maintainers,4891,2025-10-21T12:02:58.663326+00:00,memory;playbook;rag,repo_studios_ai;repo_studios_team@rainmakerprotocol.dev,approved,no,
.repo_studios/docs/playbooks,.repo_studios/docs/playbooks/playbook-memory-refresh.md,h2,Preconditions,preconditions,repo-studios-memory-refresh-playbook,Audience: Repo Studios automation | Memory maintainers,4891,2025-10-21T12:02:58.663326+00:00,memory;playbook;rag,repo_studios_ai;repo_studios_team@rainmakerprotocol.dev,approved,no,
.repo_studios/docs/playbooks,.repo_studios/docs/playbooks/playbook-memory-refresh.md,h2,Execution Steps,execution-steps,repo-studios-memory-refresh-playbook,Audience: Repo Studios automation | Memory maintainers,4891,2025-10-21T12:02:58.663326+00:00,memory;playbook;rag,repo_studios_ai;repo_studios_team@rainmakerprotocol.dev,approved,no,
.repo_studios/docs/playbooks,.repo_studios/docs/playbooks/playbook-memory-refresh.md,h2,Outputs,outputs,repo-studios-memory-refresh-playbook,Audience: Repo Studios automation | Memory maintainers,4891,2025-10-21T12:02:58.663326+00:00,memory;playbook;rag,repo_studios_ai;repo_studios_team@rainmakerprotocol.dev,approved,no,
.repo_studios/docs/playbooks,.repo_studios/docs/playbooks/playbook-memory-refresh.md,h2,Success Criteria,success-criteria,repo-studios-memory-refresh-playbook,Audience: Repo Studios automation | Memory maintainers,4891,2025-10-21T12:02:58.663326+00:00,memory;playbook;rag,repo_studios_ai;repo_studios_team@rainmakerprotocol.dev,approved,no,
.repo_studios/docs/playbooks,.repo_studios/docs/playbooks/playbook-memory-refresh.md,h2,Observability Signals,observability-signals,repo-studios-memory-refresh-playbook,Audience: Repo Studios automation | Memory maintainers,4891,2025-10-21T12:02:58.663326+00:00,memory;playbook;rag,repo_studios_ai;repo_studios_team@rainmakerprotocol.dev,approved,no,
.repo_studios/docs/playbooks,.repo_studios/docs/playbooks/playbook-memory-refresh.md,h2,Rollback,rollback,repo-studios-memory-refresh-playbook,Audience: Repo Studios automation | Memory maintainers,4891,2025-10-21T12:02:58.663326+00:00,memory;playbook;rag,repo_studios_ai;repo_studios_team@rainmakerprotocol.dev,approved,no,
.repo_studios/docs/playbooks,.repo_studios/docs/playbooks/playbook-memory-refresh.md,h2,Related Resources,related-resources,repo-studios-memory-refresh-playbook,Audience: Repo Studios automation | Memory maintainers,4891,2025-10-21T12:02:58.663326+00:00,memory;playbook;rag,repo_studios_ai;repo_studios_team@rainmakerprotocol.dev,approved,no,
.repo_studios/docs/playbooks,.repo_studios/docs/playbooks/playbook-memory-refresh.md,h2,Agent Block (Machine-Readable),agent-block-machine-readable,repo-studios-memory-refresh-playbook,Audience: Repo Studios automation | Memory maintainers,4891,2025-10-21T12:02:58.663326+00:00,memory;playbook;rag,repo_studios_ai;repo_studios_team@rainmakerprotocol.dev,approved,no,
.repo_studios/docs/playbooks,.repo_studios/docs/playbooks/playbook-migration.md,h1,Repo Studios Migration Playbook,repo-studios-migration-playbook,,Audience: Repo Studios automation | Human collaborators,4277,2025-11-04T14:45:22.667537+00:00,migration;playbook;repo-studios,repo_studios_ai;repo_studios_team@rainmakerprotocol.dev,draft,no,
.repo_studios/docs/playbooks,.repo_studios/docs/playbooks/playbook-migration.md,h2,Scope & Prerequisites,scope-prerequisites,repo-studios-migration-playbook,Audience: Repo Studios automation | Human collaborators,4277,2025-11-04T14:45:22.667537+00:00,migration;playbook;repo-studios,repo_studios_ai;repo_studios_team@rainmakerprotocol.dev,draft,no,
.repo_studios/docs/playbooks,.repo_studios/docs/playbooks/playbook-migration.md,h2,Migration Checklist,migration-checklist,repo-studios-migration-playbook,Audience: Repo Studios automation | Human collaborators,4277,2025-11-04T14:45:22.667537+00:00,migration;playbook;repo-studios,repo_studios_ai;repo_studios_team@rainmakerprotocol.dev,draft,no,
.repo_studios/docs/playbooks,.repo_studios/docs/playbooks/playbook-migration.md,h2,Validation Signals,validation-signals,repo-studios-migration-playbook,Audience: Repo Studios automation | Human collaborators,4277,2025-11-04T14:45:22.667537+00:00,migration;playbook;repo-studios,repo_studios_ai;repo_studios_team@rainmakerprotocol.dev,draft,no,
.repo_studios/docs/playbooks,.repo_studios/docs/playbooks/playbook-migration.md,h2,Rollback Guidance,rollback-guidance,repo-studios-migration-playbook,Audience: Repo Studios automation | Human collaborators,4277,2025-11-04T14:45:22.667537+00:00,migration;playbook;repo-studios,repo_studios_ai;repo_studios_team@rainmakerprotocol.dev,draft,no,
.repo_studios/docs/playbooks,.repo_studios/docs/playbooks/playbook-migration.md,h2,Agent Block (Machine-Readable),agent-block-machine-readable,repo-studios-migration-playbook,Audience: Repo Studios automation | Human collaborators,4277,2025-11-04T14:45:22.667537+00:00,migration;playbook;repo-studios,repo_studios_ai;repo_studios_team@rainmakerprotocol.dev,draft,no,
.repo_studios/docs/playbooks,.repo_studios/docs/playbooks/playbook-prompt-library.md,h1,Repo Studios Prompt Library Playbook,repo-studios-prompt-library-playbook,,Audience: Repo Studios automation | Human collaborators,3166,2025-11-04T14:45:22.667537+00:00,prompts;playbook;ai-ingestion,repo_studios_ai;repo_studios_team@rainmakerprotocol.dev,approved,no,
.repo_studios/docs/playbooks,.repo_studios/docs/playbooks/playbook-prompt-library.md,h2,Core Rules,core-rules,repo-studios-prompt-library-playbook,Audience: Repo Studios automation | Human collaborators,3166,2025-11-04T14:45:22.667537+00:00,prompts;playbook;ai-ingestion,repo_studios_ai;repo_studios_team@rainmakerprotocol.dev,approved,no,
.repo_studios/docs/playbooks,.repo_studios/docs/playbooks/playbook-prompt-library.md,h2,Workflow Checklist,workflow-checklist,repo-studios-prompt-library-playbook,Audience: Repo Studios automation | Human collaborators,3166,2025-11-04T14:45:22.667537+00:00,prompts;playbook;ai-ingestion,repo_studios_ai;repo_studios_team@rainmakerprotocol.dev,approved,no,
.repo_studios/docs/playbooks,.repo_studios/docs/playbooks/playbook-prompt-library.md,h2,Updating Prompts,updating-prompts,repo-studios-prompt-library-playbook,Audience: Repo Studios automation | Human collaborators,3166,2025-11-04T14:45:22.667537+00:00,prompts;playbook;ai-ingestion,repo_studios_ai;repo_studios_team@rainmakerprotocol.dev,approved,no,
.repo_studios/docs/playbooks,.repo_studios/docs/playbooks/playbook-prompt-library.md,h2,Reference Commands,reference-commands,repo-studios-prompt-library-playbook,Audience: Repo Studios automation | Human collaborators,3166,2025-11-04T14:45:22.667537+00:00,prompts;playbook;ai-ingestion,repo_studios_ai;repo_studios_team@rainmakerprotocol.dev,approved,no,
.repo_studios/docs/playbooks,.repo_studios/docs/playbooks/playbook-prompt-library.md,h2,Governance Notes,governance-notes,repo-studios-prompt-library-playbook,Audience: Repo Studios automation | Human collaborators,3166,2025-11-04T14:45:22.667537+00:00,prompts;playbook;ai-ingestion,repo_studios_ai;repo_studios_team@rainmakerprotocol.dev,approved,no,
.repo_studios/docs/playbooks,.repo_studios/docs/playbooks/playbook-prompt-library.md,h2,Agent Block (Machine-Readable),agent-block-machine-readable,repo-studios-prompt-library-playbook,Audience: Repo Studios automation | Human collaborators,3166,2025-11-04T14:45:22.667537+00:00,prompts;playbook;ai-ingestion,repo_studios_ai;repo_studios_team@rainmakerprotocol.dev,approved,no,
.repo_studios/docs,.repo_studios/docs/project_tree_overview.md,h1,Project Tree Overview,project-tree-overview,,"This document is refreshed automatically by `run_batch_cleanup.py`. Edits outside the tree block are preserved, but avoid modifying the block between the markers.",8381,2025-11-27T17:56:35.814451+00:00,,,,yes,
.repo_studios/docs,.repo_studios/docs/repo_studios_build_plan.md,h1,Repo Studios Build Plan,repo-studios-build-plan,,_Last updated: 2025-10-17_,7647,2025-10-21T12:02:58.665326+00:00,,,,no,
.repo_studios/docs,.repo_studios/docs/repo_studios_build_plan.md,h2,Guiding Principles,guiding-principles,repo-studios-build-plan,_Last updated: 2025-10-17_,7647,2025-10-21T12:02:58.665326+00:00,,,,no,
.repo_studios/docs,.repo_studios/docs/repo_studios_build_plan.md,h2,Phase 0 — Alignment (Complete),phase-0-alignment-complete,repo-studios-build-plan,_Last updated: 2025-10-17_,7647,2025-10-21T12:02:58.665326+00:00,,,,no,
.repo_studios/docs,.repo_studios/docs/repo_studios_build_plan.md,h2,Phase 1 — Foundation & Inventory,phase-1-foundation-inventory,repo-studios-build-plan,_Last updated: 2025-10-17_,7647,2025-10-21T12:02:58.665326+00:00,,,,no,
.repo_studios/docs,.repo_studios/docs/repo_studios_build_plan.md,h2,Phase 2 — Migration & Normalization,phase-2-migration-normalization,repo-studios-build-plan,_Last updated: 2025-10-17_,7647,2025-10-21T12:02:58.665326+00:00,,,,no,
.repo_studios/docs,.repo_studios/docs/repo_studios_build_plan.md,h2,Phase 3 — Automation & Quality Gates,phase-3-automation-quality-gates,repo-studios-build-plan,_Last updated: 2025-10-17_,7647,2025-10-21T12:02:58.665326+00:00,,,,no,
.repo_studios/docs,.repo_studios/docs/repo_studios_build_plan.md,h2,Phase 4 — Reporting & Observability Enhancements,phase-4-reporting-observability-enhancements,repo-studios-build-plan,_Last updated: 2025-10-17_,7647,2025-10-21T12:02:58.665326+00:00,,,,no,
.repo_studios/docs,.repo_studios/docs/repo_studios_build_plan.md,h2,Phase 5 — Governance & Onboarding Assets,phase-5-governance-onboarding-assets,repo-studios-build-plan,_Last updated: 2025-10-17_,7647,2025-10-21T12:02:58.665326+00:00,,,,no,
.repo_studios/docs,.repo_studios/docs/repo_studios_build_plan.md,h2,Parallel Workstreams,parallel-workstreams,repo-studios-build-plan,_Last updated: 2025-10-17_,7647,2025-10-21T12:02:58.665326+00:00,,,,no,
.repo_studios/docs,.repo_studios/docs/repo_studios_build_plan.md,h2,Deliverables Snapshot,deliverables-snapshot,repo-studios-build-plan,_Last updated: 2025-10-17_,7647,2025-10-21T12:02:58.665326+00:00,,,,no,
.repo_studios/docs/standards,.repo_studios/docs/standards/docs_index.md,h1,Repo Studios Documentation Index,repo-studios-documentation-index,,This index enumerates governed documentation surfaces that participate in Repo Studios integrity checks.,1626,2025-12-01T04:26:35.221102+00:00,,,,no,
.repo_studios/docs/standards,.repo_studios/docs/standards/docs_index.md,h2,Healthview Artifacts,healthview-artifacts,repo-studios-documentation-index,This index enumerates governed documentation surfaces that participate in Repo Studios integrity checks.,1626,2025-12-01T04:26:35.221102+00:00,,,,no,
.repo_studios/docs/standards/global,.repo_studios/docs/standards/global/README.md,h1,Global Standards Catalog,global-standards-catalog,,Last updated: 2025-10-18,1094,2025-10-21T12:02:58.666326+00:00,,,,no,
.repo_studios/docs/standards/global,.repo_studios/docs/standards/global/README.md,h2,Authoring Guidelines,authoring-guidelines,global-standards-catalog,Last updated: 2025-10-18,1094,2025-10-21T12:02:58.666326+00:00,,,,no,
.repo_studios/docs/standards/global,.repo_studios/docs/standards/global/README.md,h2,Migration Notes,migration-notes,global-standards-catalog,Last updated: 2025-10-18,1094,2025-10-21T12:02:58.666326+00:00,,,,no,
.repo_studios/docs/standards/global,.repo_studios/docs/standards/global/std-global-chainlit-ui.md,h2,Project Structure,project-structure,,,6483,2025-10-21T12:02:58.667326+00:00,chainlit;ui;async,repo_studios_team@rainmakerprotocol.dev,approved,no,
.repo_studios/docs/standards/global,.repo_studios/docs/standards/global/std-global-chainlit-ui.md,h2,Lifecycle Hooks (Required),lifecycle-hooks-required,,,6483,2025-10-21T12:02:58.667326+00:00,chainlit;ui;async,repo_studios_team@rainmakerprotocol.dev,approved,no,
.repo_studios/docs/standards/global,.repo_studios/docs/standards/global/std-global-chainlit-ui.md,h2,Async Patterns and Cancellation,async-patterns-and-cancellation,,,6483,2025-10-21T12:02:58.667326+00:00,chainlit;ui;async,repo_studios_team@rainmakerprotocol.dev,approved,no,
.repo_studios/docs/standards/global,.repo_studios/docs/standards/global/std-global-chainlit-ui.md,h2,"Message Semantics: Create, Update, Stream",message-semantics-create-update-stream,,,6483,2025-10-21T12:02:58.667326+00:00,chainlit;ui;async,repo_studios_team@rainmakerprotocol.dev,approved,no,
.repo_studios/docs/standards/global,.repo_studios/docs/standards/global/std-global-chainlit-ui.md,h2,Inputs and Actions,inputs-and-actions,,,6483,2025-10-21T12:02:58.667326+00:00,chainlit;ui;async,repo_studios_team@rainmakerprotocol.dev,approved,no,
.repo_studios/docs/standards/global,.repo_studios/docs/standards/global/std-global-chainlit-ui.md,h2,State Management,state-management,,,6483,2025-10-21T12:02:58.667326+00:00,chainlit;ui;async,repo_studios_team@rainmakerprotocol.dev,approved,no,
.repo_studios/docs/standards/global,.repo_studios/docs/standards/global/std-global-chainlit-ui.md,h2,Error Handling and UX,error-handling-and-ux,,,6483,2025-10-21T12:02:58.667326+00:00,chainlit;ui;async,repo_studios_team@rainmakerprotocol.dev,approved,no,
.repo_studios/docs/standards/global,.repo_studios/docs/standards/global/std-global-chainlit-ui.md,h2,Observability,observability,,,6483,2025-10-21T12:02:58.667326+00:00,chainlit;ui;async,repo_studios_team@rainmakerprotocol.dev,approved,no,
.repo_studios/docs/standards/global,.repo_studios/docs/standards/global/std-global-chainlit-ui.md,h2,Testing and Testability,testing-and-testability,,,6483,2025-10-21T12:02:58.667326+00:00,chainlit;ui;async,repo_studios_team@rainmakerprotocol.dev,approved,no,
.repo_studios/docs/standards/global,.repo_studios/docs/standards/global/std-global-chainlit-ui.md,h2,Security,security,,,6483,2025-10-21T12:02:58.667326+00:00,chainlit;ui;async,repo_studios_team@rainmakerprotocol.dev,approved,no,
.repo_studios/docs/standards/global,.repo_studios/docs/standards/global/std-global-chainlit-ui.md,h2,Alignment with Repo Studios Orchestration,alignment-with-repo-studios-orchestration,,,6483,2025-10-21T12:02:58.667326+00:00,chainlit;ui;async,repo_studios_team@rainmakerprotocol.dev,approved,no,
.repo_studios/docs/standards/global,.repo_studios/docs/standards/global/std-global-chainlit-ui.md,h2,Anchor Health Cross-Link,anchor-health-cross-link,,,6483,2025-10-21T12:02:58.667326+00:00,chainlit;ui;async,repo_studios_team@rainmakerprotocol.dev,approved,no,
.repo_studios/docs/standards/global,.repo_studios/docs/standards/global/std-global-chainlit-ui.md,h2,Learned Fixes (append here),learned-fixes-append-here,,,6483,2025-10-21T12:02:58.667326+00:00,chainlit;ui;async,repo_studios_team@rainmakerprotocol.dev,approved,no,
.repo_studios/docs/standards/global,.repo_studios/docs/standards/global/std-global-code-cleanup.md,h1,Repo Studios Code Cleanup Instructions,repo-studios-code-cleanup-instructions,,Target Folder: `metrics_storage/storage` (override with `-t <path>` when using the tool below),5411,2025-10-21T12:02:58.667326+00:00,cleanup;refactor;standards,repo_studios_team@rainmakerprotocol.dev,active,no,
.repo_studios/docs/standards/global,.repo_studios/docs/standards/global/std-global-code-cleanup.md,h1,Insert bad pattern here,insert-bad-pattern-here,,Target Folder: `metrics_storage/storage` (override with `-t <path>` when using the tool below),5411,2025-10-21T12:02:58.667326+00:00,cleanup;refactor;standards,repo_studios_team@rainmakerprotocol.dev,active,no,
.repo_studios/docs/standards/global,.repo_studios/docs/standards/global/std-global-code-cleanup.md,h1,Insert the approved pattern or fix here (with type hints + docstring when applicable),insert-the-approved-pattern-or-fix-here-with-type-hints-docstring-when-applicable,,Target Folder: `metrics_storage/storage` (override with `-t <path>` when using the tool below),5411,2025-10-21T12:02:58.667326+00:00,cleanup;refactor;standards,repo_studios_team@rainmakerprotocol.dev,active,no,
.repo_studios/docs/standards/global,.repo_studios/docs/standards/global/std-global-code-cleanup.md,h2,Primary Objective,primary-objective,repo-studios-code-cleanup-instructions,Target Folder: `metrics_storage/storage` (override with `-t <path>` when using the tool below),5411,2025-10-21T12:02:58.667326+00:00,cleanup;refactor;standards,repo_studios_team@rainmakerprotocol.dev,active,no,
.repo_studios/docs/standards/global,.repo_studios/docs/standards/global/std-global-code-cleanup.md,h2,Testing Protocol,testing-protocol,repo-studios-code-cleanup-instructions,Target Folder: `metrics_storage/storage` (override with `-t <path>` when using the tool below),5411,2025-10-21T12:02:58.667326+00:00,cleanup;refactor;standards,repo_studios_team@rainmakerprotocol.dev,active,no,
.repo_studios/docs/standards/global,.repo_studios/docs/standards/global/std-global-code-cleanup.md,h2,Logging Protocol (`repo_clean_log`),logging-protocol-repocleanlog,repo-studios-code-cleanup-instructions,Target Folder: `metrics_storage/storage` (override with `-t <path>` when using the tool below),5411,2025-10-21T12:02:58.667326+00:00,cleanup;refactor;standards,repo_studios_team@rainmakerprotocol.dev,active,no,
.repo_studios/docs/standards/global,.repo_studios/docs/standards/global/std-global-code-cleanup.md,h2,Self-Improvement Protocol,self-improvement-protocol,repo-studios-code-cleanup-instructions,Target Folder: `metrics_storage/storage` (override with `-t <path>` when using the tool below),5411,2025-10-21T12:02:58.667326+00:00,cleanup;refactor;standards,repo_studios_team@rainmakerprotocol.dev,active,no,
.repo_studios/docs/standards/global,.repo_studios/docs/standards/global/std-global-code-cleanup.md,h2,Operational Notes (Agent-Specific),operational-notes-agent-specific,insert-the-approved-pattern-or-fix-here-with-type-hints-docstring-when-applicable,Target Folder: `metrics_storage/storage` (override with `-t <path>` when using the tool below),5411,2025-10-21T12:02:58.667326+00:00,cleanup;refactor;standards,repo_studios_team@rainmakerprotocol.dev,active,no,
.repo_studios/docs/standards/global,.repo_studios/docs/standards/global/std-global-code-cleanup.md,h2,Completion Criteria,completion-criteria,insert-the-approved-pattern-or-fix-here-with-type-hints-docstring-when-applicable,Target Folder: `metrics_storage/storage` (override with `-t <path>` when using the tool below),5411,2025-10-21T12:02:58.667326+00:00,cleanup;refactor;standards,repo_studios_team@rainmakerprotocol.dev,active,no,
.repo_studios/docs/standards/global,.repo_studios/docs/standards/global/std-global-code-cleanup.md,h2,Anchor Health Cross-Link,anchor-health-cross-link,insert-the-approved-pattern-or-fix-here-with-type-hints-docstring-when-applicable,Target Folder: `metrics_storage/storage` (override with `-t <path>` when using the tool below),5411,2025-10-21T12:02:58.667326+00:00,cleanup;refactor;standards,repo_studios_team@rainmakerprotocol.dev,active,no,
.repo_studios/docs/standards/global,.repo_studios/docs/standards/global/std-global-css-authoring.md,h2,Source Structure,source-structure,,,2495,2025-11-07T03:43:35.611632+00:00,,,draft,no,
.repo_studios/docs/standards/global,.repo_studios/docs/standards/global/std-global-css-authoring.md,h2,Naming & Specificity,naming-specificity,,,2495,2025-11-07T03:43:35.611632+00:00,,,draft,no,
.repo_studios/docs/standards/global,.repo_studios/docs/standards/global/std-global-css-authoring.md,h2,Performance & Accessibility,performance-accessibility,,,2495,2025-11-07T03:43:35.611632+00:00,,,draft,no,
.repo_studios/docs/standards/global,.repo_studios/docs/standards/global/std-global-css-authoring.md,h2,Tooling & Delivery,tooling-delivery,,,2495,2025-11-07T03:43:35.611632+00:00,,,draft,no,
.repo_studios/docs/standards/global,.repo_studios/docs/standards/global/std-global-css-authoring.md,h2,Documentation,documentation,,,2495,2025-11-07T03:43:35.611632+00:00,,,draft,no,
.repo_studios/docs/standards/global,.repo_studios/docs/standards/global/std-global-html-coding.md,h1,Repo Studios HTML Coding Practices,repo-studios-html-coding-practices,,Audience: Repo Studios | Agents | Developers | All,6156,2025-10-21T12:02:58.668326+00:00,html;standards;accessibility,repo_studios_team@rainmakerprotocol.dev,approved,no,
.repo_studios/docs/standards/global,.repo_studios/docs/standards/global/std-global-html-coding.md,h2,✅ HTML Structure Best Practices,html-structure-best-practices,repo-studios-html-coding-practices,Audience: Repo Studios | Agents | Developers | All,6156,2025-10-21T12:02:58.668326+00:00,html;standards;accessibility,repo_studios_team@rainmakerprotocol.dev,approved,no,
.repo_studios/docs/standards/global,.repo_studios/docs/standards/global/std-global-html-coding.md,h2,🏷️ Naming & Class Conventions,naming-class-conventions,repo-studios-html-coding-practices,Audience: Repo Studios | Agents | Developers | All,6156,2025-10-21T12:02:58.668326+00:00,html;standards;accessibility,repo_studios_team@rainmakerprotocol.dev,approved,no,
.repo_studios/docs/standards/global,.repo_studios/docs/standards/global/std-global-html-coding.md,h2,🎨 Styling & CSS,styling-css,repo-studios-html-coding-practices,Audience: Repo Studios | Agents | Developers | All,6156,2025-10-21T12:02:58.668326+00:00,html;standards;accessibility,repo_studios_team@rainmakerprotocol.dev,approved,no,
.repo_studios/docs/standards/global,.repo_studios/docs/standards/global/std-global-html-coding.md,h2,♿ Accessibility (A11Y),accessibility-a11y,repo-studios-html-coding-practices,Audience: Repo Studios | Agents | Developers | All,6156,2025-10-21T12:02:58.668326+00:00,html;standards;accessibility,repo_studios_team@rainmakerprotocol.dev,approved,no,
.repo_studios/docs/standards/global,.repo_studios/docs/standards/global/std-global-html-coding.md,h2,🧠 AI & Agent Compatibility,ai-agent-compatibility,repo-studios-html-coding-practices,Audience: Repo Studios | Agents | Developers | All,6156,2025-10-21T12:02:58.668326+00:00,html;standards;accessibility,repo_studios_team@rainmakerprotocol.dev,approved,no,
.repo_studios/docs/standards/global,.repo_studios/docs/standards/global/std-global-html-coding.md,h2,💡 Common Layout Patterns,common-layout-patterns,repo-studios-html-coding-practices,Audience: Repo Studios | Agents | Developers | All,6156,2025-10-21T12:02:58.668326+00:00,html;standards;accessibility,repo_studios_team@rainmakerprotocol.dev,approved,no,
.repo_studios/docs/standards/global,.repo_studios/docs/standards/global/std-global-html-coding.md,h2,🚫 Anti-Patterns to Avoid,anti-patterns-to-avoid,repo-studios-html-coding-practices,Audience: Repo Studios | Agents | Developers | All,6156,2025-10-21T12:02:58.668326+00:00,html;standards;accessibility,repo_studios_team@rainmakerprotocol.dev,approved,no,
.repo_studios/docs/standards/global,.repo_studios/docs/standards/global/std-global-html-coding.md,h2,🔁 Self-Improvement Protocol,self-improvement-protocol,repo-studios-html-coding-practices,Audience: Repo Studios | Agents | Developers | All,6156,2025-10-21T12:02:58.668326+00:00,html;standards;accessibility,repo_studios_team@rainmakerprotocol.dev,approved,no,
.repo_studios/docs/standards/global,.repo_studios/docs/standards/global/std-global-html-coding.md,h2,✅ Quick Checklists,quick-checklists,repo-studios-html-coding-practices,Audience: Repo Studios | Agents | Developers | All,6156,2025-10-21T12:02:58.668326+00:00,html;standards;accessibility,repo_studios_team@rainmakerprotocol.dev,approved,no,
.repo_studios/docs/standards/global,.repo_studios/docs/standards/global/std-global-html-coding.md,h2,📚 References,references,repo-studios-html-coding-practices,Audience: Repo Studios | Agents | Developers | All,6156,2025-10-21T12:02:58.668326+00:00,html;standards;accessibility,repo_studios_team@rainmakerprotocol.dev,approved,no,
.repo_studios/docs/standards/global,.repo_studios/docs/standards/global/std-global-html-coding.md,h2,🤖 Agent Block (machine-readable),agent-block-machine-readable,repo-studios-html-coding-practices,Audience: Repo Studios | Agents | Developers | All,6156,2025-10-21T12:02:58.668326+00:00,html;standards;accessibility,repo_studios_team@rainmakerprotocol.dev,approved,no,
.repo_studios/docs/standards/global,.repo_studios/docs/standards/global/std-global-html-coding.md,h2,🗂️ Change History,change-history,repo-studios-html-coding-practices,Audience: Repo Studios | Agents | Developers | All,6156,2025-10-21T12:02:58.668326+00:00,html;standards;accessibility,repo_studios_team@rainmakerprotocol.dev,approved,no,
.repo_studios/docs/standards/global,.repo_studios/docs/standards/global/std-global-html-coding.md,h2,Anchor Health Cross-Link,anchor-health-cross-link,repo-studios-html-coding-practices,Audience: Repo Studios | Agents | Developers | All,6156,2025-10-21T12:02:58.668326+00:00,html;standards;accessibility,repo_studios_team@rainmakerprotocol.dev,approved,no,
.repo_studios/docs/standards/global,.repo_studios/docs/standards/global/std-global-javascript-engineering.md,h2,Language & Syntax,language-syntax,,,2961,2025-11-07T03:43:35.511958+00:00,,,draft,no,
.repo_studios/docs/standards/global,.repo_studios/docs/standards/global/std-global-javascript-engineering.md,h2,Modules & Imports,modules-imports,,,2961,2025-11-07T03:43:35.511958+00:00,,,draft,no,
.repo_studios/docs/standards/global,.repo_studios/docs/standards/global/std-global-javascript-engineering.md,h2,Asynchrony & State,asynchrony-state,,,2961,2025-11-07T03:43:35.511958+00:00,,,draft,no,
.repo_studios/docs/standards/global,.repo_studios/docs/standards/global/std-global-javascript-engineering.md,h2,Testing & Tooling,testing-tooling,,,2961,2025-11-07T03:43:35.511958+00:00,,,draft,no,
.repo_studios/docs/standards/global,.repo_studios/docs/standards/global/std-global-javascript-engineering.md,h2,Documentation & Comments,documentation-comments,,,2961,2025-11-07T03:43:35.511958+00:00,,,draft,no,
.repo_studios/docs/standards/global,.repo_studios/docs/standards/global/std-global-markdown-authoring.md,h2,"📘 Repo Studios Standards — Markdown Authoring for AI, Agent, and Human Integration",repo-studios-standards-markdown-authoring-for-ai-agent-and-human-integration,,,15671,2025-10-24T10:30:37.534765+00:00,markdown;standards;ai-ingestion,repo_studios_team@rainmakerprotocol.dev,approved,yes,
.repo_studios/docs/standards/global,.repo_studios/docs/standards/global/std-global-markdown-authoring.md,h2,🎯 Purpose of Markdown Files,purpose-of-markdown-files,,,15671,2025-10-24T10:30:37.534765+00:00,markdown;standards;ai-ingestion,repo_studios_team@rainmakerprotocol.dev,approved,yes,
.repo_studios/docs/standards/global,.repo_studios/docs/standards/global/std-global-markdown-authoring.md,h2,✅ Markdown Structure Guidelines,markdown-structure-guidelines,,,15671,2025-10-24T10:30:37.534765+00:00,markdown;standards;ai-ingestion,repo_studios_team@rainmakerprotocol.dev,approved,yes,
.repo_studios/docs/standards/global,.repo_studios/docs/standards/global/std-global-markdown-authoring.md,h2,🔍 Required Sections (when relevant),required-sections-when-relevant,,,15671,2025-10-24T10:30:37.534765+00:00,markdown;standards;ai-ingestion,repo_studios_team@rainmakerprotocol.dev,approved,yes,
.repo_studios/docs/standards/global,.repo_studios/docs/standards/global/std-global-markdown-authoring.md,h2,🧠 AI Ingestibility Requirements,ai-ingestibility-requirements,,,15671,2025-10-24T10:30:37.534765+00:00,markdown;standards;ai-ingestion,repo_studios_team@rainmakerprotocol.dev,approved,yes,
.repo_studios/docs/standards/global,.repo_studios/docs/standards/global/std-global-markdown-authoring.md,h2,📚 Best Practices,best-practices,,,15671,2025-10-24T10:30:37.534765+00:00,markdown;standards;ai-ingestion,repo_studios_team@rainmakerprotocol.dev,approved,yes,
.repo_studios/docs/standards/global,.repo_studios/docs/standards/global/std-global-markdown-authoring.md,h2,🔁 Self-Updating Instructions,self-updating-instructions,,,15671,2025-10-24T10:30:37.534765+00:00,markdown;standards;ai-ingestion,repo_studios_team@rainmakerprotocol.dev,approved,yes,
.repo_studios/docs/standards/global,.repo_studios/docs/standards/global/std-global-markdown-authoring.md,h2,🚫 Anti-Patterns to Avoid,anti-patterns-to-avoid,,,15671,2025-10-24T10:30:37.534765+00:00,markdown;standards;ai-ingestion,repo_studios_team@rainmakerprotocol.dev,approved,yes,
.repo_studios/docs/standards/global,.repo_studios/docs/standards/global/std-global-markdown-authoring.md,h2,📑 Metadata (YAML front matter),metadata-yaml-front-matter,,,15671,2025-10-24T10:30:37.534765+00:00,markdown;standards;ai-ingestion,repo_studios_team@rainmakerprotocol.dev,approved,yes,
.repo_studios/docs/standards/global,.repo_studios/docs/standards/global/std-global-markdown-authoring.md,h2,📐 Canonical Section Order,canonical-section-order,,,15671,2025-10-24T10:30:37.534765+00:00,markdown;standards;ai-ingestion,repo_studios_team@rainmakerprotocol.dev,approved,yes,
.repo_studios/docs/standards/global,.repo_studios/docs/standards/global/std-global-markdown-authoring.md,h2,🤖 Agent Block (machine-readable),agent-block-machine-readable,,,15671,2025-10-24T10:30:37.534765+00:00,markdown;standards;ai-ingestion,repo_studios_team@rainmakerprotocol.dev,approved,yes,
.repo_studios/docs/standards/global,.repo_studios/docs/standards/global/std-global-markdown-authoring.md,h2,🧼 Lint and CI Rules,lint-and-ci-rules,,,15671,2025-10-24T10:30:37.534765+00:00,markdown;standards;ai-ingestion,repo_studios_team@rainmakerprotocol.dev,approved,yes,
.repo_studios/docs/standards/global,.repo_studios/docs/standards/global/std-global-markdown-authoring.md,h2,🧭 File Naming and Cross-References,file-naming-and-cross-references,,,15671,2025-10-24T10:30:37.534765+00:00,markdown;standards;ai-ingestion,repo_studios_team@rainmakerprotocol.dev,approved,yes,
.repo_studios/docs/standards/global,.repo_studios/docs/standards/global/std-global-mission-parameters.md,h2,✅ WHO,who,,,4925,2025-10-21T12:02:58.669326+00:00,mission;alignment,repo_studios_team@rainmakerprotocol.dev,active,no,
.repo_studios/docs/standards/global,.repo_studios/docs/standards/global/std-global-mission-parameters.md,h2,✅ WHAT,what,,,4925,2025-10-21T12:02:58.669326+00:00,mission;alignment,repo_studios_team@rainmakerprotocol.dev,active,no,
.repo_studios/docs/standards/global,.repo_studios/docs/standards/global/std-global-mission-parameters.md,h2,✅ WHEN,when,,,4925,2025-10-21T12:02:58.669326+00:00,mission;alignment,repo_studios_team@rainmakerprotocol.dev,active,no,
.repo_studios/docs/standards/global,.repo_studios/docs/standards/global/std-global-mission-parameters.md,h2,✅ WHERE,where,,,4925,2025-10-21T12:02:58.669326+00:00,mission;alignment,repo_studios_team@rainmakerprotocol.dev,active,no,
.repo_studios/docs/standards/global,.repo_studios/docs/standards/global/std-global-mission-parameters.md,h2,✅ WHY,why,,,4925,2025-10-21T12:02:58.669326+00:00,mission;alignment,repo_studios_team@rainmakerprotocol.dev,active,no,
.repo_studios/docs/standards/global,.repo_studios/docs/standards/global/std-global-mission-parameters.md,h2,✅ HOW,how,,,4925,2025-10-21T12:02:58.669326+00:00,mission;alignment,repo_studios_team@rainmakerprotocol.dev,active,no,
.repo_studios/docs/standards/global,.repo_studios/docs/standards/global/std-global-mission-parameters.md,h2,🚦 Constraints and Non-Goals,constraints-and-non-goals,,,4925,2025-10-21T12:02:58.669326+00:00,mission;alignment,repo_studios_team@rainmakerprotocol.dev,active,no,
.repo_studios/docs/standards/global,.repo_studios/docs/standards/global/std-global-mission-parameters.md,h2,📏 Success Criteria,success-criteria,,,4925,2025-10-21T12:02:58.669326+00:00,mission;alignment,repo_studios_team@rainmakerprotocol.dev,active,no,
.repo_studios/docs/standards/global,.repo_studios/docs/standards/global/std-global-mission-parameters.md,h2,📚 Related,related,,,4925,2025-10-21T12:02:58.669326+00:00,mission;alignment,repo_studios_team@rainmakerprotocol.dev,active,no,
.repo_studios/docs/standards/global,.repo_studios/docs/standards/global/std-global-mission-parameters.md,h2,🧠 Summary,summary,,,4925,2025-10-21T12:02:58.669326+00:00,mission;alignment,repo_studios_team@rainmakerprotocol.dev,active,no,
.repo_studios/docs/standards/global,.repo_studios/docs/standards/global/std-global-monkey-patching.md,h1,Repo Studios Monkey Patch Governance,repo-studios-monkey-patch-governance,,Audience: Repo Studios automation | Human developers | CI pipelines,7226,2025-11-24T12:14:55.737022+00:00,monkey_patch;standards,repo_studios_ai;repo_studios_team@rainmakerprotocol.dev,approved,no,
.repo_studios/docs/standards/global,.repo_studios/docs/standards/global/std-global-monkey-patching.md,h2,Scope,scope,repo-studios-monkey-patch-governance,Audience: Repo Studios automation | Human developers | CI pipelines,7226,2025-11-24T12:14:55.737022+00:00,monkey_patch;standards,repo_studios_ai;repo_studios_team@rainmakerprotocol.dev,approved,no,
.repo_studios/docs/standards/global,.repo_studios/docs/standards/global/std-global-monkey-patching.md,h2,Principles,principles,repo-studios-monkey-patch-governance,Audience: Repo Studios automation | Human developers | CI pipelines,7226,2025-11-24T12:14:55.737022+00:00,monkey_patch;standards,repo_studios_ai;repo_studios_team@rainmakerprotocol.dev,approved,no,
.repo_studios/docs/standards/global,.repo_studios/docs/standards/global/std-global-monkey-patching.md,h2,Detection & Baseline,detection-baseline,repo-studios-monkey-patch-governance,Audience: Repo Studios automation | Human developers | CI pipelines,7226,2025-11-24T12:14:55.737022+00:00,monkey_patch;standards,repo_studios_ai;repo_studios_team@rainmakerprotocol.dev,approved,no,
.repo_studios/docs/standards/global,.repo_studios/docs/standards/global/std-global-monkey-patching.md,h2,Approved Use Cases,approved-use-cases,repo-studios-monkey-patch-governance,Audience: Repo Studios automation | Human developers | CI pipelines,7226,2025-11-24T12:14:55.737022+00:00,monkey_patch;standards,repo_studios_ai;repo_studios_team@rainmakerprotocol.dev,approved,no,
.repo_studios/docs/standards/global,.repo_studios/docs/standards/global/std-global-monkey-patching.md,h2,Authoring Requirements,authoring-requirements,repo-studios-monkey-patch-governance,Audience: Repo Studios automation | Human developers | CI pipelines,7226,2025-11-24T12:14:55.737022+00:00,monkey_patch;standards,repo_studios_ai;repo_studios_team@rainmakerprotocol.dev,approved,no,
.repo_studios/docs/standards/global,.repo_studios/docs/standards/global/std-global-monkey-patching.md,h2,Refactoring Playbook,refactoring-playbook,repo-studios-monkey-patch-governance,Audience: Repo Studios automation | Human developers | CI pipelines,7226,2025-11-24T12:14:55.737022+00:00,monkey_patch;standards,repo_studios_ai;repo_studios_team@rainmakerprotocol.dev,approved,no,
.repo_studios/docs/standards/global,.repo_studios/docs/standards/global/std-global-monkey-patching.md,h2,Governance & Tracking,governance-tracking,repo-studios-monkey-patch-governance,Audience: Repo Studios automation | Human developers | CI pipelines,7226,2025-11-24T12:14:55.737022+00:00,monkey_patch;standards,repo_studios_ai;repo_studios_team@rainmakerprotocol.dev,approved,no,
.repo_studios/docs/standards/global,.repo_studios/docs/standards/global/std-global-monkey-patching.md,h2,"CI, Ratcheting & Runtime Guards",ci-ratcheting-runtime-guards,repo-studios-monkey-patch-governance,Audience: Repo Studios automation | Human developers | CI pipelines,7226,2025-11-24T12:14:55.737022+00:00,monkey_patch;standards,repo_studios_ai;repo_studios_team@rainmakerprotocol.dev,approved,no,
.repo_studios/docs/standards/global,.repo_studios/docs/standards/global/std-global-monkey-patching.md,h2,Removal Process,removal-process,repo-studios-monkey-patch-governance,Audience: Repo Studios automation | Human developers | CI pipelines,7226,2025-11-24T12:14:55.737022+00:00,monkey_patch;standards,repo_studios_ai;repo_studios_team@rainmakerprotocol.dev,approved,no,
.repo_studios/docs/standards/global,.repo_studios/docs/standards/global/std-global-monkey-patching.md,h2,Anti-Patterns,anti-patterns,repo-studios-monkey-patch-governance,Audience: Repo Studios automation | Human developers | CI pipelines,7226,2025-11-24T12:14:55.737022+00:00,monkey_patch;standards,repo_studios_ai;repo_studios_team@rainmakerprotocol.dev,approved,no,
.repo_studios/docs/standards/global,.repo_studios/docs/standards/global/std-global-monkey-patching.md,h2,Quick Checklists,quick-checklists,repo-studios-monkey-patch-governance,Audience: Repo Studios automation | Human developers | CI pipelines,7226,2025-11-24T12:14:55.737022+00:00,monkey_patch;standards,repo_studios_ai;repo_studios_team@rainmakerprotocol.dev,approved,no,
.repo_studios/docs/standards/global,.repo_studios/docs/standards/global/std-global-monkey-patching.md,h2,References,references,repo-studios-monkey-patch-governance,Audience: Repo Studios automation | Human developers | CI pipelines,7226,2025-11-24T12:14:55.737022+00:00,monkey_patch;standards,repo_studios_ai;repo_studios_team@rainmakerprotocol.dev,approved,no,
.repo_studios/docs/standards/global,.repo_studios/docs/standards/global/std-global-monkey-patching.md,h2,Anchor Health Reminder,anchor-health-reminder,repo-studios-monkey-patch-governance,Audience: Repo Studios automation | Human developers | CI pipelines,7226,2025-11-24T12:14:55.737022+00:00,monkey_patch;standards,repo_studios_ai;repo_studios_team@rainmakerprotocol.dev,approved,no,
.repo_studios/docs/standards/global,.repo_studios/docs/standards/global/std-global-monkey-patching.md,h2,Agent Block (Machine-Readable),agent-block-machine-readable,repo-studios-monkey-patch-governance,Audience: Repo Studios automation | Human developers | CI pipelines,7226,2025-11-24T12:14:55.737022+00:00,monkey_patch;standards,repo_studios_ai;repo_studios_team@rainmakerprotocol.dev,approved,no,
.repo_studios/docs/standards/global,.repo_studios/docs/standards/global/std-global-prompt-engineering.md,h1,Repo Studios Prompt Engineering Standards,repo-studios-prompt-engineering-standards,,"These standards provide reusable guardrails for prompts, agent instructions, and automation hand-offs. Apply them whenever you write or refresh Repo Studios guidance.",5474,2025-10-22T12:06:54.496721+00:00,prompts;standards;ai-ingestion,repo_studios_ai;repo_studios_team@rainmakerprotocol.dev,needs_review,no,
.repo_studios/docs/standards/global,.repo_studios/docs/standards/global/std-global-prompt-engineering.md,h2,Purpose,purpose,repo-studios-prompt-engineering-standards,"These standards provide reusable guardrails for prompts, agent instructions, and automation hand-offs. Apply them whenever you write or refresh Repo Studios guidance.",5474,2025-10-22T12:06:54.496721+00:00,prompts;standards;ai-ingestion,repo_studios_ai;repo_studios_team@rainmakerprotocol.dev,needs_review,no,
.repo_studios/docs/standards/global,.repo_studios/docs/standards/global/std-global-prompt-engineering.md,h2,Core Principles,core-principles,repo-studios-prompt-engineering-standards,"These standards provide reusable guardrails for prompts, agent instructions, and automation hand-offs. Apply them whenever you write or refresh Repo Studios guidance.",5474,2025-10-22T12:06:54.496721+00:00,prompts;standards;ai-ingestion,repo_studios_ai;repo_studios_team@rainmakerprotocol.dev,needs_review,no,
.repo_studios/docs/standards/global,.repo_studios/docs/standards/global/std-global-prompt-engineering.md,h2,Prompt Patterns,prompt-patterns,repo-studios-prompt-engineering-standards,"These standards provide reusable guardrails for prompts, agent instructions, and automation hand-offs. Apply them whenever you write or refresh Repo Studios guidance.",5474,2025-10-22T12:06:54.496721+00:00,prompts;standards;ai-ingestion,repo_studios_ai;repo_studios_team@rainmakerprotocol.dev,needs_review,no,
.repo_studios/docs/standards/global,.repo_studios/docs/standards/global/std-global-prompt-engineering.md,h2,Validation Practices,validation-practices,repo-studios-prompt-engineering-standards,"These standards provide reusable guardrails for prompts, agent instructions, and automation hand-offs. Apply them whenever you write or refresh Repo Studios guidance.",5474,2025-10-22T12:06:54.496721+00:00,prompts;standards;ai-ingestion,repo_studios_ai;repo_studios_team@rainmakerprotocol.dev,needs_review,no,
.repo_studios/docs/standards/global,.repo_studios/docs/standards/global/std-global-prompt-engineering.md,h2,File Decomposition Policy,file-decomposition-policy,repo-studios-prompt-engineering-standards,"These standards provide reusable guardrails for prompts, agent instructions, and automation hand-offs. Apply them whenever you write or refresh Repo Studios guidance.",5474,2025-10-22T12:06:54.496721+00:00,prompts;standards;ai-ingestion,repo_studios_ai;repo_studios_team@rainmakerprotocol.dev,needs_review,no,
.repo_studios/docs/standards/global,.repo_studios/docs/standards/global/std-global-prompt-engineering.md,h2,Machine-Readable Contract Example,machine-readable-contract-example,repo-studios-prompt-engineering-standards,"These standards provide reusable guardrails for prompts, agent instructions, and automation hand-offs. Apply them whenever you write or refresh Repo Studios guidance.",5474,2025-10-22T12:06:54.496721+00:00,prompts;standards;ai-ingestion,repo_studios_ai;repo_studios_team@rainmakerprotocol.dev,needs_review,no,
.repo_studios/docs/standards/global,.repo_studios/docs/standards/global/std-global-prompt-engineering.md,h2,Quick Checklists,quick-checklists,repo-studios-prompt-engineering-standards,"These standards provide reusable guardrails for prompts, agent instructions, and automation hand-offs. Apply them whenever you write or refresh Repo Studios guidance.",5474,2025-10-22T12:06:54.496721+00:00,prompts;standards;ai-ingestion,repo_studios_ai;repo_studios_team@rainmakerprotocol.dev,needs_review,no,
.repo_studios/docs/standards/global,.repo_studios/docs/standards/global/std-global-prompt-engineering.md,h2,Anti-Patterns,anti-patterns,repo-studios-prompt-engineering-standards,"These standards provide reusable guardrails for prompts, agent instructions, and automation hand-offs. Apply them whenever you write or refresh Repo Studios guidance.",5474,2025-10-22T12:06:54.496721+00:00,prompts;standards;ai-ingestion,repo_studios_ai;repo_studios_team@rainmakerprotocol.dev,needs_review,no,
.repo_studios/docs/standards/global,.repo_studios/docs/standards/global/std-global-prompt-engineering.md,h2,References,references,repo-studios-prompt-engineering-standards,"These standards provide reusable guardrails for prompts, agent instructions, and automation hand-offs. Apply them whenever you write or refresh Repo Studios guidance.",5474,2025-10-22T12:06:54.496721+00:00,prompts;standards;ai-ingestion,repo_studios_ai;repo_studios_team@rainmakerprotocol.dev,needs_review,no,
.repo_studios/docs/standards/global,.repo_studios/docs/standards/global/std-global-prompt-engineering.md,h2,Anchor Health Reminder,anchor-health-reminder,repo-studios-prompt-engineering-standards,"These standards provide reusable guardrails for prompts, agent instructions, and automation hand-offs. Apply them whenever you write or refresh Repo Studios guidance.",5474,2025-10-22T12:06:54.496721+00:00,prompts;standards;ai-ingestion,repo_studios_ai;repo_studios_team@rainmakerprotocol.dev,needs_review,no,
.repo_studios/docs/standards/global,.repo_studios/docs/standards/global/std-global-prompt-engineering.md,h2,Agent Block (Machine-Readable),agent-block-machine-readable,repo-studios-prompt-engineering-standards,"These standards provide reusable guardrails for prompts, agent instructions, and automation hand-offs. Apply them whenever you write or refresh Repo Studios guidance.",5474,2025-10-22T12:06:54.496721+00:00,prompts;standards;ai-ingestion,repo_studios_ai;repo_studios_team@rainmakerprotocol.dev,needs_review,no,
.repo_studios/docs/standards/global,.repo_studios/docs/standards/global/std-global-prompt-engineering.md,h2,Change History,change-history,repo-studios-prompt-engineering-standards,"These standards provide reusable guardrails for prompts, agent instructions, and automation hand-offs. Apply them whenever you write or refresh Repo Studios guidance.",5474,2025-10-22T12:06:54.496721+00:00,prompts;standards;ai-ingestion,repo_studios_ai;repo_studios_team@rainmakerprotocol.dev,needs_review,no,
.repo_studios/docs/standards/global,.repo_studios/docs/standards/global/std-global-python-engineering.md,h1,Repo Studios Python Engineering Standards,repo-studios-python-engineering-standards,,Audience: Repo Studios automation | Human developers | Partner agents,11157,2025-10-21T12:02:58.670326+00:00,python;standards;ai-ingestion,repo_studios_ai;repo_studios_team@rainmakerprotocol.dev,approved,no,
.repo_studios/docs/standards/global,.repo_studios/docs/standards/global/std-global-python-engineering.md,h2,Primary Scope,primary-scope,repo-studios-python-engineering-standards,Audience: Repo Studios automation | Human developers | Partner agents,11157,2025-10-21T12:02:58.670326+00:00,python;standards;ai-ingestion,repo_studios_ai;repo_studios_team@rainmakerprotocol.dev,approved,no,
.repo_studios/docs/standards/global,.repo_studios/docs/standards/global/std-global-python-engineering.md,h2,Style and Formatting,style-and-formatting,repo-studios-python-engineering-standards,Audience: Repo Studios automation | Human developers | Partner agents,11157,2025-10-21T12:02:58.670326+00:00,python;standards;ai-ingestion,repo_studios_ai;repo_studios_team@rainmakerprotocol.dev,approved,no,
.repo_studios/docs/standards/global,.repo_studios/docs/standards/global/std-global-python-engineering.md,h2,Structural Requirements,structural-requirements,repo-studios-python-engineering-standards,Audience: Repo Studios automation | Human developers | Partner agents,11157,2025-10-21T12:02:58.670326+00:00,python;standards;ai-ingestion,repo_studios_ai;repo_studios_team@rainmakerprotocol.dev,approved,no,
.repo_studios/docs/standards/global,.repo_studios/docs/standards/global/std-global-python-engineering.md,h2,Docstring Patterns,docstring-patterns,repo-studios-python-engineering-standards,Audience: Repo Studios automation | Human developers | Partner agents,11157,2025-10-21T12:02:58.670326+00:00,python;standards;ai-ingestion,repo_studios_ai;repo_studios_team@rainmakerprotocol.dev,approved,no,
.repo_studios/docs/standards/global,.repo_studios/docs/standards/global/std-global-python-engineering.md,h2,Async and API Guidance,async-and-api-guidance,repo-studios-python-engineering-standards,Audience: Repo Studios automation | Human developers | Partner agents,11157,2025-10-21T12:02:58.670326+00:00,python;standards;ai-ingestion,repo_studios_ai;repo_studios_team@rainmakerprotocol.dev,approved,no,
.repo_studios/docs/standards/global,.repo_studios/docs/standards/global/std-global-python-engineering.md,h2,Logging and Metrics,logging-and-metrics,repo-studios-python-engineering-standards,Audience: Repo Studios automation | Human developers | Partner agents,11157,2025-10-21T12:02:58.670326+00:00,python;standards;ai-ingestion,repo_studios_ai;repo_studios_team@rainmakerprotocol.dev,approved,no,
.repo_studios/docs/standards/global,.repo_studios/docs/standards/global/std-global-python-engineering.md,h2,Configuration and Secrets,configuration-and-secrets,repo-studios-python-engineering-standards,Audience: Repo Studios automation | Human developers | Partner agents,11157,2025-10-21T12:02:58.670326+00:00,python;standards;ai-ingestion,repo_studios_ai;repo_studios_team@rainmakerprotocol.dev,approved,no,
.repo_studios/docs/standards/global,.repo_studios/docs/standards/global/std-global-python-engineering.md,h2,Packaging & Dependencies,packaging-dependencies,repo-studios-python-engineering-standards,Audience: Repo Studios automation | Human developers | Partner agents,11157,2025-10-21T12:02:58.670326+00:00,python;standards;ai-ingestion,repo_studios_ai;repo_studios_team@rainmakerprotocol.dev,approved,no,
.repo_studios/docs/standards/global,.repo_studios/docs/standards/global/std-global-python-engineering.md,h2,Error Handling Expectations,error-handling-expectations,repo-studios-python-engineering-standards,Audience: Repo Studios automation | Human developers | Partner agents,11157,2025-10-21T12:02:58.670326+00:00,python;standards;ai-ingestion,repo_studios_ai;repo_studios_team@rainmakerprotocol.dev,approved,no,
.repo_studios/docs/standards/global,.repo_studios/docs/standards/global/std-global-python-engineering.md,h2,Database and Performance Hygiene,database-and-performance-hygiene,repo-studios-python-engineering-standards,Audience: Repo Studios automation | Human developers | Partner agents,11157,2025-10-21T12:02:58.670326+00:00,python;standards;ai-ingestion,repo_studios_ai;repo_studios_team@rainmakerprotocol.dev,approved,no,
.repo_studios/docs/standards/global,.repo_studios/docs/standards/global/std-global-python-engineering.md,h2,Testing Expectations,testing-expectations,repo-studios-python-engineering-standards,Audience: Repo Studios automation | Human developers | Partner agents,11157,2025-10-21T12:02:58.670326+00:00,python;standards;ai-ingestion,repo_studios_ai;repo_studios_team@rainmakerprotocol.dev,approved,no,
.repo_studios/docs/standards/global,.repo_studios/docs/standards/global/std-global-python-engineering.md,h2,Validation Commands & CI Gates,validation-commands-ci-gates,repo-studios-python-engineering-standards,Audience: Repo Studios automation | Human developers | Partner agents,11157,2025-10-21T12:02:58.670326+00:00,python;standards;ai-ingestion,repo_studios_ai;repo_studios_team@rainmakerprotocol.dev,approved,no,
.repo_studios/docs/standards/global,.repo_studios/docs/standards/global/std-global-python-engineering.md,h2,Complexity Guardrails,complexity-guardrails,repo-studios-python-engineering-standards,Audience: Repo Studios automation | Human developers | Partner agents,11157,2025-10-21T12:02:58.670326+00:00,python;standards;ai-ingestion,repo_studios_ai;repo_studios_team@rainmakerprotocol.dev,approved,no,
.repo_studios/docs/standards/global,.repo_studios/docs/standards/global/std-global-python-engineering.md,h2,Tooling Checklist,tooling-checklist,repo-studios-python-engineering-standards,Audience: Repo Studios automation | Human developers | Partner agents,11157,2025-10-21T12:02:58.670326+00:00,python;standards;ai-ingestion,repo_studios_ai;repo_studios_team@rainmakerprotocol.dev,approved,no,
.repo_studios/docs/standards/global,.repo_studios/docs/standards/global/std-global-python-engineering.md,h2,Anti-Patterns to Avoid,anti-patterns-to-avoid,repo-studios-python-engineering-standards,Audience: Repo Studios automation | Human developers | Partner agents,11157,2025-10-21T12:02:58.670326+00:00,python;standards;ai-ingestion,repo_studios_ai;repo_studios_team@rainmakerprotocol.dev,approved,no,
.repo_studios/docs/standards/global,.repo_studios/docs/standards/global/std-global-python-engineering.md,h2,Continuous Improvement,continuous-improvement,repo-studios-python-engineering-standards,Audience: Repo Studios automation | Human developers | Partner agents,11157,2025-10-21T12:02:58.670326+00:00,python;standards;ai-ingestion,repo_studios_ai;repo_studios_team@rainmakerprotocol.dev,approved,no,
.repo_studios/docs/standards/global,.repo_studios/docs/standards/global/std-global-python-engineering.md,h2,Anchor Health Reminder,anchor-health-reminder,repo-studios-python-engineering-standards,Audience: Repo Studios automation | Human developers | Partner agents,11157,2025-10-21T12:02:58.670326+00:00,python;standards;ai-ingestion,repo_studios_ai;repo_studios_team@rainmakerprotocol.dev,approved,no,
.repo_studios/docs/standards/global,.repo_studios/docs/standards/global/std-global-python-engineering.md,h2,Agent Block (Machine-Readable),agent-block-machine-readable,repo-studios-python-engineering-standards,Audience: Repo Studios automation | Human developers | Partner agents,11157,2025-10-21T12:02:58.670326+00:00,python;standards;ai-ingestion,repo_studios_ai;repo_studios_team@rainmakerprotocol.dev,approved,no,
.repo_studios/docs/standards/project,.repo_studios/docs/standards/project/README.md,h1,Project Standards Catalog,project-standards-catalog,,Last updated: 2025-10-18,1099,2025-10-21T12:02:58.670326+00:00,,,,no,
.repo_studios/docs/standards/project,.repo_studios/docs/standards/project/README.md,h2,Metadata Header,metadata-header,project-standards-catalog,Last updated: 2025-10-18,1099,2025-10-21T12:02:58.670326+00:00,,,,no,
.repo_studios/docs/standards/project,.repo_studios/docs/standards/project/README.md,h2,Authoring Guidelines,authoring-guidelines,project-standards-catalog,Last updated: 2025-10-18,1099,2025-10-21T12:02:58.670326+00:00,,,,no,
.repo_studios/docs/standards/project,.repo_studios/docs/standards/project/README.md,h2,Migration Notes,migration-notes,project-standards-catalog,Last updated: 2025-10-18,1099,2025-10-21T12:02:58.670326+00:00,,,,no,
.repo_studios/docs/standards/project,.repo_studios/docs/standards/project/std-project-operating-standard.md,h1,Repo Studios Project Operating Standard,repo-studios-project-operating-standard,,Audience: Repo Studios automation | Human developers | Partner agents,6702,2025-10-21T12:02:58.671326+00:00,project;standards;ai-ingestion,repo_studios_ai;repo_studios_team@rainmakerprotocol.dev,approved,no,
.repo_studios/docs/standards/project,.repo_studios/docs/standards/project/std-project-operating-standard.md,h2,Primary Responsibilities,primary-responsibilities,repo-studios-project-operating-standard,Audience: Repo Studios automation | Human developers | Partner agents,6702,2025-10-21T12:02:58.671326+00:00,project;standards;ai-ingestion,repo_studios_ai;repo_studios_team@rainmakerprotocol.dev,approved,no,
.repo_studios/docs/standards/project,.repo_studios/docs/standards/project/std-project-operating-standard.md,h2,Technology Baseline,technology-baseline,repo-studios-project-operating-standard,Audience: Repo Studios automation | Human developers | Partner agents,6702,2025-10-21T12:02:58.671326+00:00,project;standards;ai-ingestion,repo_studios_ai;repo_studios_team@rainmakerprotocol.dev,approved,no,
.repo_studios/docs/standards/project,.repo_studios/docs/standards/project/std-project-operating-standard.md,h2,Dependencies & Environment,dependencies-environment,repo-studios-project-operating-standard,Audience: Repo Studios automation | Human developers | Partner agents,6702,2025-10-21T12:02:58.671326+00:00,project;standards;ai-ingestion,repo_studios_ai;repo_studios_team@rainmakerprotocol.dev,approved,no,
.repo_studios/docs/standards/project,.repo_studios/docs/standards/project/std-project-operating-standard.md,h2,Testing & QA Expectations,testing-qa-expectations,repo-studios-project-operating-standard,Audience: Repo Studios automation | Human developers | Partner agents,6702,2025-10-21T12:02:58.671326+00:00,project;standards;ai-ingestion,repo_studios_ai;repo_studios_team@rainmakerprotocol.dev,approved,no,
.repo_studios/docs/standards/project,.repo_studios/docs/standards/project/std-project-operating-standard.md,h2,Behavioral Standards,behavioral-standards,repo-studios-project-operating-standard,Audience: Repo Studios automation | Human developers | Partner agents,6702,2025-10-21T12:02:58.671326+00:00,project;standards;ai-ingestion,repo_studios_ai;repo_studios_team@rainmakerprotocol.dev,approved,no,
.repo_studios/docs/standards/project,.repo_studios/docs/standards/project/std-project-operating-standard.md,h2,Documentation & Inventory Hygiene,documentation-inventory-hygiene,repo-studios-project-operating-standard,Audience: Repo Studios automation | Human developers | Partner agents,6702,2025-10-21T12:02:58.671326+00:00,project;standards;ai-ingestion,repo_studios_ai;repo_studios_team@rainmakerprotocol.dev,approved,no,
.repo_studios/docs/standards/project,.repo_studios/docs/standards/project/std-project-operating-standard.md,h2,Operational Commands,operational-commands,repo-studios-project-operating-standard,Audience: Repo Studios automation | Human developers | Partner agents,6702,2025-10-21T12:02:58.671326+00:00,project;standards;ai-ingestion,repo_studios_ai;repo_studios_team@rainmakerprotocol.dev,approved,no,
.repo_studios/docs/standards/project,.repo_studios/docs/standards/project/std-project-operating-standard.md,h2,Operational Checklists,operational-checklists,repo-studios-project-operating-standard,Audience: Repo Studios automation | Human developers | Partner agents,6702,2025-10-21T12:02:58.671326+00:00,project;standards;ai-ingestion,repo_studios_ai;repo_studios_team@rainmakerprotocol.dev,approved,no,
.repo_studios/docs/standards/project,.repo_studios/docs/standards/project/std-project-operating-standard.md,h2,Anchor Health Reminder,anchor-health-reminder,repo-studios-project-operating-standard,Audience: Repo Studios automation | Human developers | Partner agents,6702,2025-10-21T12:02:58.671326+00:00,project;standards;ai-ingestion,repo_studios_ai;repo_studios_team@rainmakerprotocol.dev,approved,no,
.repo_studios/docs/standards/project,.repo_studios/docs/standards/project/std-project-operating-standard.md,h2,Agent Block (Machine-Readable),agent-block-machine-readable,repo-studios-project-operating-standard,Audience: Repo Studios automation | Human developers | Partner agents,6702,2025-10-21T12:02:58.671326+00:00,project;standards;ai-ingestion,repo_studios_ai;repo_studios_team@rainmakerprotocol.dev,approved,no,
.repo_studios/docs/standards/project,.repo_studios/docs/standards/project/std-project-python-instructions.md,h1,Repo Studios Python Remediation Instructions,repo-studios-python-remediation-instructions,,"This structured reference equips Repo Studios automation and collaborators with vetted Python patterns, anti-patterns, and fixes derived from the Jarvis2 remediation log. Any references to the legacy agent name (`repo`) map to Repo Studios…",12098,2025-10-21T12:02:58.671326+00:00,python;remediation;standards,repo_studios_ai,draft,no,
.repo_studios/docs/standards/project,.repo_studios/docs/standards/project/std-project-python-instructions.md,h1,Show a bad or discouraged code pattern here,show-a-bad-or-discouraged-code-pattern-here,,"This structured reference equips Repo Studios automation and collaborators with vetted Python patterns, anti-patterns, and fixes derived from the Jarvis2 remediation log. Any references to the legacy agent name (`repo`) map to Repo Studios…",12098,2025-10-21T12:02:58.671326+00:00,python;remediation;standards,repo_studios_ai,draft,no,
.repo_studios/docs/standards/project,.repo_studios/docs/standards/project/std-project-python-instructions.md,h1,"Show the clean, modern, or approved pattern here",show-the-clean-modern-or-approved-pattern-here,,"This structured reference equips Repo Studios automation and collaborators with vetted Python patterns, anti-patterns, and fixes derived from the Jarvis2 remediation log. Any references to the legacy agent name (`repo`) map to Repo Studios…",12098,2025-10-21T12:02:58.671326+00:00,python;remediation;standards,repo_studios_ai,draft,no,
.repo_studios/docs/standards/project,.repo_studios/docs/standards/project/std-project-python-instructions.md,h2,Project-Specific Quick Rules (Jarvis2),project-specific-quick-rules-jarvis2,repo-studios-python-remediation-instructions,"This structured reference equips Repo Studios automation and collaborators with vetted Python patterns, anti-patterns, and fixes derived from the Jarvis2 remediation log. Any references to the legacy agent name (`repo`) map to Repo Studios…",12098,2025-10-21T12:02:58.671326+00:00,python;remediation;standards,repo_studios_ai,draft,no,
.repo_studios/docs/standards/project,.repo_studios/docs/standards/project/std-project-python-instructions.md,h2,Format for Adding New Entries,format-for-adding-new-entries,repo-studios-python-remediation-instructions,"This structured reference equips Repo Studios automation and collaborators with vetted Python patterns, anti-patterns, and fixes derived from the Jarvis2 remediation log. Any references to the legacy agent name (`repo`) map to Repo Studios…",12098,2025-10-21T12:02:58.671326+00:00,python;remediation;standards,repo_studios_ai,draft,no,
.repo_studios/docs/standards/project,.repo_studios/docs/standards/project/std-project-python-instructions.md,h2,Issue Catalog,issue-catalog,show-the-clean-modern-or-approved-pattern-here,"This structured reference equips Repo Studios automation and collaborators with vetted Python patterns, anti-patterns, and fixes derived from the Jarvis2 remediation log. Any references to the legacy agent name (`repo`) map to Repo Studios…",12098,2025-10-21T12:02:58.671326+00:00,python;remediation;standards,repo_studios_ai,draft,no,
.repo_studios/docs/templates,.repo_studios/docs/templates/agent_note_template.md,h1,Agent Note Template,agent-note-template,,Last updated: 2025-10-18,726,2025-10-21T12:02:58.672327+00:00,,,,no,
.repo_studios/docs/templates,.repo_studios/docs/templates/integration_alignment_template.md,h1,Library Integration Alignment Template,library-integration-alignment-template,,"Legend: _Define status labels (e.g., In discovery, Not started, In progress, Deferred)._",5804,2025-10-24T18:10:58.469251+00:00,,,,no,
.repo_studios/docs/templates,.repo_studios/docs/templates/integration_alignment_template.md,h2,Phase Overview,phase-overview,library-integration-alignment-template,"Legend: _Define status labels (e.g., In discovery, Not started, In progress, Deferred)._",5804,2025-10-24T18:10:58.469251+00:00,,,,no,
.repo_studios/docs/templates,.repo_studios/docs/templates/integration_alignment_template.md,h2,Phase 1 – Foundation Setup,phase-1-foundation-setup,library-integration-alignment-template,"Legend: _Define status labels (e.g., In discovery, Not started, In progress, Deferred)._",5804,2025-10-24T18:10:58.469251+00:00,,,,no,
.repo_studios/docs/templates,.repo_studios/docs/templates/integration_alignment_template.md,h2,Phase 2 – Duplicate Detection Tool,phase-2-duplicate-detection-tool,library-integration-alignment-template,"Legend: _Define status labels (e.g., In discovery, Not started, In progress, Deferred)._",5804,2025-10-24T18:10:58.469251+00:00,,,,no,
.repo_studios/docs/templates,.repo_studios/docs/templates/integration_alignment_template.md,h2,Phase 3 – Manual Extraction Validation,phase-3-manual-extraction-validation,library-integration-alignment-template,"Legend: _Define status labels (e.g., In discovery, Not started, In progress, Deferred)._",5804,2025-10-24T18:10:58.469251+00:00,,,,no,
.repo_studios/docs/templates,.repo_studios/docs/templates/integration_alignment_template.md,h2,Phase 4 – Automated Extraction,phase-4-automated-extraction,library-integration-alignment-template,"Legend: _Define status labels (e.g., In discovery, Not started, In progress, Deferred)._",5804,2025-10-24T18:10:58.469251+00:00,,,,no,
.repo_studios/docs/templates,.repo_studios/docs/templates/integration_alignment_template.md,h2,Phase 5 – Integration with Repo Operations,phase-5-integration-with-repo-operations,library-integration-alignment-template,"Legend: _Define status labels (e.g., In discovery, Not started, In progress, Deferred)._",5804,2025-10-24T18:10:58.469251+00:00,,,,no,
.repo_studios/docs/templates,.repo_studios/docs/templates/integration_alignment_template.md,h2,Phase 6 – AI Prompt Engineering,phase-6-ai-prompt-engineering,library-integration-alignment-template,"Legend: _Define status labels (e.g., In discovery, Not started, In progress, Deferred)._",5804,2025-10-24T18:10:58.469251+00:00,,,,no,
.repo_studios/docs/templates,.repo_studios/docs/templates/integration_alignment_template.md,h2,Phase 7 – Validation & Hardening,phase-7-validation-hardening,library-integration-alignment-template,"Legend: _Define status labels (e.g., In discovery, Not started, In progress, Deferred)._",5804,2025-10-24T18:10:58.469251+00:00,,,,no,
.repo_studios/docs/templates,.repo_studios/docs/templates/integration_alignment_template.md,h2,Phase 8 – Scale to New Projects,phase-8-scale-to-new-projects,library-integration-alignment-template,"Legend: _Define status labels (e.g., In discovery, Not started, In progress, Deferred)._",5804,2025-10-24T18:10:58.469251+00:00,,,,no,
.repo_studios/docs/templates,.repo_studios/docs/templates/integration_alignment_template.md,h2,Decisions Captured,decisions-captured,library-integration-alignment-template,"Legend: _Define status labels (e.g., In discovery, Not started, In progress, Deferred)._",5804,2025-10-24T18:10:58.469251+00:00,,,,no,
.repo_studios/docs/templates,.repo_studios/docs/templates/integration_alignment_template.md,h2,Outstanding Considerations,outstanding-considerations,library-integration-alignment-template,"Legend: _Define status labels (e.g., In discovery, Not started, In progress, Deferred)._",5804,2025-10-24T18:10:58.469251+00:00,,,,no,
.repo_studios/docs/templates,.repo_studios/docs/templates/integration_alignment_template.md,h2,Design Decisions Required,design-decisions-required,library-integration-alignment-template,"Legend: _Define status labels (e.g., In discovery, Not started, In progress, Deferred)._",5804,2025-10-24T18:10:58.469251+00:00,,,,no,
.repo_studios/docs/templates,.repo_studios/docs/templates/script_inventory.md,h1,Script Inventory Template,script-inventory-template,,,1511,2025-10-25T14:41:26.969605+00:00,,,,no,
.repo_studios/docs/templates,.repo_studios/docs/templates/script_inventory_template.md,h1,Script Inventory Template,script-inventory-template,,Last updated: 2025-10-21,2293,2025-10-21T14:59:28.496722+00:00,,,,no,
.repo_studios/docs/templates,.repo_studios/docs/templates/script_inventory_template.md,h2,Instructions,instructions,script-inventory-template,Last updated: 2025-10-21,2293,2025-10-21T14:59:28.496722+00:00,,,,no,
.repo_studios/docs/templates,.repo_studios/docs/templates/script_inventory_template.md,h2,Document Metadata Block,document-metadata-block,script-inventory-template,Last updated: 2025-10-21,2293,2025-10-21T14:59:28.496722+00:00,,,,no,
.repo_studios/docs/templates,.repo_studios/docs/templates/script_inventory_template.md,h2,Per-Script Table Skeleton,per-script-table-skeleton,script-inventory-template,Last updated: 2025-10-21,2293,2025-10-21T14:59:28.496722+00:00,,,,no,
.repo_studios/docs/templates,.repo_studios/docs/templates/script_inventory_template.md,h2,Next Actions List,next-actions-list,script-inventory-template,Last updated: 2025-10-21,2293,2025-10-21T14:59:28.496722+00:00,,,,no,
.repo_studios/docs/templates,.repo_studios/docs/templates/script_inventory_template.md,h2,YAML Conversion Example,yaml-conversion-example,script-inventory-template,Last updated: 2025-10-21,2293,2025-10-21T14:59:28.496722+00:00,,,,no,
.repo_studios/docs/templates,.repo_studios/docs/templates/structural_checklist_template.md,h1,Structural Checklist Template,structural-checklist-template,,Last updated: 2025-10-18,1189,2025-10-21T12:02:58.672327+00:00,,,,no,
.repo_studios/inventory_schema/views,.repo_studios/inventory_schema/views/README.md,h1,Inventory Secondary Views,inventory-secondary-views,,Derived views in this folder are generated by `.repo_studios/scripts/render_inventory_views.py`. They provide read-only summaries of the authoritative catalogs so agents can quickly scan asset coverage without duplicating source data.,860,2025-10-21T12:02:58.677327+00:00,,,,no,
.repo_studios/monkey_patch/20251201_115542,.repo_studios/monkey_patch/20251201_115542/report.md,h1,Monkey Patch Scan Report,monkey-patch-scan-report,,,1723,2025-12-01T11:55:42.709604+00:00,,,,no,
.repo_studios/monkey_patch/20251201_115542,.repo_studios/monkey_patch/20251201_115542/report.md,h2,Findings by Category,findings-by-category,monkey-patch-scan-report,,1723,2025-12-01T11:55:42.709604+00:00,,,,no,
.repo_studios/monkey_patch/20251201_115542,.repo_studios/monkey_patch/20251201_115542/report.md,h2,Patched Import Bases,patched-import-bases,monkey-patch-scan-report,,1723,2025-12-01T11:55:42.709604+00:00,,,,no,
.repo_studios/monkey_patch/20251201_115542,.repo_studios/monkey_patch/20251201_115542/report.md,h2,Files With Highest Patch Counts,files-with-highest-patch-counts,monkey-patch-scan-report,,1723,2025-12-01T11:55:42.709604+00:00,,,,no,
.repo_studios/monkey_patch/20251201_115542,.repo_studios/monkey_patch/20251201_115542/report.md,h2,Next Steps,next-steps,monkey-patch-scan-report,,1723,2025-12-01T11:55:42.709604+00:00,,,,no,
.repo_studios/monkey_patch/20251207_023935,.repo_studios/monkey_patch/20251207_023935/report.md,h1,Monkey Patch Scan Report,monkey-patch-scan-report,,,1768,2025-12-07T02:39:35.384267+00:00,,,,no,
.repo_studios/monkey_patch/20251207_023935,.repo_studios/monkey_patch/20251207_023935/report.md,h2,Findings by Category,findings-by-category,monkey-patch-scan-report,,1768,2025-12-07T02:39:35.384267+00:00,,,,no,
.repo_studios/monkey_patch/20251207_023935,.repo_studios/monkey_patch/20251207_023935/report.md,h2,Patched Import Bases,patched-import-bases,monkey-patch-scan-report,,1768,2025-12-07T02:39:35.384267+00:00,,,,no,
.repo_studios/monkey_patch/20251207_023935,.repo_studios/monkey_patch/20251207_023935/report.md,h2,Files With Highest Patch Counts,files-with-highest-patch-counts,monkey-patch-scan-report,,1768,2025-12-07T02:39:35.384267+00:00,,,,no,
.repo_studios/monkey_patch/20251207_023935,.repo_studios/monkey_patch/20251207_023935/report.md,h2,Next Steps,next-steps,monkey-patch-scan-report,,1768,2025-12-07T02:39:35.384267+00:00,,,,no,
.repo_studios/monkey_patch/20251207_133529,.repo_studios/monkey_patch/20251207_133529/report.md,h1,Monkey Patch Scan Report,monkey-patch-scan-report,,,1768,2025-12-07T13:35:29.356007+00:00,,,,no,
.repo_studios/monkey_patch/20251207_133529,.repo_studios/monkey_patch/20251207_133529/report.md,h2,Findings by Category,findings-by-category,monkey-patch-scan-report,,1768,2025-12-07T13:35:29.356007+00:00,,,,no,
.repo_studios/monkey_patch/20251207_133529,.repo_studios/monkey_patch/20251207_133529/report.md,h2,Patched Import Bases,patched-import-bases,monkey-patch-scan-report,,1768,2025-12-07T13:35:29.356007+00:00,,,,no,
.repo_studios/monkey_patch/20251207_133529,.repo_studios/monkey_patch/20251207_133529/report.md,h2,Files With Highest Patch Counts,files-with-highest-patch-counts,monkey-patch-scan-report,,1768,2025-12-07T13:35:29.356007+00:00,,,,no,
.repo_studios/monkey_patch/20251207_133529,.repo_studios/monkey_patch/20251207_133529/report.md,h2,Next Steps,next-steps,monkey-patch-scan-report,,1768,2025-12-07T13:35:29.356007+00:00,,,,no,
.repo_studios/monkey_patch/latest,.repo_studios/monkey_patch/latest/report.md,h1,Monkey Patch Scan Report,monkey-patch-scan-report,,,1768,2025-12-07T13:35:29.360007+00:00,,,,no,
.repo_studios/monkey_patch/latest,.repo_studios/monkey_patch/latest/report.md,h2,Findings by Category,findings-by-category,monkey-patch-scan-report,,1768,2025-12-07T13:35:29.360007+00:00,,,,no,
.repo_studios/monkey_patch/latest,.repo_studios/monkey_patch/latest/report.md,h2,Patched Import Bases,patched-import-bases,monkey-patch-scan-report,,1768,2025-12-07T13:35:29.360007+00:00,,,,no,
.repo_studios/monkey_patch/latest,.repo_studios/monkey_patch/latest/report.md,h2,Files With Highest Patch Counts,files-with-highest-patch-counts,monkey-patch-scan-report,,1768,2025-12-07T13:35:29.360007+00:00,,,,no,
.repo_studios/monkey_patch/latest,.repo_studios/monkey_patch/latest/report.md,h2,Next Steps,next-steps,monkey-patch-scan-report,,1768,2025-12-07T13:35:29.360007+00:00,,,,no,
.repo_studios/scripts,.repo_studios/scripts/README.md,h1,Repo Studios Script Layout,repo-studios-script-layout,,This directory houses the active automation suite for Repo Studios. Scripts are grouped by the role they play in the data and automation pipeline so coding agents can locate the right tool quickly.,2391,2025-11-04T09:50:54.154871+00:00,,,,no,
.repo_studios/scripts,.repo_studios/scripts/README.md,h2,Category Map,category-map,repo-studios-script-layout,This directory houses the active automation suite for Repo Studios. Scripts are grouped by the role they play in the data and automation pipeline so coding agents can locate the right tool quickly.,2391,2025-11-04T09:50:54.154871+00:00,,,,no,
.repo_studios/scripts,.repo_studios/scripts/README.md,h2,Operating Notes,operating-notes,repo-studios-script-layout,This directory houses the active automation suite for Repo Studios. Scripts are grouped by the role they play in the data and automation pipeline so coding agents can locate the right tool quickly.,2391,2025-11-04T09:50:54.154871+00:00,,,,no,
.repo_studios/scripts,.repo_studios/scripts/README.md,h2,Immediate TODOs,immediate-todos,repo-studios-script-layout,This directory houses the active automation suite for Repo Studios. Scripts are grouped by the role they play in the data and automation pipeline so coding agents can locate the right tool quickly.,2391,2025-11-04T09:50:54.154871+00:00,,,,no,
.repo_studios/scripts/aggregators/aggregators_index,.repo_studios/scripts/aggregators/aggregators_index/aggregators_duplicate_summary-2025-10-28-0942.md,h1,Duplicate Scan Summary,duplicate-scan-summary,,,733,2025-10-28T09:42:56.137074+00:00,,,,no,
.repo_studios/scripts/aggregators/aggregators_index,.repo_studios/scripts/aggregators/aggregators_index/aggregators_duplicate_summary-2025-10-28-0942.md,h2,Overview,overview,duplicate-scan-summary,,733,2025-10-28T09:42:56.137074+00:00,,,,no,
.repo_studios/scripts/aggregators/aggregators_index,.repo_studios/scripts/aggregators/aggregators_index/aggregators_duplicate_summary-2025-10-28-0942.md,h2,Inputs,inputs,duplicate-scan-summary,,733,2025-10-28T09:42:56.137074+00:00,,,,no,
.repo_studios/scripts/aggregators/aggregators_index,.repo_studios/scripts/aggregators/aggregators_index/aggregators_duplicate_summary-2025-10-28-0942.md,h2,Top Duplicate Offenders,top-duplicate-offenders,duplicate-scan-summary,,733,2025-10-28T09:42:56.137074+00:00,,,,no,
.repo_studios/scripts/aggregators/aggregators_index,.repo_studios/scripts/aggregators/aggregators_index/aggregators_duplicate_summary-2025-10-28-0942.md,h2,Next Steps,next-steps,duplicate-scan-summary,,733,2025-10-28T09:42:56.137074+00:00,,,,no,
.repo_studios/scripts/consumers/consumers_index,.repo_studios/scripts/consumers/consumers_index/consumers_duplicate_summary-2025-10-28-0934.md,h1,Duplicate Scan Summary,duplicate-scan-summary,,1. `main` — 2 duplicate(s),1093,2025-10-28T09:34:22.504107+00:00,,,,no,
.repo_studios/scripts/consumers/consumers_index,.repo_studios/scripts/consumers/consumers_index/consumers_duplicate_summary-2025-10-28-0934.md,h2,Overview,overview,duplicate-scan-summary,1. `main` — 2 duplicate(s),1093,2025-10-28T09:34:22.504107+00:00,,,,no,
.repo_studios/scripts/consumers/consumers_index,.repo_studios/scripts/consumers/consumers_index/consumers_duplicate_summary-2025-10-28-0934.md,h2,Inputs,inputs,duplicate-scan-summary,1. `main` — 2 duplicate(s),1093,2025-10-28T09:34:22.504107+00:00,,,,no,
.repo_studios/scripts/consumers/consumers_index,.repo_studios/scripts/consumers/consumers_index/consumers_duplicate_summary-2025-10-28-0934.md,h2,Top Duplicate Offenders,top-duplicate-offenders,duplicate-scan-summary,1. `main` — 2 duplicate(s),1093,2025-10-28T09:34:22.504107+00:00,,,,no,
.repo_studios/scripts/consumers/consumers_index,.repo_studios/scripts/consumers/consumers_index/consumers_duplicate_summary-2025-10-28-0934.md,h2,Next Steps,next-steps,duplicate-scan-summary,1. `main` — 2 duplicate(s),1093,2025-10-28T09:34:22.504107+00:00,,,,no,
.repo_studios/scripts,.repo_studios/scripts/legacy_repo_scripts_overview.md,h1,Repo Scripts Tier Overview,repo-scripts-tier-overview,,This document maps the active automation suite under `.repo_studios/scripts/` using the producer → consumer → aggregator → orchestrator → summarizer tier model. Use it as a quick reference when deciding where a script lives or which…,4879,2025-10-21T16:07:43.334091+00:00,,,,yes,
.repo_studios/scripts,.repo_studios/scripts/legacy_repo_scripts_overview.md,h2,Flowchart,flowchart,repo-scripts-tier-overview,This document maps the active automation suite under `.repo_studios/scripts/` using the producer → consumer → aggregator → orchestrator → summarizer tier model. Use it as a quick reference when deciding where a script lives or which…,4879,2025-10-21T16:07:43.334091+00:00,,,,yes,
.repo_studios/scripts,.repo_studios/scripts/legacy_repo_scripts_overview.md,h2,Interpretation Notes,interpretation-notes,repo-scripts-tier-overview,This document maps the active automation suite under `.repo_studios/scripts/` using the producer → consumer → aggregator → orchestrator → summarizer tier model. Use it as a quick reference when deciding where a script lives or which…,4879,2025-10-21T16:07:43.334091+00:00,,,,yes,
.repo_studios/scripts,.repo_studios/scripts/orchestrator_refactor_plan_temp.md,h1,Orchestrator Refactor Plan (Working Notes),orchestrator-refactor-plan-working-notes,,in an orchestrator-run pipeline.,9376,2025-12-01T13:19:36.908675+00:00,,,,yes,
.repo_studios/scripts,.repo_studios/scripts/orchestrator_refactor_plan_temp.md,h2,1. Purpose,1-purpose,orchestrator-refactor-plan-working-notes,in an orchestrator-run pipeline.,9376,2025-12-01T13:19:36.908675+00:00,,,,yes,
.repo_studios/scripts,.repo_studios/scripts/orchestrator_refactor_plan_temp.md,h2,2. Current Snapshot,2-current-snapshot,orchestrator-refactor-plan-working-notes,in an orchestrator-run pipeline.,9376,2025-12-01T13:19:36.908675+00:00,,,,yes,
.repo_studios/scripts,.repo_studios/scripts/orchestrator_refactor_plan_temp.md,h2,3. Target Topology,3-target-topology,orchestrator-refactor-plan-working-notes,in an orchestrator-run pipeline.,9376,2025-12-01T13:19:36.908675+00:00,,,,yes,
.repo_studios/scripts,.repo_studios/scripts/orchestrator_refactor_plan_temp.md,h2,4. Topic Buckets and Script Assignments (Draft),4-topic-buckets-and-script-assignments-draft,orchestrator-refactor-plan-working-notes,in an orchestrator-run pipeline.,9376,2025-12-01T13:19:36.908675+00:00,,,,yes,
.repo_studios/scripts,.repo_studios/scripts/orchestrator_refactor_plan_temp.md,h2,5. Testing Strategy,5-testing-strategy,orchestrator-refactor-plan-working-notes,in an orchestrator-run pipeline.,9376,2025-12-01T13:19:36.908675+00:00,,,,yes,
.repo_studios/scripts,.repo_studios/scripts/orchestrator_refactor_plan_temp.md,h2,6. Shared Helper Opportunities (Command Center Library),6-shared-helper-opportunities-command-center-library,orchestrator-refactor-plan-working-notes,in an orchestrator-run pipeline.,9376,2025-12-01T13:19:36.908675+00:00,,,,yes,
.repo_studios/scripts,.repo_studios/scripts/orchestrator_refactor_plan_temp.md,h2,7. Artifact Management & Pruning,7-artifact-management-pruning,orchestrator-refactor-plan-working-notes,in an orchestrator-run pipeline.,9376,2025-12-01T13:19:36.908675+00:00,,,,yes,
.repo_studios/scripts,.repo_studios/scripts/orchestrator_refactor_plan_temp.md,h2,8. Documentation & Inventory Updates,8-documentation-inventory-updates,orchestrator-refactor-plan-working-notes,in an orchestrator-run pipeline.,9376,2025-12-01T13:19:36.908675+00:00,,,,yes,
.repo_studios/scripts,.repo_studios/scripts/orchestrator_refactor_plan_temp.md,h2,9. Execution Phases (Draft Timeline),9-execution-phases-draft-timeline,orchestrator-refactor-plan-working-notes,in an orchestrator-run pipeline.,9376,2025-12-01T13:19:36.908675+00:00,,,,yes,
.repo_studios/scripts,.repo_studios/scripts/orchestrator_refactor_plan_temp.md,h2,10. Risks & Open Questions,10-risks-open-questions,orchestrator-refactor-plan-working-notes,in an orchestrator-run pipeline.,9376,2025-12-01T13:19:36.908675+00:00,,,,yes,
.repo_studios/scripts,.repo_studios/scripts/orchestrator_refactor_plan_temp.md,h2,11. Next Actions,11-next-actions,orchestrator-refactor-plan-working-notes,in an orchestrator-run pipeline.,9376,2025-12-01T13:19:36.908675+00:00,,,,yes,
.repo_studios/scripts/orchestrators/orchestrators_index,.repo_studios/scripts/orchestrators/orchestrators_index/orchestrators_duplicate_summary-2025-10-28-0955.md,h1,Duplicate Scan Summary,duplicate-scan-summary,,1. `cmd_list` — 2 duplicate(s),1191,2025-10-28T09:55:41.218181+00:00,,,,no,
.repo_studios/scripts/orchestrators/orchestrators_index,.repo_studios/scripts/orchestrators/orchestrators_index/orchestrators_duplicate_summary-2025-10-28-0955.md,h2,Overview,overview,duplicate-scan-summary,1. `cmd_list` — 2 duplicate(s),1191,2025-10-28T09:55:41.218181+00:00,,,,no,
.repo_studios/scripts/orchestrators/orchestrators_index,.repo_studios/scripts/orchestrators/orchestrators_index/orchestrators_duplicate_summary-2025-10-28-0955.md,h2,Inputs,inputs,duplicate-scan-summary,1. `cmd_list` — 2 duplicate(s),1191,2025-10-28T09:55:41.218181+00:00,,,,no,
.repo_studios/scripts/orchestrators/orchestrators_index,.repo_studios/scripts/orchestrators/orchestrators_index/orchestrators_duplicate_summary-2025-10-28-0955.md,h2,Top Duplicate Offenders,top-duplicate-offenders,duplicate-scan-summary,1. `cmd_list` — 2 duplicate(s),1191,2025-10-28T09:55:41.218181+00:00,,,,no,
.repo_studios/scripts/orchestrators/orchestrators_index,.repo_studios/scripts/orchestrators/orchestrators_index/orchestrators_duplicate_summary-2025-10-28-0955.md,h2,Next Steps,next-steps,duplicate-scan-summary,1. `cmd_list` — 2 duplicate(s),1191,2025-10-28T09:55:41.218181+00:00,,,,no,
.repo_studios/scripts/producers/producers_index,.repo_studios/scripts/producers/producers_index/producers_duplicate_summary-2025-11-05-1125.md,h1,Duplicate Scan Summary,duplicate-scan-summary,,1. `configure_logging` — 19 duplicate(s),11966,2025-11-05T11:25:43.763687+00:00,,,,yes,
.repo_studios/scripts/producers/producers_index,.repo_studios/scripts/producers/producers_index/producers_duplicate_summary-2025-11-05-1125.md,h2,Overview,overview,duplicate-scan-summary,1. `configure_logging` — 19 duplicate(s),11966,2025-11-05T11:25:43.763687+00:00,,,,yes,
.repo_studios/scripts/producers/producers_index,.repo_studios/scripts/producers/producers_index/producers_duplicate_summary-2025-11-05-1125.md,h2,Inputs,inputs,duplicate-scan-summary,1. `configure_logging` — 19 duplicate(s),11966,2025-11-05T11:25:43.763687+00:00,,,,yes,
.repo_studios/scripts/producers/producers_index,.repo_studios/scripts/producers/producers_index/producers_duplicate_summary-2025-11-05-1125.md,h2,Top Duplicate Offenders,top-duplicate-offenders,duplicate-scan-summary,1. `configure_logging` — 19 duplicate(s),11966,2025-11-05T11:25:43.763687+00:00,,,,yes,
.repo_studios/scripts/producers/producers_index,.repo_studios/scripts/producers/producers_index/producers_duplicate_summary-2025-11-05-1125.md,h2,Next Steps,next-steps,duplicate-scan-summary,1. `configure_logging` — 19 duplicate(s),11966,2025-11-05T11:25:43.763687+00:00,,,,yes,
.repo_studios/scripts,.repo_studios/scripts/script_inventory_architecture.md,h1,Script Inventory Architecture,script-inventory-architecture,,"Purpose: this template inventories Repo Studios scripts by functional role so agents can migrate legacy assets, document dependencies, and prepare YAML catalog entries. Fill sections as you classify each script. Keep formatting consistent…",68909,2025-12-05T17:39:41.033900+00:00,,,,yes,
.repo_studios/scripts,.repo_studios/scripts/script_inventory_architecture.md,h2,Document Metadata,document-metadata,script-inventory-architecture,"Purpose: this template inventories Repo Studios scripts by functional role so agents can migrate legacy assets, document dependencies, and prepare YAML catalog entries. Fill sections as you classify each script. Keep formatting consistent…",68909,2025-12-05T17:39:41.033900+00:00,,,,yes,
.repo_studios/scripts,.repo_studios/scripts/script_inventory_architecture.md,h2,How to Use This Template,how-to-use-this-template,script-inventory-architecture,"Purpose: this template inventories Repo Studios scripts by functional role so agents can migrate legacy assets, document dependencies, and prepare YAML catalog entries. Fill sections as you classify each script. Keep formatting consistent…",68909,2025-12-05T17:39:41.033900+00:00,,,,yes,
.repo_studios/scripts,.repo_studios/scripts/script_inventory_architecture.md,h2,1. Script Producers,1-script-producers,script-inventory-architecture,"Purpose: this template inventories Repo Studios scripts by functional role so agents can migrate legacy assets, document dependencies, and prepare YAML catalog entries. Fill sections as you classify each script. Keep formatting consistent…",68909,2025-12-05T17:39:41.033900+00:00,,,,yes,
.repo_studios/scripts,.repo_studios/scripts/script_inventory_architecture.md,h2,2. Script Consumers,2-script-consumers,script-inventory-architecture,"Purpose: this template inventories Repo Studios scripts by functional role so agents can migrate legacy assets, document dependencies, and prepare YAML catalog entries. Fill sections as you classify each script. Keep formatting consistent…",68909,2025-12-05T17:39:41.033900+00:00,,,,yes,
.repo_studios/scripts,.repo_studios/scripts/script_inventory_architecture.md,h2,3. Script Aggregators,3-script-aggregators,script-inventory-architecture,"Purpose: this template inventories Repo Studios scripts by functional role so agents can migrate legacy assets, document dependencies, and prepare YAML catalog entries. Fill sections as you classify each script. Keep formatting consistent…",68909,2025-12-05T17:39:41.033900+00:00,,,,yes,
.repo_studios/scripts,.repo_studios/scripts/script_inventory_architecture.md,h2,4. Script Orchestrators,4-script-orchestrators,script-inventory-architecture,"Purpose: this template inventories Repo Studios scripts by functional role so agents can migrate legacy assets, document dependencies, and prepare YAML catalog entries. Fill sections as you classify each script. Keep formatting consistent…",68909,2025-12-05T17:39:41.033900+00:00,,,,yes,
.repo_studios/scripts,.repo_studios/scripts/script_inventory_architecture.md,h2,5. Script Summarizers,5-script-summarizers,script-inventory-architecture,"Purpose: this template inventories Repo Studios scripts by functional role so agents can migrate legacy assets, document dependencies, and prepare YAML catalog entries. Fill sections as you classify each script. Keep formatting consistent…",68909,2025-12-05T17:39:41.033900+00:00,,,,yes,
.repo_studios/scripts,.repo_studios/scripts/script_inventory_architecture.md,h2,6. Script Utilities,6-script-utilities,script-inventory-architecture,"Purpose: this template inventories Repo Studios scripts by functional role so agents can migrate legacy assets, document dependencies, and prepare YAML catalog entries. Fill sections as you classify each script. Keep formatting consistent…",68909,2025-12-05T17:39:41.033900+00:00,,,,yes,
.repo_studios/scripts,.repo_studios/scripts/script_inventory_architecture.md,h2,7. Script Undefined / Triage,7-script-undefined-triage,script-inventory-architecture,"Purpose: this template inventories Repo Studios scripts by functional role so agents can migrate legacy assets, document dependencies, and prepare YAML catalog entries. Fill sections as you classify each script. Keep formatting consistent…",68909,2025-12-05T17:39:41.033900+00:00,,,,yes,
.repo_studios/scripts,.repo_studios/scripts/script_inventory_architecture.md,h2,Cross-Cutting Follow-Ups,cross-cutting-follow-ups,script-inventory-architecture,"Purpose: this template inventories Repo Studios scripts by functional role so agents can migrate legacy assets, document dependencies, and prepare YAML catalog entries. Fill sections as you classify each script. Keep formatting consistent…",68909,2025-12-05T17:39:41.033900+00:00,,,,yes,
.repo_studios/scripts,.repo_studios/scripts/script_inventory_architecture.md,h2,Open Questions,open-questions,script-inventory-architecture,"Purpose: this template inventories Repo Studios scripts by functional role so agents can migrate legacy assets, document dependencies, and prepare YAML catalog entries. Fill sections as you classify each script. Keep formatting consistent…",68909,2025-12-05T17:39:41.033900+00:00,,,,yes,
.repo_studios/scripts,.repo_studios/scripts/script_inventory_architecture.md,h2,Appendix: YAML Mapping Placeholder,appendix-yaml-mapping-placeholder,script-inventory-architecture,"Purpose: this template inventories Repo Studios scripts by functional role so agents can migrate legacy assets, document dependencies, and prepare YAML catalog entries. Fill sections as you classify each script. Keep formatting consistent…",68909,2025-12-05T17:39:41.033900+00:00,,,,yes,
.repo_studios/scripts/scripts_index,.repo_studios/scripts/scripts_index/scripts_duplicate_summary-2025-10-27.md,h1,Duplicate Scan Summary,duplicate-scan-summary,,1. `prune_old_runs` — 20 duplicate(s),14434,2025-10-27T12:08:34.090771+00:00,,,,yes,
.repo_studios/scripts/scripts_index,.repo_studios/scripts/scripts_index/scripts_duplicate_summary-2025-10-27.md,h2,Overview,overview,duplicate-scan-summary,1. `prune_old_runs` — 20 duplicate(s),14434,2025-10-27T12:08:34.090771+00:00,,,,yes,
.repo_studios/scripts/scripts_index,.repo_studios/scripts/scripts_index/scripts_duplicate_summary-2025-10-27.md,h2,Inputs,inputs,duplicate-scan-summary,1. `prune_old_runs` — 20 duplicate(s),14434,2025-10-27T12:08:34.090771+00:00,,,,yes,
.repo_studios/scripts/scripts_index,.repo_studios/scripts/scripts_index/scripts_duplicate_summary-2025-10-27.md,h2,Top Duplicate Offenders,top-duplicate-offenders,duplicate-scan-summary,1. `prune_old_runs` — 20 duplicate(s),14434,2025-10-27T12:08:34.090771+00:00,,,,yes,
.repo_studios/scripts/scripts_index,.repo_studios/scripts/scripts_index/scripts_duplicate_summary-2025-10-27.md,h2,Next Steps,next-steps,duplicate-scan-summary,1. `prune_old_runs` — 20 duplicate(s),14434,2025-10-27T12:08:34.090771+00:00,,,,yes,
.repo_studios/scripts/scripts_index,.repo_studios/scripts/scripts_index/scripts_duplicate_summary-20251130-0333.md,h1,Summary,summary,,,11,2025-11-30T03:33:07.215521+00:00,,,,no,
.repo_studios/scripts/summarizers/summarizers_index,.repo_studios/scripts/summarizers/summarizers_index/summarizers_duplicate_summary-2025-11-04-2010.md,h1,Duplicate Scan Summary,duplicate-scan-summary,,1. `append_table` — 2 duplicate(s),982,2025-11-04T20:10:52.055388+00:00,,,,no,
.repo_studios/scripts/summarizers/summarizers_index,.repo_studios/scripts/summarizers/summarizers_index/summarizers_duplicate_summary-2025-11-04-2010.md,h2,Overview,overview,duplicate-scan-summary,1. `append_table` — 2 duplicate(s),982,2025-11-04T20:10:52.055388+00:00,,,,no,
.repo_studios/scripts/summarizers/summarizers_index,.repo_studios/scripts/summarizers/summarizers_index/summarizers_duplicate_summary-2025-11-04-2010.md,h2,Inputs,inputs,duplicate-scan-summary,1. `append_table` — 2 duplicate(s),982,2025-11-04T20:10:52.055388+00:00,,,,no,
.repo_studios/scripts/summarizers/summarizers_index,.repo_studios/scripts/summarizers/summarizers_index/summarizers_duplicate_summary-2025-11-04-2010.md,h2,Top Duplicate Offenders,top-duplicate-offenders,duplicate-scan-summary,1. `append_table` — 2 duplicate(s),982,2025-11-04T20:10:52.055388+00:00,,,,no,
.repo_studios/scripts/summarizers/summarizers_index,.repo_studios/scripts/summarizers/summarizers_index/summarizers_duplicate_summary-2025-11-04-2010.md,h2,Next Steps,next-steps,duplicate-scan-summary,1. `append_table` — 2 duplicate(s),982,2025-11-04T20:10:52.055388+00:00,,,,no,
.repo_studios/scripts/utilities/utilities_index,.repo_studios/scripts/utilities/utilities_index/utilities_duplicate_summary-2025-10-28-1344.md,h1,Duplicate Scan Summary,duplicate-scan-summary,,,724,2025-10-28T13:44:35.047795+00:00,,,,no,
.repo_studios/scripts/utilities/utilities_index,.repo_studios/scripts/utilities/utilities_index/utilities_duplicate_summary-2025-10-28-1344.md,h2,Overview,overview,duplicate-scan-summary,,724,2025-10-28T13:44:35.047795+00:00,,,,no,
.repo_studios/scripts/utilities/utilities_index,.repo_studios/scripts/utilities/utilities_index/utilities_duplicate_summary-2025-10-28-1344.md,h2,Inputs,inputs,duplicate-scan-summary,,724,2025-10-28T13:44:35.047795+00:00,,,,no,
.repo_studios/scripts/utilities/utilities_index,.repo_studios/scripts/utilities/utilities_index/utilities_duplicate_summary-2025-10-28-1344.md,h2,Top Duplicate Offenders,top-duplicate-offenders,duplicate-scan-summary,,724,2025-10-28T13:44:35.047795+00:00,,,,no,
.repo_studios/scripts/utilities/utilities_index,.repo_studios/scripts/utilities/utilities_index/utilities_duplicate_summary-2025-10-28-1344.md,h2,Next Steps,next-steps,duplicate-scan-summary,,724,2025-10-28T13:44:35.047795+00:00,,,,no,
.repo_studios/tmp_manual/automation_dry_run_9f5c157dea2e4b4fbd98dc969cbe2a41/reports/commandview/automation_runs/20251102-1930,.repo_studios/tmp_manual/automation_dry_run_9f5c157dea2e4b4fbd98dc969cbe2a41/reports/commandview/automation_runs/20251102-1930/README.md,h1,Automation Dry-Run Bundle,automation-dry-run-bundle,,dry run bundle,244,2025-11-30T12:23:31.861612+00:00,,,,no,
.repo_studios/tmp_manual/automation_dry_run_9f5c157dea2e4b4fbd98dc969cbe2a41/reports/commandview/automation_runs/20251102-1930,.repo_studios/tmp_manual/automation_dry_run_9f5c157dea2e4b4fbd98dc969cbe2a41/reports/commandview/automation_runs/20251102-1930/README.md,h2,Notes,notes,automation-dry-run-bundle,dry run bundle,244,2025-11-30T12:23:31.861612+00:00,,,,no,
.,README.md,h1,About this folder,about-this-folder,,"To reduce confusion with the root-level `README.md`, the detailed guide for AI agents and contributors has been moved to `AGENTS_GUIDE.md` in this same folder.",692,2025-11-30T01:23:50.960100+00:00,,,,no,
.,REPORT_NAMING_STANDARDS.md,h1,Report Naming Standards,report-naming-standards,,"This document defines the uniform naming scheme for all artifacts stored under `.repo_studios/command_center/reports/`. New automation, orchestrators, and helpers MUST emit bundles that follow this structure. Legacy directories remain in…",4572,2025-11-30T01:23:50.956101+00:00,,,,no,
.,REPORT_NAMING_STANDARDS.md,h2,Naming Convention Index,naming-convention-index,report-naming-standards,"This document defines the uniform naming scheme for all artifacts stored under `.repo_studios/command_center/reports/`. New automation, orchestrators, and helpers MUST emit bundles that follow this structure. Legacy directories remain in…",4572,2025-11-30T01:23:50.956101+00:00,,,,no,
.,REPORT_NAMING_STANDARDS.md,h2,Artifact Role Registry,artifact-role-registry,report-naming-standards,"This document defines the uniform naming scheme for all artifacts stored under `.repo_studios/command_center/reports/`. New automation, orchestrators, and helpers MUST emit bundles that follow this structure. Legacy directories remain in…",4572,2025-11-30T01:23:50.956101+00:00,,,,no,
.,REPORT_NAMING_STANDARDS.md,h2,Viewer Slug Registry,viewer-slug-registry,report-naming-standards,"This document defines the uniform naming scheme for all artifacts stored under `.repo_studios/command_center/reports/`. New automation, orchestrators, and helpers MUST emit bundles that follow this structure. Legacy directories remain in…",4572,2025-11-30T01:23:50.956101+00:00,,,,no,
.,REPORT_NAMING_STANDARDS.md,h2,Grandfathered Artifacts,grandfathered-artifacts,report-naming-standards,"This document defines the uniform naming scheme for all artifacts stored under `.repo_studios/command_center/reports/`. New automation, orchestrators, and helpers MUST emit bundles that follow this structure. Legacy directories remain in…",4572,2025-11-30T01:23:50.956101+00:00,,,,no,
.,REPORT_NAMING_STANDARDS.md,h2,Audit Utility Specification,audit-utility-specification,report-naming-standards,"This document defines the uniform naming scheme for all artifacts stored under `.repo_studios/command_center/reports/`. New automation, orchestrators, and helpers MUST emit bundles that follow this structure. Legacy directories remain in…",4572,2025-11-30T01:23:50.956101+00:00,,,,no,
.,REPORT_NAMING_STANDARDS.md,h2,Compliance Expectations,compliance-expectations,report-naming-standards,"This document defines the uniform naming scheme for all artifacts stored under `.repo_studios/command_center/reports/`. New automation, orchestrators, and helpers MUST emit bundles that follow this structure. Legacy directories remain in…",4572,2025-11-30T01:23:50.956101+00:00,,,,no,
.,REPORT_NAMING_STANDARDS.md,h2,Change Management,change-management,report-naming-standards,"This document defines the uniform naming scheme for all artifacts stored under `.repo_studios/command_center/reports/`. New automation, orchestrators, and helpers MUST emit bundles that follow this structure. Legacy directories remain in…",4572,2025-11-30T01:23:50.956101+00:00,,,,no,
.,alignment_notes_temp.md,h1,Temporary Alignment Notes,temporary-alignment-notes,,This document is a scratch pad for understanding the transplanted tooling. We will delete it once alignment is complete.,29288,2025-11-08T23:03:00.112443+00:00,,,,yes,
.,alignment_notes_temp.md,h2,Last updated: 2025-10-21,last-updated-2025-10-21,temporary-alignment-notes,This document is a scratch pad for understanding the transplanted tooling. We will delete it once alignment is complete.,29288,2025-11-08T23:03:00.112443+00:00,,,,yes,
.,alignment_notes_temp.md,h2,Snapshot (read-only observations),snapshot-read-only-observations,temporary-alignment-notes,This document is a scratch pad for understanding the transplanted tooling. We will delete it once alignment is complete.,29288,2025-11-08T23:03:00.112443+00:00,,,,yes,
.,alignment_notes_temp.md,h2,Open Questions (please answer inline),open-questions-please-answer-inline,temporary-alignment-notes,This document is a scratch pad for understanding the transplanted tooling. We will delete it once alignment is complete.,29288,2025-11-08T23:03:00.112443+00:00,,,,yes,
.,alignment_notes_temp.md,h2,Follow-up Questions (round 2),follow-up-questions-round-2,temporary-alignment-notes,This document is a scratch pad for understanding the transplanted tooling. We will delete it once alignment is complete.,29288,2025-11-08T23:03:00.112443+00:00,,,,yes,
.,alignment_notes_temp.md,h2,Next Steps (pending your guidance)--- NOT YET,next-steps-pending-your-guidance-not-yet,temporary-alignment-notes,This document is a scratch pad for understanding the transplanted tooling. We will delete it once alignment is complete.,29288,2025-11-08T23:03:00.112443+00:00,,,,yes,
.,alignment_notes_temp.md,h2,Follow-up Questions (round 3),follow-up-questions-round-3,temporary-alignment-notes,This document is a scratch pad for understanding the transplanted tooling. We will delete it once alignment is complete.,29288,2025-11-08T23:03:00.112443+00:00,,,,yes,
.,alignment_notes_temp.md,h2,Follow-up Questions (round 4),follow-up-questions-round-4,temporary-alignment-notes,This document is a scratch pad for understanding the transplanted tooling. We will delete it once alignment is complete.,29288,2025-11-08T23:03:00.112443+00:00,,,,yes,
.,alignment_notes_temp.md,h2,Follow-up Questions (round 5),follow-up-questions-round-5,temporary-alignment-notes,This document is a scratch pad for understanding the transplanted tooling. We will delete it once alignment is complete.,29288,2025-11-08T23:03:00.112443+00:00,,,,yes,
.,command_center_script_verification_temp.md,h1,Command Center Script Verification (Temporary),command-center-script-verification-temporary,,This file tracks command center script executions requested on 2025-11-04.,4905,2025-11-08T23:03:02.374057+00:00,,,,no,
docs/automation/examples,docs/automation/examples/healthview_manifest_example.md,h1,Healthview Manifest Schema Example,healthview-manifest-schema-example,,This example captures the canonical layout for Healthview manifest bundles emitted by the topic orchestrators. The JSON mirrors the CommandView schema while relocating artifacts under…,3014,2025-12-04T20:32:15.642145+00:00,healthview;orchestration;examples,repo_studios_ai,draft,no,
docs/automation/examples,docs/automation/examples/healthview_manifest_example.md,h2,Selector Integration Notes,selector-integration-notes,healthview-manifest-schema-example,This example captures the canonical layout for Healthview manifest bundles emitted by the topic orchestrators. The JSON mirrors the CommandView schema while relocating artifacts under…,3014,2025-12-04T20:32:15.642145+00:00,healthview;orchestration;examples,repo_studios_ai,draft,no,
docs/automation/examples,docs/automation/examples/healthview_manifest_example.md,h2,Usage Guidance,usage-guidance,healthview-manifest-schema-example,This example captures the canonical layout for Healthview manifest bundles emitted by the topic orchestrators. The JSON mirrors the CommandView schema while relocating artifacts under…,3014,2025-12-04T20:32:15.642145+00:00,healthview;orchestration;examples,repo_studios_ai,draft,no,
docs/automation,docs/automation/orchestrator_implementation.md,h1,Orchestrator Implementation Plan,orchestrator-implementation-plan,,"This plan sequences the work required to deliver topic-oriented orchestrators, shared helpers, and Healthview artifacts so Repo Studios diagnostics can graduate from the RFC to an executable roadmap.",90964,2025-12-07T12:15:10.156877+00:00,automation;orchestrators;command-center,repo_studios_ai,draft,yes,
docs/automation,docs/automation/orchestrator_implementation.md,h2,Context,context,orchestrator-implementation-plan,"This plan sequences the work required to deliver topic-oriented orchestrators, shared helpers, and Healthview artifacts so Repo Studios diagnostics can graduate from the RFC to an executable roadmap.",90964,2025-12-07T12:15:10.156877+00:00,automation;orchestrators;command-center,repo_studios_ai,draft,yes,
docs/automation,docs/automation/orchestrator_implementation.md,h2,Current Progress (2025-11-30),current-progress-2025-11-30,orchestrator-implementation-plan,"This plan sequences the work required to deliver topic-oriented orchestrators, shared helpers, and Healthview artifacts so Repo Studios diagnostics can graduate from the RFC to an executable roadmap.",90964,2025-12-07T12:15:10.156877+00:00,automation;orchestrators;command-center,repo_studios_ai,draft,yes,
docs/automation,docs/automation/orchestrator_implementation.md,h2,Implementation Objectives,implementation-objectives,orchestrator-implementation-plan,"This plan sequences the work required to deliver topic-oriented orchestrators, shared helpers, and Healthview artifacts so Repo Studios diagnostics can graduate from the RFC to an executable roadmap.",90964,2025-12-07T12:15:10.156877+00:00,automation;orchestrators;command-center,repo_studios_ai,draft,yes,
docs/automation,docs/automation/orchestrator_implementation.md,h2,Deliverables,deliverables,orchestrator-implementation-plan,"This plan sequences the work required to deliver topic-oriented orchestrators, shared helpers, and Healthview artifacts so Repo Studios diagnostics can graduate from the RFC to an executable roadmap.",90964,2025-12-07T12:15:10.156877+00:00,automation;orchestrators;command-center,repo_studios_ai,draft,yes,
docs/automation,docs/automation/orchestrator_implementation.md,h2,Legacy-to-Target Parity Matrix,legacy-to-target-parity-matrix,orchestrator-implementation-plan,"This plan sequences the work required to deliver topic-oriented orchestrators, shared helpers, and Healthview artifacts so Repo Studios diagnostics can graduate from the RFC to an executable roadmap.",90964,2025-12-07T12:15:10.156877+00:00,automation;orchestrators;command-center,repo_studios_ai,draft,yes,
docs/automation,docs/automation/orchestrator_implementation.md,h2,Legacy Retirement Targets,legacy-retirement-targets,orchestrator-implementation-plan,"This plan sequences the work required to deliver topic-oriented orchestrators, shared helpers, and Healthview artifacts so Repo Studios diagnostics can graduate from the RFC to an executable roadmap.",90964,2025-12-07T12:15:10.156877+00:00,automation;orchestrators;command-center,repo_studios_ai,draft,yes,
docs/automation,docs/automation/orchestrator_implementation.md,h2,Testing and Fixture Migration Requirements,testing-and-fixture-migration-requirements,orchestrator-implementation-plan,"This plan sequences the work required to deliver topic-oriented orchestrators, shared helpers, and Healthview artifacts so Repo Studios diagnostics can graduate from the RFC to an executable roadmap.",90964,2025-12-07T12:15:10.156877+00:00,automation;orchestrators;command-center,repo_studios_ai,draft,yes,
docs/automation,docs/automation/orchestrator_implementation.md,h2,Operational Impact Inventory,operational-impact-inventory,orchestrator-implementation-plan,"This plan sequences the work required to deliver topic-oriented orchestrators, shared helpers, and Healthview artifacts so Repo Studios diagnostics can graduate from the RFC to an executable roadmap.",90964,2025-12-07T12:15:10.156877+00:00,automation;orchestrators;command-center,repo_studios_ai,draft,yes,
docs/automation,docs/automation/orchestrator_implementation.md,h2,Legacy Removal Ticket Backlog (to be opened),legacy-removal-ticket-backlog-to-be-opened,orchestrator-implementation-plan,"This plan sequences the work required to deliver topic-oriented orchestrators, shared helpers, and Healthview artifacts so Repo Studios diagnostics can graduate from the RFC to an executable roadmap.",90964,2025-12-07T12:15:10.156877+00:00,automation;orchestrators;command-center,repo_studios_ai,draft,yes,
docs/automation,docs/automation/orchestrator_implementation.md,h2,Topic Assignment Validation (2025-11-30),topic-assignment-validation-2025-11-30,orchestrator-implementation-plan,"This plan sequences the work required to deliver topic-oriented orchestrators, shared helpers, and Healthview artifacts so Repo Studios diagnostics can graduate from the RFC to an executable roadmap.",90964,2025-12-07T12:15:10.156877+00:00,automation;orchestrators;command-center,repo_studios_ai,draft,yes,
docs/automation,docs/automation/orchestrator_implementation.md,h2,Healthview Manifest Mapping (2025-11-30),healthview-manifest-mapping-2025-11-30,orchestrator-implementation-plan,"This plan sequences the work required to deliver topic-oriented orchestrators, shared helpers, and Healthview artifacts so Repo Studios diagnostics can graduate from the RFC to an executable roadmap.",90964,2025-12-07T12:15:10.156877+00:00,automation;orchestrators;command-center,repo_studios_ai,draft,yes,
docs/automation,docs/automation/orchestrator_implementation.md,h2,Topic Implementation Workstreams,topic-implementation-workstreams,orchestrator-implementation-plan,"This plan sequences the work required to deliver topic-oriented orchestrators, shared helpers, and Healthview artifacts so Repo Studios diagnostics can graduate from the RFC to an executable roadmap.",90964,2025-12-07T12:15:10.156877+00:00,automation;orchestrators;command-center,repo_studios_ai,draft,yes,
docs/automation,docs/automation/orchestrator_implementation.md,h2,Phase Checklist,phase-checklist,orchestrator-implementation-plan,"This plan sequences the work required to deliver topic-oriented orchestrators, shared helpers, and Healthview artifacts so Repo Studios diagnostics can graduate from the RFC to an executable roadmap.",90964,2025-12-07T12:15:10.156877+00:00,automation;orchestrators;command-center,repo_studios_ai,draft,yes,
docs/automation,docs/automation/orchestrator_implementation.md,h2,Healthview Viewer Wiring Reference,healthview-viewer-wiring-reference,orchestrator-implementation-plan,"This plan sequences the work required to deliver topic-oriented orchestrators, shared helpers, and Healthview artifacts so Repo Studios diagnostics can graduate from the RFC to an executable roadmap.",90964,2025-12-07T12:15:10.156877+00:00,automation;orchestrators;command-center,repo_studios_ai,draft,yes,
docs/automation,docs/automation/orchestrator_implementation.md,h2,Report Naming Standard Initiative,report-naming-standard-initiative,orchestrator-implementation-plan,"This plan sequences the work required to deliver topic-oriented orchestrators, shared helpers, and Healthview artifacts so Repo Studios diagnostics can graduate from the RFC to an executable roadmap.",90964,2025-12-07T12:15:10.156877+00:00,automation;orchestrators;command-center,repo_studios_ai,draft,yes,
docs/automation,docs/automation/orchestrator_implementation.md,h2,Dependencies and Tooling,dependencies-and-tooling,orchestrator-implementation-plan,"This plan sequences the work required to deliver topic-oriented orchestrators, shared helpers, and Healthview artifacts so Repo Studios diagnostics can graduate from the RFC to an executable roadmap.",90964,2025-12-07T12:15:10.156877+00:00,automation;orchestrators;command-center,repo_studios_ai,draft,yes,
docs/automation,docs/automation/orchestrator_implementation.md,h2,Reporting and Tracking,reporting-and-tracking,orchestrator-implementation-plan,"This plan sequences the work required to deliver topic-oriented orchestrators, shared helpers, and Healthview artifacts so Repo Studios diagnostics can graduate from the RFC to an executable roadmap.",90964,2025-12-07T12:15:10.156877+00:00,automation;orchestrators;command-center,repo_studios_ai,draft,yes,
docs/automation,docs/automation/orchestrator_legacy_cleanup_checklist.md,h1,Legacy Orchestrator Cleanup Checklist,legacy-orchestrator-cleanup-checklist,,"Provide a single traceable checklist for retiring the legacy orchestration entry points once topic orchestrators and the meta runner become the default. Use this document to coordinate doc updates, Makefile changes, test rewrites, and…",6296,2025-12-05T19:18:34.078600+00:00,,,,no,
docs/automation,docs/automation/orchestrator_legacy_cleanup_checklist.md,h2,Purpose,purpose,legacy-orchestrator-cleanup-checklist,"Provide a single traceable checklist for retiring the legacy orchestration entry points once topic orchestrators and the meta runner become the default. Use this document to coordinate doc updates, Makefile changes, test rewrites, and…",6296,2025-12-05T19:18:34.078600+00:00,,,,no,
docs/automation,docs/automation/orchestrator_legacy_cleanup_checklist.md,h2,How to Use This Checklist,how-to-use-this-checklist,legacy-orchestrator-cleanup-checklist,"Provide a single traceable checklist for retiring the legacy orchestration entry points once topic orchestrators and the meta runner become the default. Use this document to coordinate doc updates, Makefile changes, test rewrites, and…",6296,2025-12-05T19:18:34.078600+00:00,,,,no,
docs/automation,docs/automation/orchestrator_legacy_cleanup_checklist.md,h2,Documentation References,documentation-references,legacy-orchestrator-cleanup-checklist,"Provide a single traceable checklist for retiring the legacy orchestration entry points once topic orchestrators and the meta runner become the default. Use this document to coordinate doc updates, Makefile changes, test rewrites, and…",6296,2025-12-05T19:18:34.078600+00:00,,,,no,
docs/automation,docs/automation/orchestrator_legacy_cleanup_checklist.md,h2,Make Targets and CLI Shims,make-targets-and-cli-shims,legacy-orchestrator-cleanup-checklist,"Provide a single traceable checklist for retiring the legacy orchestration entry points once topic orchestrators and the meta runner become the default. Use this document to coordinate doc updates, Makefile changes, test rewrites, and…",6296,2025-12-05T19:18:34.078600+00:00,,,,no,
docs/automation,docs/automation/orchestrator_legacy_cleanup_checklist.md,h2,Tests and Fixtures,tests-and-fixtures,legacy-orchestrator-cleanup-checklist,"Provide a single traceable checklist for retiring the legacy orchestration entry points once topic orchestrators and the meta runner become the default. Use this document to coordinate doc updates, Makefile changes, test rewrites, and…",6296,2025-12-05T19:18:34.078600+00:00,,,,no,
docs/automation,docs/automation/orchestrator_legacy_cleanup_checklist.md,h2,"CI, Automation, and Prompts",ci-automation-and-prompts,legacy-orchestrator-cleanup-checklist,"Provide a single traceable checklist for retiring the legacy orchestration entry points once topic orchestrators and the meta runner become the default. Use this document to coordinate doc updates, Makefile changes, test rewrites, and…",6296,2025-12-05T19:18:34.078600+00:00,,,,no,
docs/automation,docs/automation/orchestrator_legacy_cleanup_checklist.md,h2,Artifacts and Reports,artifacts-and-reports,legacy-orchestrator-cleanup-checklist,"Provide a single traceable checklist for retiring the legacy orchestration entry points once topic orchestrators and the meta runner become the default. Use this document to coordinate doc updates, Makefile changes, test rewrites, and…",6296,2025-12-05T19:18:34.078600+00:00,,,,no,
docs/automation,docs/automation/orchestrator_legacy_cleanup_checklist.md,h2,Tracking,tracking,legacy-orchestrator-cleanup-checklist,"Provide a single traceable checklist for retiring the legacy orchestration entry points once topic orchestrators and the meta runner become the default. Use this document to coordinate doc updates, Makefile changes, test rewrites, and…",6296,2025-12-05T19:18:34.078600+00:00,,,,no,
docs/automation,docs/automation/orchestrator_migration_announcement.md,h1,Orchestrator Migration Announcement,orchestrator-migration-announcement,,health-suite entry points.,4426,2025-12-05T18:36:00.307241+00:00,,,,no,
docs/automation,docs/automation/orchestrator_migration_announcement.md,h2,Overview,overview,orchestrator-migration-announcement,health-suite entry points.,4426,2025-12-05T18:36:00.307241+00:00,,,,no,
docs/automation,docs/automation/orchestrator_migration_announcement.md,h2,Timeline,timeline,orchestrator-migration-announcement,health-suite entry points.,4426,2025-12-05T18:36:00.307241+00:00,,,,no,
docs/automation,docs/automation/orchestrator_migration_announcement.md,h2,Deprecated Targets,deprecated-targets,orchestrator-migration-announcement,health-suite entry points.,4426,2025-12-05T18:36:00.307241+00:00,,,,no,
docs/automation,docs/automation/orchestrator_migration_announcement.md,h2,Agent Integration Outcomes (2025-12-05),agent-integration-outcomes-2025-12-05,orchestrator-migration-announcement,health-suite entry points.,4426,2025-12-05T18:36:00.307241+00:00,,,,no,
docs/automation,docs/automation/orchestrator_migration_announcement.md,h2,Next Checkpoints,next-checkpoints,orchestrator-migration-announcement,health-suite entry points.,4426,2025-12-05T18:36:00.307241+00:00,,,,no,
docs/automation,docs/automation/orchestrator_topic_refactor_rfc.md,h1,RFC: Topic-Oriented Orchestrator Refactor,rfc-topic-oriented-orchestrator-refactor,,"This RFC proposes restructuring the Repo Studios orchestration layer around topic-aligned pipelines so every automation script is executed through a consistent orchestrator entry point. The document summarizes roadmap context, expected…",12548,2025-12-01T13:19:36.908675+00:00,,,,yes,
docs/automation,docs/automation/orchestrator_topic_refactor_rfc.md,h2,1. Overview,1-overview,rfc-topic-oriented-orchestrator-refactor,"This RFC proposes restructuring the Repo Studios orchestration layer around topic-aligned pipelines so every automation script is executed through a consistent orchestrator entry point. The document summarizes roadmap context, expected…",12548,2025-12-01T13:19:36.908675+00:00,,,,yes,
docs/automation,docs/automation/orchestrator_topic_refactor_rfc.md,h2,2. Motivation,2-motivation,rfc-topic-oriented-orchestrator-refactor,"This RFC proposes restructuring the Repo Studios orchestration layer around topic-aligned pipelines so every automation script is executed through a consistent orchestrator entry point. The document summarizes roadmap context, expected…",12548,2025-12-01T13:19:36.908675+00:00,,,,yes,
docs/automation,docs/automation/orchestrator_topic_refactor_rfc.md,h2,3. Goals,3-goals,rfc-topic-oriented-orchestrator-refactor,"This RFC proposes restructuring the Repo Studios orchestration layer around topic-aligned pipelines so every automation script is executed through a consistent orchestrator entry point. The document summarizes roadmap context, expected…",12548,2025-12-01T13:19:36.908675+00:00,,,,yes,
docs/automation,docs/automation/orchestrator_topic_refactor_rfc.md,h2,4. Non-Goals,4-non-goals,rfc-topic-oriented-orchestrator-refactor,"This RFC proposes restructuring the Repo Studios orchestration layer around topic-aligned pipelines so every automation script is executed through a consistent orchestrator entry point. The document summarizes roadmap context, expected…",12548,2025-12-01T13:19:36.908675+00:00,,,,yes,
docs/automation,docs/automation/orchestrator_topic_refactor_rfc.md,h2,5. Proposed Architecture,5-proposed-architecture,rfc-topic-oriented-orchestrator-refactor,"This RFC proposes restructuring the Repo Studios orchestration layer around topic-aligned pipelines so every automation script is executed through a consistent orchestrator entry point. The document summarizes roadmap context, expected…",12548,2025-12-01T13:19:36.908675+00:00,,,,yes,
docs/automation,docs/automation/orchestrator_topic_refactor_rfc.md,h2,6. Shared Helper Enhancements,6-shared-helper-enhancements,rfc-topic-oriented-orchestrator-refactor,"This RFC proposes restructuring the Repo Studios orchestration layer around topic-aligned pipelines so every automation script is executed through a consistent orchestrator entry point. The document summarizes roadmap context, expected…",12548,2025-12-01T13:19:36.908675+00:00,,,,yes,
docs/automation,docs/automation/orchestrator_topic_refactor_rfc.md,h2,7. Artifact Management and Retention,7-artifact-management-and-retention,rfc-topic-oriented-orchestrator-refactor,"This RFC proposes restructuring the Repo Studios orchestration layer around topic-aligned pipelines so every automation script is executed through a consistent orchestrator entry point. The document summarizes roadmap context, expected…",12548,2025-12-01T13:19:36.908675+00:00,,,,yes,
docs/automation,docs/automation/orchestrator_topic_refactor_rfc.md,h2,8. Testing Strategy,8-testing-strategy,rfc-topic-oriented-orchestrator-refactor,"This RFC proposes restructuring the Repo Studios orchestration layer around topic-aligned pipelines so every automation script is executed through a consistent orchestrator entry point. The document summarizes roadmap context, expected…",12548,2025-12-01T13:19:36.908675+00:00,,,,yes,
docs/automation,docs/automation/orchestrator_topic_refactor_rfc.md,h2,9. Documentation Plan,9-documentation-plan,rfc-topic-oriented-orchestrator-refactor,"This RFC proposes restructuring the Repo Studios orchestration layer around topic-aligned pipelines so every automation script is executed through a consistent orchestrator entry point. The document summarizes roadmap context, expected…",12548,2025-12-01T13:19:36.908675+00:00,,,,yes,
docs/automation,docs/automation/orchestrator_topic_refactor_rfc.md,h2,10. Rollout Phases,10-rollout-phases,rfc-topic-oriented-orchestrator-refactor,"This RFC proposes restructuring the Repo Studios orchestration layer around topic-aligned pipelines so every automation script is executed through a consistent orchestrator entry point. The document summarizes roadmap context, expected…",12548,2025-12-01T13:19:36.908675+00:00,,,,yes,
docs/automation,docs/automation/orchestrator_topic_refactor_rfc.md,h2,11. Risks and Mitigations,11-risks-and-mitigations,rfc-topic-oriented-orchestrator-refactor,"This RFC proposes restructuring the Repo Studios orchestration layer around topic-aligned pipelines so every automation script is executed through a consistent orchestrator entry point. The document summarizes roadmap context, expected…",12548,2025-12-01T13:19:36.908675+00:00,,,,yes,
docs/automation,docs/automation/orchestrator_topic_refactor_rfc.md,h2,12. Open Questions,12-open-questions,rfc-topic-oriented-orchestrator-refactor,"This RFC proposes restructuring the Repo Studios orchestration layer around topic-aligned pipelines so every automation script is executed through a consistent orchestrator entry point. The document summarizes roadmap context, expected…",12548,2025-12-01T13:19:36.908675+00:00,,,,yes,
docs/automation,docs/automation/orchestrator_topic_refactor_rfc.md,h2,13. Decision Record,13-decision-record,rfc-topic-oriented-orchestrator-refactor,"This RFC proposes restructuring the Repo Studios orchestration layer around topic-aligned pipelines so every automation script is executed through a consistent orchestrator entry point. The document summarizes roadmap context, expected…",12548,2025-12-01T13:19:36.908675+00:00,,,,yes,
docs/automation,docs/automation/orchestrator_topic_refactor_rfc.md,h2,14. References,14-references,rfc-topic-oriented-orchestrator-refactor,"This RFC proposes restructuring the Repo Studios orchestration layer around topic-aligned pipelines so every automation script is executed through a consistent orchestrator entry point. The document summarizes roadmap context, expected…",12548,2025-12-01T13:19:36.908675+00:00,,,,yes,
docs/standards/global,docs/standards/global/std-docs-integrity-handbook.md,h1,Docs Integrity Handbook,docs-integrity-handbook,,This handbook defines the governed documentation surfaces used by Repo Studios tooling.,284,2025-10-24T00:50:07.867124+00:00,,,,no,
docs/standards/global,docs/standards/global/std-global-chainlit-ui.md,h1,Global Chainlit UI Standard,global-chainlit-ui-standard,,Placeholder overview of Chainlit UI conventions. Update with the real standard when synced from the documentation source.,233,2025-11-24T23:31:22.862853+00:00,,,,yes,
docs/standards/global,docs/standards/global/std-global-code-cleanup.md,document,,std-global-code-cleanup,,,747,2025-11-24T23:31:22.862853+00:00,,,draft,yes,
docs/standards/global,docs/standards/global/std-global-html-coding.md,h1,Global HTML Coding Standard,global-html-coding-standard,,Temporary HTML coding guidance. Replace this stub with the official standard when syncing the documentation repository.,231,2025-11-24T23:31:22.862853+00:00,,,,no,
docs/standards/global,docs/standards/global/std-global-markdown-authoring.md,h2,Front Matter,front-matter,,,3318,2025-11-25T11:35:24.181372+00:00,,,draft,yes,
docs/standards/global,docs/standards/global/std-global-markdown-authoring.md,h2,Document Placement,document-placement,,,3318,2025-11-25T11:35:24.181372+00:00,,,draft,yes,
docs/standards/global,docs/standards/global/std-global-markdown-authoring.md,h2,Headings & Outline,headings-outline,,,3318,2025-11-25T11:35:24.181372+00:00,,,draft,yes,
docs/standards/global,docs/standards/global/std-global-markdown-authoring.md,h2,Lead Summary Paragraph,lead-summary-paragraph,,,3318,2025-11-25T11:35:24.181372+00:00,,,draft,yes,
docs/standards/global,docs/standards/global/std-global-markdown-authoring.md,h2,Metadata Hygiene,metadata-hygiene,,,3318,2025-11-25T11:35:24.181372+00:00,,,draft,yes,
docs/standards/global,docs/standards/global/std-global-markdown-authoring.md,h2,Style Essentials,style-essentials,,,3318,2025-11-25T11:35:24.181372+00:00,,,draft,yes,
docs/standards/global,docs/standards/global/std-global-markdown-authoring.md,h2,Cross-Document Consistency,cross-document-consistency,,,3318,2025-11-25T11:35:24.181372+00:00,,,draft,yes,
docs/standards/global,docs/standards/global/std-global-mission-parameters.md,h2,Decisions,decisions,,,644,2025-11-24T23:31:22.862853+00:00,,,draft,no,
docs/standards/global,docs/standards/global/std-global-monkey-patching.md,h2,Builtin Constraints,builtin-constraints,,,702,2025-11-24T23:31:22.862853+00:00,,,draft,yes,
docs/standards/global,docs/standards/global/std-global-prompt-engineering.md,h2,Evaluation Cases,evaluation-cases,,,710,2025-11-24T23:31:22.863855+00:00,,,draft,yes,
docs/standards/global,docs/standards/global/std-global-python-engineering.md,h2,Error Handling,error-handling,,,1087,2025-11-24T23:31:22.871630+00:00,,,draft,no,
docs/standards/global,docs/standards/global/std-global-python-engineering.md,h2,Logging,logging,,,1087,2025-11-24T23:31:22.871630+00:00,,,draft,no,
docs/standards/project,docs/standards/project/std-project-operating-standard.md,h2,Dependency Management,dependency-management,,,2027,2025-11-25T11:35:24.181372+00:00,,,draft,yes,
docs/standards/project,docs/standards/project/std-project-operating-standard.md,h2,Automation Visibility,automation-visibility,,,2027,2025-11-25T11:35:24.181372+00:00,,,draft,yes,
docs/standards/project,docs/standards/project/std-project-operating-standard.md,h2,Documentation Hygiene,documentation-hygiene,,,2027,2025-11-25T11:35:24.181372+00:00,,,draft,yes,
docs/standards/project,docs/standards/project/std-project-python-instructions.md,h1,Project Python Instructions,project-python-instructions,,This guide documents the baseline expectations for Python contributors and automation authors.,1867,2025-11-25T11:35:24.181372+00:00,python;documentation;automation,repo_studios_ai,draft,yes,
docs/standards/project,docs/standards/project/std-project-python-instructions.md,h2,Environment,environment,project-python-instructions,This guide documents the baseline expectations for Python contributors and automation authors.,1867,2025-11-25T11:35:24.181372+00:00,python;documentation;automation,repo_studios_ai,draft,yes,
docs/standards/project,docs/standards/project/std-project-python-instructions.md,h2,Documentation Expectations,documentation-expectations,project-python-instructions,This guide documents the baseline expectations for Python contributors and automation authors.,1867,2025-11-25T11:35:24.181372+00:00,python;documentation;automation,repo_studios_ai,draft,yes,
docs/standards/project,docs/standards/project/std-project-python-instructions.md,h2,Testing Discipline,testing-discipline,project-python-instructions,This guide documents the baseline expectations for Python contributors and automation authors.,1867,2025-11-25T11:35:24.181372+00:00,python;documentation;automation,repo_studios_ai,draft,yes,
docs/templates,docs/templates/test_execution_telemetry_summary_template.md,h1,Test Execution Telemetry Summary Template,test-execution-telemetry-summary-template,,Use this template when authoring Healthview Markdown summaries for Test Execution Telemetry runs. Replace bracketed placeholders with the values emitted by the orchestrator (`run_test_execution_telemetry.py`) and remove any sections that…,2092,2025-12-01T03:07:09.755953+00:00,,,,yes,
docs/templates,docs/templates/test_execution_telemetry_summary_template.md,h2,Run Context,run-context,test-execution-telemetry-summary-template,Use this template when authoring Healthview Markdown summaries for Test Execution Telemetry runs. Replace bracketed placeholders with the values emitted by the orchestrator (`run_test_execution_telemetry.py`) and remove any sections that…,2092,2025-12-01T03:07:09.755953+00:00,,,,yes,
docs/templates,docs/templates/test_execution_telemetry_summary_template.md,h2,Runtime Metrics,runtime-metrics,test-execution-telemetry-summary-template,Use this template when authoring Healthview Markdown summaries for Test Execution Telemetry runs. Replace bracketed placeholders with the values emitted by the orchestrator (`run_test_execution_telemetry.py`) and remove any sections that…,2092,2025-12-01T03:07:09.755953+00:00,,,,yes,
docs/templates,docs/templates/test_execution_telemetry_summary_template.md,h2,Failure Highlights,failure-highlights,test-execution-telemetry-summary-template,Use this template when authoring Healthview Markdown summaries for Test Execution Telemetry runs. Replace bracketed placeholders with the values emitted by the orchestrator (`run_test_execution_telemetry.py`) and remove any sections that…,2092,2025-12-01T03:07:09.755953+00:00,,,,yes,
docs/templates,docs/templates/test_execution_telemetry_summary_template.md,h2,Artifact Locations,artifact-locations,test-execution-telemetry-summary-template,Use this template when authoring Healthview Markdown summaries for Test Execution Telemetry runs. Replace bracketed placeholders with the values emitted by the orchestrator (`run_test_execution_telemetry.py`) and remove any sections that…,2092,2025-12-01T03:07:09.755953+00:00,,,,yes,
docs/templates,docs/templates/test_execution_telemetry_summary_template.md,h2,Step Outcomes,step-outcomes,test-execution-telemetry-summary-template,Use this template when authoring Healthview Markdown summaries for Test Execution Telemetry runs. Replace bracketed placeholders with the values emitted by the orchestrator (`run_test_execution_telemetry.py`) and remove any sections that…,2092,2025-12-01T03:07:09.755953+00:00,,,,yes,
.,repo_prompts.md,h1,Repo Studios Prompt Library,repo-studios-prompt-library,,Audience: Repo Studios automation | Human collaborators,11283,2025-11-04T14:45:21.938679+00:00,prompts;library;repo-studios,repo_studios_ai,active,no,
.,repo_prompts.md,h2,Prompt Index,prompt-index,repo-studios-prompt-library,Audience: Repo Studios automation | Human collaborators,11283,2025-11-04T14:45:21.938679+00:00,prompts;library;repo-studios,repo_studios_ai,active,no,
.,repo_prompts.md,h2,Atomic Prompts,atomic-prompts,repo-studios-prompt-library,Audience: Repo Studios automation | Human collaborators,11283,2025-11-04T14:45:21.938679+00:00,prompts;library;repo-studios,repo_studios_ai,active,no,
.,repo_prompts.md,h2,Bundle Prompts,bundle-prompts,repo-studios-prompt-library,Audience: Repo Studios automation | Human collaborators,11283,2025-11-04T14:45:21.938679+00:00,prompts;library;repo-studios,repo_studios_ai,active,no,
.,repo_prompts.md,h2,Notes,notes,repo-studios-prompt-library,Audience: Repo Studios automation | Human collaborators,11283,2025-11-04T14:45:21.938679+00:00,prompts;library;repo-studios,repo_studios_ai,active,no,