path	line	pattern	snippet
.repo_studios/agent_notes/meta/phase1_foundation_review_2025-10-18_0138.md	1	REVIEW	# Phase 1 Foundation Review
.repo_studios/docs/governance/alignment-ledger.md	80	REVIEW	* Review UI benchmarking doc against current Chainlit standards and schedule an update if discrepancies remain after Batch 2.
.repo_studios/docs/governance/alignment-ledger.md	81	REVIEW	* Validate faulthandler rollout evidence (blocklist/allowlist artifacts) before the mid-term milestone review.
.repo_studios/docs/governance/alignment-ledger.md	761	REVIEW	*Source: Batch 1; Inventory #8, #36.* **Owner:** Diagnostics owner *(human evidence review).* **Automation:**
.repo_studios/docs/governance/alignment-ledger.md	877	NOTE	**Note:** Ensure PromQL examples reference final metric names.
.repo_studios/docs/governance/alignment-ledger.md	908	NOTE	**Note:** Ensure placeholders replaced with milestone dates.
.repo_studios/docs/governance/alignment-ledger.md	936	NOTE	**Note:** Should reference observability roadmap linkage.
.repo_studios/docs/governance/alignment-ledger.md	967	REVIEW	**[2025-10-01 Pending KPI]** Success metric still under review with agents performance lead.
.repo_studios/docs/governance/alignment-ledger.md	989	REVIEW	**⚠️ Gap:** Need roadmap review outcomes.
.repo_studios/docs/governance/alignment-ledger.md	990	REVIEW	**[2025-10-01 Pending Owner Matrix]** Owner assignments awaiting roadmap review sign-off.
.repo_studios/docs/governance/alignment-ledger.md	1031	REVIEW	* [ ] Review residual payloads under `models/` and `ledger_tmp/`, archiving or deleting non-doc files
.repo_studios/docs/governance/alignment-ledger.md	1043	NOTE	*Source: Inventory #4.* **Owner:** Tooling governance. **Automation:** repo to note policy after
.repo_studios/docs/templates/agent_note_template.md	1	NOTE	# Agent Note Template
.repo_studios/scripts/orchestrators/run_pytest_log_capture.py	172	NOTE	# Note idle but avoid sending signals that may terminate pytest
.repo_studios/scripts/producers/extract_standards_rules.py	178	NOTE	# Ignore silently (could add error note in future)
.venv/Lib/site-packages/_pytest/_code/code.py	100	XXX	# XXX maybe try harder like the weird logic
.venv/Lib/site-packages/_pytest/_code/code.py	452	XXX	# XXX needs a test
.venv/Lib/site-packages/_pytest/_code/code.py	1048	XXX	#    # XXX
.venv/Lib/site-packages/_pytest/_code/code.py	1484	XXX	# xxx let decorators etc specify a sane ordering
.venv/Lib/site-packages/_pytest/_code/code.py	1485	NOTE	# NOTE: this used to be done in _pytest.compat.getfslineno, initially added
.venv/Lib/site-packages/_pytest/_code/code.py	1519	NOTE	# note: if we need to add more paths than what we have now we should probably use a list
.venv/Lib/site-packages/_pytest/assertion/rewrite.py	205	NOTE	# Note: conftest already by default in _basenames_to_check_rewrite.
.venv/Lib/site-packages/_pytest/assertion/rewrite.py	881	TODO	# TODO: This assert should not be needed.
.venv/Lib/site-packages/_pytest/assertion/util.py	196	XXX	# XXX: "15 chars indentation" is wrong
.venv/Lib/site-packages/_pytest/assertion/util.py	266	NOTE	# Note: unlike dataclasses/attrs, namedtuples compare only the
.venv/Lib/site-packages/_pytest/cacheprovider.py	216	NOTE	# Note: there's no way to get the current umask atomically, eek.
.venv/Lib/site-packages/_pytest/cacheprovider.py	242	TODO	# TODO: pass ignore_cleanup_errors=True when we no longer support python < 3.10.
.venv/Lib/site-packages/_pytest/cacheprovider.py	243	NOTE	# See https://github.com/python/cpython/issues/74168. Note that passing
.venv/Lib/site-packages/_pytest/cacheprovider.py	575	TODO	# TODO: evaluate generating upward relative paths
.venv/Lib/site-packages/_pytest/capture.py	600	XXX	# XXX use encoding of original stream
.venv/Lib/site-packages/_pytest/capture.py	708	TODO	# TODO: This type error is real, need to fix.
.venv/Lib/site-packages/_pytest/compat.py	126	TODO	# TODO(RonnyPfannschmidt): This function should be refactored when we
.venv/Lib/site-packages/_pytest/compat.py	176	NOTE	# Note: this code intentionally mirrors the code at the beginning of
.venv/Lib/site-packages/_pytest/config/__init__.py	199	NOTE	# https://docs.python.org/3/library/signal.html#note-on-sigpipe
.venv/Lib/site-packages/_pytest/config/__init__.py	528	XXX	# XXX now that the pluginmanager exposes hookimpl(tryfirst...)
.venv/Lib/site-packages/_pytest/config/__init__.py	1646	NOTE	# Note: some coercions are only required if we are reading from .ini files, because
.venv/Lib/site-packages/_pytest/debugging.py	80	NOTE	# NOTE: not using pytest_unconfigure, since it might get called although
.venv/Lib/site-packages/_pytest/debugging.py	343	XXX	# XXX we reuse the TerminalReporter's terminalwriter
.venv/Lib/site-packages/_pytest/doctest.py	316	TODO	# TODO: Type ignored -- breaks Liskov Substitution.
.venv/Lib/site-packages/_pytest/doctest.py	346	TODO	# TODO: ReprFileLocation doesn't expect a None lineno.
.venv/Lib/site-packages/_pytest/fixtures.py	160	TODO	# TODO: Try to use FixtureFunctionDefinition instead of the marker
.venv/Lib/site-packages/_pytest/fixtures.py	336	NOTE	# Note: can't include dynamic dependencies (`request.getfixturevalue` calls).
.venv/Lib/site-packages/_pytest/fixtures.py	544	NOTE	# Note that in addition to the use case described in the docstring,
.venv/Lib/site-packages/_pytest/fixtures.py	1250	TODO	# TODO: paramspec/return type annotation tracking and storing
.venv/Lib/site-packages/_pytest/fixtures.py	1536	TODO	# TODO: The order of the FixtureDefs list of each arg is significant,
.venv/Lib/site-packages/_pytest/fixtures.py	1588	NOTE	# Note: we explicitly do *not* use `plugin.__file__` here -- The
.venv/Lib/site-packages/_pytest/fixtures.py	1938	TODO	# TODO: Fix this type ignore.
.venv/Lib/site-packages/_pytest/hookspec.py	975	NOTE	*in* a string will be escaped. Note that all but the first line will
.venv/Lib/site-packages/_pytest/junitxml.py	512	TODO	# TODO: breaks for --dist=each
.venv/Lib/site-packages/_pytest/legacypath.py	389	TODO	# TODO: This assert is probably not valid in all cases.
.venv/Lib/site-packages/_pytest/main.py	945	TODO	# TODO: Remove parametrized workaround once collection structure contains
.venv/Lib/site-packages/_pytest/mark/structures.py	158	TODO	# TODO: Refactor to fix this type-ignore. Currently the following
.venv/Lib/site-packages/_pytest/mark/structures.py	304	NOTE	# Note: a lambda is not allowed, but this can't be represented.
.venv/Lib/site-packages/_pytest/mark/structures.py	629	NOTE	# Note: we could've avoided explicitly implementing some of the methods
.venv/Lib/site-packages/_pytest/nodes.py	144	NOTE	# Note that __dict__ is still available.
.venv/Lib/site-packages/_pytest/nodes.py	431	XXX	# XXX should excinfo.getrepr record all data and toterminal() process it?
.venv/Lib/site-packages/_pytest/nodes.py	514	TODO	# TODO: This omits the style= parameter which breaks Liskov Substitution.
.venv/Lib/site-packages/_pytest/outcomes.py	44	XXX	# XXX hackish: on 3k we fake to live in the builtins
.venv/Lib/site-packages/_pytest/pathlib.py	915	NOTE	# Note this is different from what we do in ``_import_module_using_spec``, where we explicitly search through
.venv/Lib/site-packages/_pytest/pytester.py	1112	NOTE	# Important note:
.venv/Lib/site-packages/_pytest/python.py	87	NOTE	# NOTE: default is also used in AssertionRewritingHook.
.venv/Lib/site-packages/_pytest/python.py	281	XXX	# XXX evil hack
.venv/Lib/site-packages/_pytest/python.py	296	TODO	# TODO: Improve the type of `parent` such that assert/ignore aren't needed.
.venv/Lib/site-packages/_pytest/python.py	317	XXX	# XXX caching?
.venv/Lib/site-packages/_pytest/python.py	408	NOTE	# Note: seems like the dict can change during iteration -
.venv/Lib/site-packages/_pytest/python.py	474	NOTE	# we update what the function really needs a.k.a its fixture closure. Note that
.venv/Lib/site-packages/_pytest/python.py	649	NOTE	# NOTE: following args are unused:
.venv/Lib/site-packages/_pytest/python.py	655	NOTE	# NOTE: Could be just the following, but kept as-is for compat.
.venv/Lib/site-packages/_pytest/python.py	999	NOTE	# Fallback to default. Note that NOTSET is an enum.Enum.
.venv/Lib/site-packages/_pytest/python.py	1532	TODO	# TODO: If escaping is turned off and the user passes bytes,
.venv/Lib/site-packages/_pytest/python.py	1596	NOTE	# Note: when FunctionDefinition is introduced, we should change ``originalname``
.venv/Lib/site-packages/_pytest/python.py	1604	TODO	# todo: this is a hell of a hack
.venv/Lib/site-packages/_pytest/python.py	1606	NOTE	# Note: the order of the updates is important here; indicates what
.venv/Lib/site-packages/_pytest/python.py	1621	TODO	# todo: determine sound type limitations
.venv/Lib/site-packages/_pytest/python.py	1705	TODO	# TODO: Type ignored -- breaks Liskov Substitution.
.venv/Lib/site-packages/_pytest/raises.py	303	NOTE	# note: RaisesExc/RaisesGroup uses fail() internally, so this alias
.venv/Lib/site-packages/_pytest/raises.py	307	NOTE	# note: this is *not* the same as `_pytest.main.Failed`
.venv/Lib/site-packages/_pytest/raises.py	308	NOTE	# note: mypy does not recognize this attribute, and it's not possible
.venv/Lib/site-packages/_pytest/raises.py	495	TODO	# TODO: harmonize with ExceptionInfo.match
.venv/Lib/site-packages/_pytest/raises.py	513	TODO	# TODO: it instructs to use `-v` to print leading text, but that doesn't work
.venv/Lib/site-packages/_pytest/raises.py	698	TODO	# TODO: move common code into superclass
.venv/Lib/site-packages/_pytest/reports.py	466	TODO	# TODO: Check if this is actually reachable.
.venv/Lib/site-packages/_pytest/reports.py	518	TODO	# TODO: Investigate whether the duck typing is really necessary here.
.venv/Lib/site-packages/_pytest/runner.py	378	NOTE	# Note: initial conftests are loaded early, not here.
.venv/Lib/site-packages/_pytest/skipping.py	151	XXX	# XXX better be checked at collection time
.venv/Lib/site-packages/_pytest/terminal.py	110	TODO	# todo Deprecate config.quiet
.venv/Lib/site-packages/_pytest/terminal.py	583	XXX	# XXX This event may happen during setup/teardown time
.venv/Lib/site-packages/_pytest/terminal.py	1541	TODO	# TODO: Revisit after marks scope would be fixed.
.venv/Lib/site-packages/_pytest/timing.py	34	NOTE	# Note: using a `lambda` to correctly get the mocked time via `MockTiming`.
.venv/Lib/site-packages/_pytest/timing.py	38	NOTE	# Note: using a `lambda` to correctly get the mocked time via `MockTiming`.
.venv/Lib/site-packages/colorama/win32.py	152	NOTE	# Note that this is hard-coded for ANSI (vs wide) bytes.
.venv/Lib/site-packages/colorama/win32.py	163	NOTE	# Note that this is hard-coded for ANSI (vs wide) bytes.
.venv/Lib/site-packages/iniconfig/__init__.py	64	TODO	# TODO: investigate possible mypy bug wrt matching the passed over data
.venv/Lib/site-packages/lizard_ext/lizardns.py	51	FIXME	# TODO: Delegate this to language readers  # pylint: disable=fixme
.venv/Lib/site-packages/lizard_languages/r.py	165	NOTE	# Note: Complexity conditions are automatically counted by the framework
.venv/Lib/site-packages/mypy/applytype.py	122	TODO	# TODO: validate arg_kinds/arg_names for ParamSpec and TypeVarTuple replacements,
.venv/Lib/site-packages/mypy/applytype.py	159	TODO	# TODO: move apply_poly() logic here when new inference
.venv/Lib/site-packages/mypy/argmap.py	103	TODO	# TODO: If there are also tuple varargs, we might be missing some potential
.venv/Lib/site-packages/mypy/binder.py	226	TODO	# TODO: Copy the value of unreachable into new frames to avoid
.venv/Lib/site-packages/mypy/binder.py	424	OPTIMIZE	# Second case: explicit optional type, in this case we optimize for a common
.venv/Lib/site-packages/mypy/binder.py	451	XXX	# XXX This should probably not copy the entire frame, but
.venv/Lib/site-packages/mypy/build.py	12	TODO	# TODO: More consistent terminology, e.g. path/fnam, module/id, state/file
.venv/Lib/site-packages/mypy/build.py	126	TODO	# TODO: Get rid of BuildResult.  We might as well return a BuildManager.
.venv/Lib/site-packages/mypy/build.py	312	TODO	# TODO: Could we always use relpath?  (A worry in non-bazel
.venv/Lib/site-packages/mypy/build.py	341	NOTE	# NOTE: dependencies + suppressed == all reachable imports;
.venv/Lib/site-packages/mypy/build.py	864	TODO	# TODO: Assert deps file wasn't changed.
.venv/Lib/site-packages/mypy/build.py	1128	TODO	# TODO: invalidate also if options changed (like --strict-optional)?
.venv/Lib/site-packages/mypy/build.py	1297	TODO	# TODO: May need to take more build options into account
.venv/Lib/site-packages/mypy/build.py	1318	TODO	# TODO: these `type: ignore`s wouldn't be necessary
.venv/Lib/site-packages/mypy/build.py	1342	NOTE	# Note that it's fine to mutilate cached_options since it's only used here.
.venv/Lib/site-packages/mypy/build.py	1526	NOTE	# note in
.venv/Lib/site-packages/mypy/build.py	1608	NOTE	# Note that for Bazel we don't record the data file's mtime.
.venv/Lib/site-packages/mypy/build.py	1635	NOTE	# Note that the options we store in the cache are the options as
.venv/Lib/site-packages/mypy/build.py	1970	TODO	# TODO: Get mtime if not cached.
.venv/Lib/site-packages/mypy/build.py	2005	NOTE	# NOTE: see comment below for why we skip this in fine grained mode.
.venv/Lib/site-packages/mypy/build.py	2044	NOTE	# NOTE: self.dependencies may differ from
.venv/Lib/site-packages/mypy/build.py	2101	TODO	# TODO: Move this away once we've removed the old semantic analyzer?
.venv/Lib/site-packages/mypy/build.py	2124	TODO	# TODO: Assert data file wasn't changed.
.venv/Lib/site-packages/mypy/build.py	2267	TODO	# TODO: This should not be considered as a semantic analysis
.venv/Lib/site-packages/mypy/build.py	2273	TODO	# TODO: Do this while constructing the AST?
.venv/Lib/site-packages/mypy/build.py	2410	TODO	# TODO: find a more robust way to traverse *all* relevant types?
.venv/Lib/site-packages/mypy/build.py	2723	TODO	# TODO: This might hide non-fatal errors from
.venv/Lib/site-packages/mypy/build.py	2862	TODO	# TODO: Read the path (the __init__.py file) and return
.venv/Lib/site-packages/mypy/build.py	3102	TODO	# TODO: Consider whether to go depth-first instead.  This may
.venv/Lib/site-packages/mypy/build.py	3147	NOTE	# Note: Running this each time could be slow in the daemon. If it's a problem, we
.venv/Lib/site-packages/mypy/build.py	3168	TODO	# TODO: Ideally we could skip here modules that appeared in st.suppressed
.venv/Lib/site-packages/mypy/build.py	3185	TODO	# TODO: Why not 'if dep not in st.dependencies' ?
.venv/Lib/site-packages/mypy/build.py	3254	NOTE	# Note that ascc is a set, and scc is a list.
.venv/Lib/site-packages/mypy/build.py	3293	NOTE	# NOTE: Newly suppressed dependencies are handled by is_fresh().
.venv/Lib/site-packages/mypy/build.py	3355	NOTE	# Note that `process_graph` may end with us not having processed every
.venv/Lib/site-packages/mypy/build.py	3359	NOTE	# Also note we shouldn't have to worry about transitive_error here,
.venv/Lib/site-packages/mypy/build.py	3364	TODO	# TODO: see if it's possible to determine if we need to process only a
.venv/Lib/site-packages/mypy/cache.py	23	TODO	# TODO: temporary, remove this after we publish mypy-native on PyPI.
.venv/Lib/site-packages/mypy/checker.py	279	TODO	# (such as two references to the same variable). TODO: it would
.venv/Lib/site-packages/mypy/checker.py	357	NOTE	# NOTE: The names might not be unique, they are only for debugging purposes.
.venv/Lib/site-packages/mypy/checker.py	447	NOTE	# NOTE: we use the context manager to avoid "threading" an additional `is_final_def`
.venv/Lib/site-packages/mypy/checker.py	457	NOTE	# of giving a note on possibly missing "await". It is used to avoid infinite recursion.
.venv/Lib/site-packages/mypy/checker.py	493	TODO	# TODO: verify this is still actually worth it over creating new checkers
.venv/Lib/site-packages/mypy/checker.py	579	XXX	# print("XXX in pass %d, class %s, function %s" %
.venv/Lib/site-packages/mypy/checker.py	607	TODO	# TODO: Handle __all__
.venv/Lib/site-packages/mypy/checker.py	625	NOTE	# Don't report an error yet. Just defer. Note that we don't defer
.venv/Lib/site-packages/mypy/checker.py	746	TODO	# TODO: keep precise type for callables with tricky but valid signatures.
.venv/Lib/site-packages/mypy/checker.py	928	NOTE	# Note: we force mypy to check overload signatures in strict-optional mode
.venv/Lib/site-packages/mypy/checker.py	1111	TODO	# TODO not best fix, better have dedicated yield token
.venv/Lib/site-packages/mypy/checker.py	1160	NOTE	# Note: return type is the 3rd type parameter of Coroutine.
.venv/Lib/site-packages/mypy/checker.py	1246	TODO	# TODO: the following logic should move to the dataclasses plugin
.venv/Lib/site-packages/mypy/checker.py	1439	TODO	# TODO: check recursively for inner type variables
.venv/Lib/site-packages/mypy/checker.py	1478	TODO	# TODO: Add these directly using a fast path (possibly "put")
.venv/Lib/site-packages/mypy/checker.py	1495	TODO	# TODO: Find a way of working around this limitation
.venv/Lib/site-packages/mypy/checker.py	1889	TODO	# TODO: Deal with attributes of TupleType etc.
.venv/Lib/site-packages/mypy/checker.py	1939	NOTE	# Note: Suppose we have two operator methods "A.__rOP__(B) -> R1" and
.venv/Lib/site-packages/mypy/checker.py	1961	NOTE	# Note: we do not attempt to handle unsafe overlaps related to multiple
.venv/Lib/site-packages/mypy/checker.py	1984	TODO	# TODO: check argument kinds?
.venv/Lib/site-packages/mypy/checker.py	2001	TODO	# TODO: this manipulation is dangerous if callables are generic.
.venv/Lib/site-packages/mypy/checker.py	2054	TODO	# TODO overloads
.venv/Lib/site-packages/mypy/checker.py	2139	TODO	# TODO use generator
.venv/Lib/site-packages/mypy/checker.py	2253	TODO	# TODO can't come up with an example where this is
.venv/Lib/site-packages/mypy/checker.py	2436	NOTE	# Assume invariance for a non-callable attribute here. Note
.venv/Lib/site-packages/mypy/checker.py	2698	TODO	# TODO: Figure out how to have clearer error messages.
.venv/Lib/site-packages/mypy/checker.py	2706	TODO	# TODO: Apply the sig to the actual TypeInfo so we can handle decorators
.venv/Lib/site-packages/mypy/checker.py	2847	TODO	# TODO: make sure that `x = @class/staticmethod(func)`
.venv/Lib/site-packages/mypy/checker.py	2939	TODO	# TODO: add advanced variance checks for recursive protocols
.venv/Lib/site-packages/mypy/checker.py	3003	TODO	# TODO: use more principled logic to decide is_subtype() vs is_equivalent().
.venv/Lib/site-packages/mypy/checker.py	3100	TODO	# TODO: This is broken.
.venv/Lib/site-packages/mypy/checker.py	3387	TODO	# TODO: Can we use put() here?
.venv/Lib/site-packages/mypy/checker.py	3487	TODO	# TODO: some logic here duplicates the None partial type counterpart
.venv/Lib/site-packages/mypy/checker.py	3511	TODO	# TODO: for some reason annotated attributes on self are stored as inferred vars.
.venv/Lib/site-packages/mypy/checker.py	3564	TODO	# TODO: if the r.h.s. is a descriptor, we should check setter override as well.
.venv/Lib/site-packages/mypy/checker.py	3608	TODO	# TODO: check __set__() type override for custom descriptors.
.venv/Lib/site-packages/mypy/checker.py	3609	TODO	# TODO: for descriptors check also class object access override.
.venv/Lib/site-packages/mypy/checker.py	3654	TODO	# TODO: defer current node if the superclass node is not ready.
.venv/Lib/site-packages/mypy/checker.py	3683	TODO	# TODO: we should not filter "cannot determine type" errors here.
.venv/Lib/site-packages/mypy/checker.py	4016	TODO	# TODO: support this (at least if the r.h.s. unpack is a homogeneous tuple).
.venv/Lib/site-packages/mypy/checker.py	4040	TODO	# TODO: maybe elsewhere; redundant.
.venv/Lib/site-packages/mypy/checker.py	4127	TODO	# TODO: See comment in binder.py, ConditionalTypeBinder.assign_type
.venv/Lib/site-packages/mypy/checker.py	4272	TODO	# TODO Figure out more precise type context, probably
.venv/Lib/site-packages/mypy/checker.py	4283	TODO	# TODO Figure out more precise type context, probably
.venv/Lib/site-packages/mypy/checker.py	4548	TODO	# TODO: in theory we can have a property with a deleter only.
.venv/Lib/site-packages/mypy/checker.py	4655	TODO	# TODO: A bit hacky, maybe add a binder method that does put and
.venv/Lib/site-packages/mypy/checker.py	4703	TODO	# TODO: Consider reference to outer function as a different scope?
.venv/Lib/site-packages/mypy/checker.py	4794	TODO	# TODO: Should we share some of this with try_infer_partial_type?
.venv/Lib/site-packages/mypy/checker.py	4814	TODO	# TODO: Don't infer things twice.
.venv/Lib/site-packages/mypy/checker.py	5023	XXX	# XXX Issue a warning if condition is always False?
.venv/Lib/site-packages/mypy/checker.py	5028	XXX	# XXX Issue a warning if condition is always True?
.venv/Lib/site-packages/mypy/checker.py	5196	TODO	# TODO: Should we use put() here?
.venv/Lib/site-packages/mypy/checker.py	5539	NOTE	# Note: if strict-optional is disabled, this bool instance
.venv/Lib/site-packages/mypy/checker.py	6329	TODO	# TODO: there are some more cases in check_call() to handle.
.venv/Lib/site-packages/mypy/checker.py	6342	TODO	# TODO: Follow *args, **kwargs
.venv/Lib/site-packages/mypy/checker.py	6362	NOTE	# Note: we wrap the target type, so that we can special case later.
.venv/Lib/site-packages/mypy/checker.py	6365	NOTE	# Also note that a care must be taken to unwrap this back at read places
.venv/Lib/site-packages/mypy/checker.py	6416	NOTE	# Note that if left else type is Any, we can't add any additional
.venv/Lib/site-packages/mypy/checker.py	6578	TODO	# TODO: support regular and len() narrowing in the same chain.
.venv/Lib/site-packages/mypy/checker.py	6597	NOTE	#   Controls which types we're allowed to narrow exprs to. Note that
.venv/Lib/site-packages/mypy/checker.py	6694	TODO	# TODO: Consider picking the narrower type instead of always discarding this?
.venv/Lib/site-packages/mypy/checker.py	6712	NOTE	# Note: parent_expr and parent_type are progressively refined as we crawl up the
.venv/Lib/site-packages/mypy/checker.py	7044	NOTE	# Note: we are conservative about tuple subclasses, because some code may rely on
.venv/Lib/site-packages/mypy/checker.py	7089	NOTE	# tuned to the len()-like checks. Note that we don't propagate indirect
.venv/Lib/site-packages/mypy/checker.py	7091	TODO	# TODO: propagate indirect len() comparison restrictions.
.venv/Lib/site-packages/mypy/checker.py	7114	TODO	# TODO: support unions of literal types as len() comparison targets.
.venv/Lib/site-packages/mypy/checker.py	7229	TODO	# TODO: also record max_len to avoid false negatives?
.venv/Lib/site-packages/mypy/checker.py	7245	TODO	# TODO: return fixed union + prefixed variadic tuple for no_type?
.venv/Lib/site-packages/mypy/checker.py	7252	NOTE	# Note: there is some ambiguity w.r.t. to where to put the additional
.venv/Lib/site-packages/mypy/checker.py	7278	TODO	# TODO: return fixed union + prefixed variadic tuple for no_type?
.venv/Lib/site-packages/mypy/checker.py	7503	TODO	# TODO: assert len(args) == len(info.defn.type_vars)
.venv/Lib/site-packages/mypy/checker.py	8317	TODO	# TODO: fix tuple in lib-stub/builtins.pyi (it should be generic).
.venv/Lib/site-packages/mypy/checker.py	8450	TODO	# TODO: should we only allow unions of instances as per PEP 484?
.venv/Lib/site-packages/mypy/checker.py	8564	NOTE	# Note: We repeat this check twice in both directions compensate for slight
.venv/Lib/site-packages/mypy/checker.py	8637	TODO	# TODO: find a cleaner solution instead of this ad-hoc erasure.
.venv/Lib/site-packages/mypy/checker.py	8648	TODO	# TODO should an overload with additional items be allowed to be more
.venv/Lib/site-packages/mypy/checker.py	8961	NOTE	# Note: 'i' corresponds to the left operand index, so 'i + 1' is the
.venv/Lib/site-packages/mypy/checker.py	9090	NOTE	# Note that among other effects 'overlap_for_overloads' flag will effectively
.venv/Lib/site-packages/mypy/checkexpr.py	218	NOTE	# NOTE: All these types are subtypes of AbstractSet.
.venv/Lib/site-packages/mypy/checkexpr.py	340	TODO	# TODO: refactor this to use a pattern similar to one in
.venv/Lib/site-packages/mypy/checkexpr.py	414	TODO	# TODO: always do this in type_object_type by passing the original context
.venv/Lib/site-packages/mypy/checkexpr.py	439	TODO	# TODO: merge with analyze_ref_expr() when we are confident about performance.
.venv/Lib/site-packages/mypy/checkexpr.py	457	NOTE	# Note that we suppress bogus errors for alias redefinitions,
.venv/Lib/site-packages/mypy/checkexpr.py	508	TODO	# TODO: what to do about nested module references?
.venv/Lib/site-packages/mypy/checkexpr.py	873	TODO	# TODO: for duplicate keys, type-check all values.
.venv/Lib/site-packages/mypy/checkexpr.py	890	TODO	# TODO: catch the cases where a declared key is overridden by a subsequent
.venv/Lib/site-packages/mypy/checkexpr.py	1216	TODO	# TODO: Don't infer argument expression twice.
.venv/Lib/site-packages/mypy/checkexpr.py	1438	TODO	# TODO: can we handle more general cases?
.venv/Lib/site-packages/mypy/checkexpr.py	2030	TODO	# TODO: Instead of this hack and the one below, we need to use outer and
.venv/Lib/site-packages/mypy/checkexpr.py	2066	TODO	# TODO: we may want to add similar exception if all arguments are lambdas, since
.venv/Lib/site-packages/mypy/checkexpr.py	2183	TODO	# TODO: support the similar inference for return type context.
.venv/Lib/site-packages/mypy/checkexpr.py	2382	TODO	# TODO(jukka): We could return as soon as we find an error if messages is None.
.venv/Lib/site-packages/mypy/checkexpr.py	2691	NOTE	# For *args and **kwargs this note would be incorrect - we're comparing
.venv/Lib/site-packages/mypy/checkexpr.py	2756	NOTE	# Note that we use `combine_function_signatures` instead of just returning
.venv/Lib/site-packages/mypy/checkexpr.py	2815	TODO	# TODO: Adjust the error message here to make it clear there was no match.
.venv/Lib/site-packages/mypy/checkexpr.py	2817	NOTE	#       a note with whatever error message 'self.check_call' will generate.
.venv/Lib/site-packages/mypy/checkexpr.py	2818	NOTE	#       In particular, the note's line and column numbers need to be the same
.venv/Lib/site-packages/mypy/checkexpr.py	3067	NOTE	# the exception and generate an appropriate note message, if needed.
.venv/Lib/site-packages/mypy/checkexpr.py	3180	NOTE	# Note: we are assuming here that if a user uses some TypeVar 'T' in
.venv/Lib/site-packages/mypy/checkexpr.py	3203	TODO	# TODO: Enhance the merging logic to handle a wider variety of signatures.
.venv/Lib/site-packages/mypy/checkexpr.py	3400	TODO	# TODO remove; no private definitions in mypy
.venv/Lib/site-packages/mypy/checkexpr.py	3642	NOTE	# Container item type for strict type overlap checks. Note: we need to only
.venv/Lib/site-packages/mypy/checkexpr.py	3819	TODO	# TODO: find a way of disabling the check only for types resulted from the expansion.
.venv/Lib/site-packages/mypy/checkexpr.py	4208	NOTE	# Note: We want to pass in the original 'arg' for 'left_expr' and 'right_expr'
.venv/Lib/site-packages/mypy/checkexpr.py	4214	TODO	# TODO: Can we use `type_overrides_set()` here?
.venv/Lib/site-packages/mypy/checkexpr.py	4367	TODO	# TODO: can we get rid of this extra store_type()?
.venv/Lib/site-packages/mypy/checkexpr.py	4634	TODO	# TODO: this duplicates logic in typeops.tuple_fallback().
.venv/Lib/site-packages/mypy/checkexpr.py	4951	TODO	# TODO: this logic is duplicated with semanal_typeargs.
.venv/Lib/site-packages/mypy/checkexpr.py	4966	TODO	# TODO: in future we may want to support type application to variadic functions.
.venv/Lib/site-packages/mypy/checkexpr.py	5008	NOTE	# Note: various logic below and in applytype.py relies on the fact that
.venv/Lib/site-packages/mypy/checkexpr.py	5021	NOTE	# - tp is type of tuple (note it won't have params as we are only called
.venv/Lib/site-packages/mypy/checkexpr.py	5123	TODO	# TODO: This is overly strict, many other types can be joined safely here.
.venv/Lib/site-packages/mypy/checkexpr.py	5138	NOTE	# Tuple. (Note: "lst" stands for list-set-tuple. :-)
.venv/Lib/site-packages/mypy/checkexpr.py	5171	TODO	# TODO: try using tuple type context in more cases.
.venv/Lib/site-packages/mypy/checkexpr.py	5202	NOTE	# NOTE: it's possible for the context to have a different
.venv/Lib/site-packages/mypy/checkexpr.py	5223	TODO	# TODO: If there's a context, and item.expr is a
.venv/Lib/site-packages/mypy/checkexpr.py	5228	NOTE	# Note: this logic depends on full structure match in tuple_context_matches().
.venv/Lib/site-packages/mypy/checkexpr.py	5246	NOTE	# Note: this logic depends on full structure match in tuple_context_matches().
.venv/Lib/site-packages/mypy/checkexpr.py	5505	TODO	# TODO: return expression must be accepted before exiting function scope.
.venv/Lib/site-packages/mypy/checkexpr.py	5521	TODO	# TODO also accept 'Any' context
.venv/Lib/site-packages/mypy/checkexpr.py	5578	TODO	# TODO treat this case appropriately
.venv/Lib/site-packages/mypy/checkexpr.py	5946	TODO	# TODO: If it's possible that the previous analysis of
.venv/Lib/site-packages/mypy/checkexpr.py	5961	TODO	# TODO: would checking for is_proper_subtype also work and cover more cases?
.venv/Lib/site-packages/mypy/checkexpr.py	6064	TODO	# TODO: consider using cache for more expression kinds.
.venv/Lib/site-packages/mypy/checkexpr.py	6226	NOTE	# NOTE: Whether `yield from` accepts an `async def` decorated
.venv/Lib/site-packages/mypy/checkexpr.py	6232	TODO	# TODO: What should the context for the sub-expression be?
.venv/Lib/site-packages/mypy/checkexpr.py	6343	TODO	# TODO: should this ever be called (see e.g. mypyc visitor)?
.venv/Lib/site-packages/mypy/checkexpr.py	6378	NOTE	# Note: this call should match the one in narrow_declared_type().
.venv/Lib/site-packages/mypy/checkexpr.py	6393	TODO	# TODO: support other possible types here
.venv/Lib/site-packages/mypy/checkexpr.py	6521	TODO	# TODO: we need to check only for type variables of original callable.
.venv/Lib/site-packages/mypy/checkexpr.py	6662	NOTE	# Note: if an actual maps to multiple formals of differing types within
.venv/Lib/site-packages/mypy/checkexpr.py	6711	TODO	# TODO: support ParamSpecType and TypeVarTuple.
.venv/Lib/site-packages/mypy/checkexpr.py	6772	TODO	# TODO: Do something more clever here.
.venv/Lib/site-packages/mypy/checkmember.py	406	TODO	# TODO super?
.venv/Lib/site-packages/mypy/checkmember.py	428	TODO	# TODO: do not rely on same type variables being present in all constructor overloads.
.venv/Lib/site-packages/mypy/checkmember.py	1113	TODO	# TODO: This is not always right. What's the most reasonable thing to do here?
.venv/Lib/site-packages/mypy/checkmember.py	1309	TODO	# TODO: should we apply class plugin here (similar to instance access)?
.venv/Lib/site-packages/mypy/checkmember.py	1322	NOTE	# Note: if we are accessing class method on class object, the cls argument is bound.
.venv/Lib/site-packages/mypy/checkmember.py	1384	TODO	# TODO: check in `default` plugin that `__setitem__` is correct.
.venv/Lib/site-packages/mypy/checkmember.py	1434	TODO	# TODO: verify consistency between Q and T
.venv/Lib/site-packages/mypy/checkpattern.py	338	TODO	# TODO: use more precise narrowing when possible (e.g. for identical shapes).
.venv/Lib/site-packages/mypy/checkpattern.py	569	TODO	# TODO: Do I need this?
.venv/Lib/site-packages/mypy/checkpattern.py	738	TODO	# expressions, as suggested in the TODO above it's definition
.venv/Lib/site-packages/mypy/checkstrformat.py	361	TODO	# TODO: add support for some custom specs like datetime?
.venv/Lib/site-packages/mypy/checkstrformat.py	415	TODO	# TODO: try refactoring to combine this logic with % formatting.
.venv/Lib/site-packages/mypy/checkstrformat.py	605	TODO	# TODO: fix column to point to actual start of the format specifier _within_ string.
.venv/Lib/site-packages/mypy/checkstrformat.py	669	TODO	# TODO: In Python 3, the bytes formatting has a more restricted set of options
.venv/Lib/site-packages/mypy/checkstrformat.py	726	TODO	# TODO: we should probably warn about potentially short tuple.
.venv/Lib/site-packages/mypy/checkstrformat.py	1036	TODO	# TODO: return type object?
.venv/Lib/site-packages/mypy/constraints.py	86	TODO	# TODO: should we add "assert not isinstance(target, UnpackType)"?
.venv/Lib/site-packages/mypy/constraints.py	91	TODO	# TODO: A cleaner solution may be to modify the return type of infer_constraints()
.venv/Lib/site-packages/mypy/constraints.py	312	NOTE	# Note that we include Instances because the may be recursive as str(Sequence[str]).
.venv/Lib/site-packages/mypy/constraints.py	493	TODO	# TODO: if we will support multiple sources Any, use this here instead.
.venv/Lib/site-packages/mypy/constraints.py	541	TODO	# TODO: More generally, if a given (variable, direction) pair appears in
.venv/Lib/site-packages/mypy/constraints.py	559	NOTE	# Note this is what we would always do, but unfortunately some callers may not
.venv/Lib/site-packages/mypy/constraints.py	685	TODO	# TODO: The value may be None. Is that actually correct?
.venv/Lib/site-packages/mypy/constraints.py	871	TODO	# TODO: constraints between prefixes using
.venv/Lib/site-packages/mypy/constraints.py	937	TODO	# TODO: constraints between prefixes using
.venv/Lib/site-packages/mypy/constraints.py	970	NOTE	# Note that we use is_protocol_implementation instead of is_subtype
.venv/Lib/site-packages/mypy/constraints.py	1080	NOTE	# Note that non-normalized callables can be created in annotations
.venv/Lib/site-packages/mypy/constraints.py	1082	TODO	# TODO: check that callables match? Ideally we should not infer constraints
.venv/Lib/site-packages/mypy/constraints.py	1103	TODO	# TODO: Erase template variables if it is generic?
.venv/Lib/site-packages/mypy/constraints.py	1135	TODO	# TODO: infer more from prefixes when possible.
.venv/Lib/site-packages/mypy/constraints.py	1150	TODO	# TODO: do we need some special-casing when unpack is present in actual
.venv/Lib/site-packages/mypy/constraints.py	1356	NOTE	# NOTE: Non-matching keys are ignored. Compatibility is checked
.venv/Lib/site-packages/mypy/constraints.py	1388	NOTE	# Note that we ignore variance and simply always use the
.venv/Lib/site-packages/mypy/constraints.py	1562	NOTE	# (note however partial overlap is OK for variadic tuples, it is handled below).
.venv/Lib/site-packages/mypy/constraints.py	1582	TODO	# TODO: should we use union instead of join here?
.venv/Lib/site-packages/mypy/constraints.py	1613	TODO	# TODO: can we infer something useful for *T vs P?
.venv/Lib/site-packages/mypy/dmypy/client.py	692	TODO	# TODO: Other errors, e.g. ValueError, UnicodeError
.venv/Lib/site-packages/mypy/dmypy_server.py	171	NOTE	# NOTE: the instance is constructed in the parent process but
.venv/Lib/site-packages/mypy/dmypy_server.py	456	TODO	# TODO: What about silent?
.venv/Lib/site-packages/mypy/dmypy_server.py	607	TODO	# TODO: Support file events
.venv/Lib/site-packages/mypy/dmypy_server.py	796	TODO	# TODO: Figure out why these are treated as suppressed
.venv/Lib/site-packages/mypy/dmypy_server.py	809	TODO	# TODO: Namespace packages
.venv/Lib/site-packages/mypy/erasetype.py	59	TODO	# TODO: replace with an assert after UnboundType can't leak from semantic analysis.
.venv/Lib/site-packages/mypy/erasetype.py	179	TODO	# TODO: below two methods duplicate some logic with expand_type().
.venv/Lib/site-packages/mypy/errorcodes.py	146	TODO	# TODO: why do we need the explicit type here? Without it mypyc CI builds fail with
.venv/Lib/site-packages/mypy/errors.py	24	NOTE	# Show error codes for some note-level messages (these usually appear alone
.venv/Lib/site-packages/mypy/errors.py	82	NOTE	# Either 'error' or 'note'
.venv/Lib/site-packages/mypy/errors.py	108	NOTE	# For notes, specifies (optionally) the error this note is attached to. This is used to
.venv/Lib/site-packages/mypy/errors.py	651	NOTE	# code, report a more specific note.
.venv/Lib/site-packages/mypy/errors.py	983	NOTE	# If note has an error code, it is related to a previous error. Avoid
.venv/Lib/site-packages/mypy/errors.py	1000	NOTE	# Note, currently coloring uses the offset to detect source snippets,
.venv/Lib/site-packages/mypy/errors.py	1063	TODO	# TODO: Make sure that either target is always defined or that not being defined
.venv/Lib/site-packages/mypy/errors.py	1329	NOTE	# If requested, print traceback, else print note explaining how to get one.
.venv/Lib/site-packages/mypy/errors.py	1390	NOTE	# This is purely a note, with no error correlated to it
.venv/Lib/site-packages/mypy/evalexpr.py	53	TODO	# TODO: Handle more names by figuring out a way to hook into the
.venv/Lib/site-packages/mypy/expandtype.py	51	TODO	# TODO: add a static dependency test for this.
.venv/Lib/site-packages/mypy/expandtype.py	232	TODO	# TODO: this and similar asserts below may be unsafe because get_proper_type()
.venv/Lib/site-packages/mypy/expandtype.py	245	TODO	# TODO: do we really need to do this?
.venv/Lib/site-packages/mypy/expandtype.py	283	TODO	# TODO: assert this is a trivial type, like Any, Never, or object.
.venv/Lib/site-packages/mypy/expandtype.py	296	NOTE	# Note: most cases when this happens are handled in expand unpack below, but
.venv/Lib/site-packages/mypy/expandtype.py	488	TODO	# TODO: Verify this implementation is correct
.venv/Lib/site-packages/mypy/expandtype.py	507	NOTE	# otherwise a single item union of a type alias will break it. Note this should not
.venv/Lib/site-packages/mypy/expandtype.py	520	TODO	# TODO: Verify that the new item type is valid (instance or
.venv/Lib/site-packages/mypy/expandtype.py	532	TODO	# TODO: normalize if target is Tuple, and args are [*tuple[X, ...]]?
.venv/Lib/site-packages/mypy/exprtotype.py	83	TODO	# TODO: a lot of code here is duplicated in fastparse.py, refactor this.
.venv/Lib/site-packages/mypy/exprtotype.py	124	TODO	# TODO: this is not the optimal solution as we are basically getting rid
.venv/Lib/site-packages/mypy/fastparse.py	363	NOTE	# Note: the parser will raise a `ValueError` instead of a SyntaxError if
.venv/Lib/site-packages/mypy/fastparse.py	681	TODO	# TODO: can we get rid of this completely and just always emit
.venv/Lib/site-packages/mypy/find_sources.py	166	NOTE	# Note that module_name might not actually be a valid identifier, but that's okay
.venv/Lib/site-packages/mypy/fixup.py	56	TODO	# TODO: Fix up .info when deserializing, i.e. much earlier.
.venv/Lib/site-packages/mypy/fixup.py	65	NOTE	# NOTE: This method isn't (yet) part of the NodeVisitor API.
.venv/Lib/site-packages/mypy/fixup.py	120	NOTE	# NOTE: This method *definitely* isn't part of the NodeVisitor API.
.venv/Lib/site-packages/mypy/fixup.py	159	TODO	# TypeInfo has no accept().  TODO: Add it?
.venv/Lib/site-packages/mypy/fixup.py	240	TODO	# TODO: Combine Instances that are exactly the same?
.venv/Lib/site-packages/mypy/fixup.py	248	TODO	# TODO: Is this needed or redundant?
.venv/Lib/site-packages/mypy/fswatcher.py	33	TODO	# TODO: Watching directories?
.venv/Lib/site-packages/mypy/fswatcher.py	34	TODO	# TODO: Handle non-files
.venv/Lib/site-packages/mypy/graph_utils.py	106	TODO	# TODO: Use a faster algorithm?
.venv/Lib/site-packages/mypy/inspections.py	89	TODO	# TODO: this code shares some logic with checkmember.py
.venv/Lib/site-packages/mypy/inspections.py	345	TODO	# TODO: also handle cases when such callable appears in a union.
.venv/Lib/site-packages/mypy/inspections.py	446	TODO	# TODO: line/column are not stored in cache for vast majority of symbol nodes.
.venv/Lib/site-packages/mypy/inspections.py	619	NOTE	# Note: we must allow drive prefix like `C:` on Windows.
.venv/Lib/site-packages/mypy/ipc.py	252	NOTE	# NOTE: It is theoretically possible that this will hang forever if the
.venv/Lib/site-packages/mypy/join.py	111	TODO	# TODO: contravariant case should use meet but pass seen instances as
.venv/Lib/site-packages/mypy/join.py	316	TODO	# TODO: should we do this more generally and for all TypeVarLikeTypes?
.venv/Lib/site-packages/mypy/join.py	326	TODO	# TODO: it would be prudent to return [*object, **object] instead of Any.
.venv/Lib/site-packages/mypy/join.py	430	TODO	# TODO: Consider more cases of callable subtyping.
.venv/Lib/site-packages/mypy/join.py	443	TODO	# TODO: Simplify redundancies from the result.
.venv/Lib/site-packages/mypy/join.py	525	TODO	# TODO: are there other case we can handle (e.g. both prefix/suffix are shorter)?
.venv/Lib/site-packages/mypy/join.py	589	TODO	# TODO: should this be a default fallback behaviour like for meet?
.venv/Lib/site-packages/mypy/join.py	741	NOTE	# Note: this relies on variables being in order they appear in function definition.
.venv/Lib/site-packages/mypy/join.py	750	TODO	# TODO in combine_similar_callables also applies here (names and kinds; user metaclasses)
.venv/Lib/site-packages/mypy/join.py	803	TODO	# TODO kinds and argument names
.venv/Lib/site-packages/mypy/join.py	804	TODO	# TODO what should happen if one fallback is 'type' and the other is a user-provided metaclass?
.venv/Lib/site-packages/mypy/join.py	860	TODO	# TODO: find a better way to get object, or make this more reliable.
.venv/Lib/site-packages/mypy/literals.py	60	NOTE	# [Note Literals and literal_hash]
.venv/Lib/site-packages/mypy/lookup.py	10	TODO	# TODO: gradually move existing lookup functions to this module.
.venv/Lib/site-packages/mypy/main.py	169	NOTE	# NOTE: We don't flush all open files on exit (or run other destructors)!
.venv/Lib/site-packages/mypy/main.py	327	TODO	# TODO: (ethanhs) Look at folding these checks and the site packages subprocess calls into
.venv/Lib/site-packages/mypy/main.py	860	NOTE	# Note: this group is intentionally added here even though we don't add
.venv/Lib/site-packages/mypy/main.py	1207	TODO	# TODO: This flag is superfluous; remove after a short transition (2018-03-16)
.venv/Lib/site-packages/mypy/main.py	1255	NOTE	# NOTE: This is an experimental option that may be modified or removed at any time.
.venv/Lib/site-packages/mypy/main.py	1536	TODO	# TODO: use the same cache that the BuildManager will
.venv/Lib/site-packages/mypy/meet.py	58	TODO	# TODO Describe this module.
.venv/Lib/site-packages/mypy/meet.py	118	TODO	# TODO: check infinite recursion for aliases here.
.venv/Lib/site-packages/mypy/meet.py	264	NOTE	# Note: doing 'return typ.items()' makes mypy
.venv/Lib/site-packages/mypy/meet.py	360	TODO	# TODO: Replace these with an 'assert False' once we are more confident.
.venv/Lib/site-packages/mypy/meet.py	499	TODO	# TODO: these checks are a bit in gray area, adjust if they cause problems.
.venv/Lib/site-packages/mypy/meet.py	614	NOTE	# Note: we don't really care about variance here, since the overlapping check
.venv/Lib/site-packages/mypy/meet.py	639	NOTE	# Note: it's unclear however, whether returning False is the right thing
.venv/Lib/site-packages/mypy/meet.py	696	TODO	# TODO: write a more robust algorithm for cases where both types are variadic.
.venv/Lib/site-packages/mypy/meet.py	959	TODO	# TODO: Implement a better algorithm that covers at least the same cases
.venv/Lib/site-packages/mypy/meet.py	1001	TODO	# TODO: handle more cases (like when both prefix/suffix are shorter in s or t).
.venv/Lib/site-packages/mypy/meet.py	1060	TODO	# TODO: What if the fallbacks are different?
.venv/Lib/site-packages/mypy/meet.py	1148	TODO	# TODO in combine_similar_callables also applies here (names and kinds)
.venv/Lib/site-packages/mypy/meet.py	1249	TODO	# TODO: is there a cleaner way to get str_type here?
.venv/Lib/site-packages/mypy/messages.py	429	TODO	# TODO: Fix this consistently in format_type
.venv/Lib/site-packages/mypy/messages.py	1206	NOTE	# note:      Superclass:
.venv/Lib/site-packages/mypy/messages.py	1207	NOTE	# note:          def f(self) -> str
.venv/Lib/site-packages/mypy/messages.py	1208	NOTE	# note:      Subclass:
.venv/Lib/site-packages/mypy/messages.py	1209	NOTE	# note:          def f(self, x: str) -> None
.venv/Lib/site-packages/mypy/messages.py	1287	NOTE	# So, this note is misleading.
.venv/Lib/site-packages/mypy/messages.py	1766	NOTE	# Nothing special here; just create the note:
.venv/Lib/site-packages/mypy/messages.py	2129	NOTE	# note: 'Cls' is missing following 'Proto' members:
.venv/Lib/site-packages/mypy/messages.py	2130	NOTE	# note:     method, attr
.venv/Lib/site-packages/mypy/messages.py	2607	TODO	# TODO: always mention type alias names in errors.
.venv/Lib/site-packages/mypy/messages.py	2662	TODO	# TODO: better disambiguate ParamSpec name clashes.
.venv/Lib/site-packages/mypy/messages.py	2823	TODO	# TODO: support rare cases when both TypeVar name and namespace suffix coincide.
.venv/Lib/site-packages/mypy/mixedtraverser.py	43	TODO	# TODO: Should we visit generated methods/variables as well, either here or in
.venv/Lib/site-packages/mypy/modulefinder.py	68	TODO	# TODO: Consider adding more reasons here?
.venv/Lib/site-packages/mypy/modulefinder.py	226	TODO	# TODO: are there some combination of flags in which this check should be skipped?
.venv/Lib/site-packages/mypy/modulefinder.py	564	XXX	# Assume search path entries xxx, yyy and zzz, and we're
.venv/Lib/site-packages/mypy/modulefinder.py	567	XXX	# - xxx/foo/bar/baz.py
.venv/Lib/site-packages/mypy/modulefinder.py	573	NOTE	# none, the first hit wins.  Note that this does not take into
.venv/Lib/site-packages/mypy/modulefinder.py	920	TODO	# TODO: Don't do this in some cases; for motivation see see
.venv/Lib/site-packages/mypy/moduleinspect.py	16	NOTE	# Note that all __init__ args must have default values
.venv/Lib/site-packages/mypy/mro.py	30	TODO	# TODO describe
.venv/Lib/site-packages/mypy/nodes.py	104	TODO	# TODO rename to use more descriptive names
.venv/Lib/site-packages/mypy/nodes.py	113	XXX	# XXX what?
.venv/Lib/site-packages/mypy/nodes.py	124	TODO	# TODO: Can we make these less confusing?
.venv/Lib/site-packages/mypy/nodes.py	236	TODO	# TODO:
.venv/Lib/site-packages/mypy/nodes.py	569	NOTE	# Note: use has_self_or_cls_argument to check if there is `self` or `cls` argument
.venv/Lib/site-packages/mypy/nodes.py	633	TODO	# TODO: figure out how to reliably set end position (we don't know the impl here).
.venv/Lib/site-packages/mypy/nodes.py	656	NOTE	# Note: bare @property is removed in visit_decorator().
.venv/Lib/site-packages/mypy/nodes.py	713	NOTE	# NOTE: res.info will be set in the fixup phase.
.venv/Lib/site-packages/mypy/nodes.py	748	NOTE	# NOTE: res.info will be set in the fixup phase.
.venv/Lib/site-packages/mypy/nodes.py	924	NOTE	# Note that all __init__ args must have default values
.venv/Lib/site-packages/mypy/nodes.py	972	TODO	# TODO: After a FuncDef is deserialized, the only time we use `arg_names`
.venv/Lib/site-packages/mypy/nodes.py	984	TODO	# TODO: Do we need expanded, original_def?
.venv/Lib/site-packages/mypy/nodes.py	1010	NOTE	# NOTE: ret.info is set in the fixup phase.
.venv/Lib/site-packages/mypy/nodes.py	1053	NOTE	# NOTE: ret.info is set in the fixup phase.
.venv/Lib/site-packages/mypy/nodes.py	1071	TODO	# TODO: we want to remove this at some point and just use `FuncBase` ideally.
.venv/Lib/site-packages/mypy/nodes.py	1089	TODO	# TODO: This is mostly used for the type; consider replacing with a 'type' attribute
.venv/Lib/site-packages/mypy/nodes.py	1225	TODO	# TODO: Should be Optional[str]
.venv/Lib/site-packages/mypy/nodes.py	1227	TODO	# TODO: Should be Optional[TypeInfo]
.venv/Lib/site-packages/mypy/nodes.py	1294	TODO	# TODO: Leave default values out?
.venv/Lib/site-packages/mypy/nodes.py	1295	NOTE	# NOTE: Sometimes self.is_ready is False here, but we don't care.
.venv/Lib/site-packages/mypy/nodes.py	2003	NOTE	# Note: we deliberately do NOT use bytes here because it ends up
.venv/Lib/site-packages/mypy/nodes.py	3577	TODO	# TODO: cache the results?
.venv/Lib/site-packages/mypy/nodes.py	3604	TODO	# TODO: properly support ignored names from `_ignore_`
.venv/Lib/site-packages/mypy/nodes.py	3809	NOTE	# NOTE: This is where all ClassDefs originate, so there shouldn't be duplicates.
.venv/Lib/site-packages/mypy/nodes.py	3879	NOTE	# NOTE: ti.mro will be set in the fixup phase based on these
.venv/Lib/site-packages/mypy/nodes.py	3964	NOTE	# NOTE: ti.mro will be set in the fixup phase based on these
.venv/Lib/site-packages/mypy/nodes.py	4016	NOTE	# Note:
.venv/Lib/site-packages/mypy/nodes.py	4188	TODO	# TODO: is it possible to refactor this to set the correct type vars here?
.venv/Lib/site-packages/mypy/nodes.py	4209	TODO	# TODO: is it possible to refactor this to set the correct type vars here?
.venv/Lib/site-packages/mypy/nodes.py	4867	TODO	# TODO: What should the name be? Or maybe remove it?
.venv/Lib/site-packages/mypy/options.py	206	NOTE	# Show "note: In function "foo":" messages.
.venv/Lib/site-packages/mypy/options.py	387	TODO	# TODO: Make the type precise (AnyStr -> AnyStr)
.venv/Lib/site-packages/mypy/options.py	491	NOTE	# Note: effects of this method *must* be idempotent.
.venv/Lib/site-packages/mypy/plugin.py	164	NOTE	# An options object. Note: these are the cloned options for the current file.
.venv/Lib/site-packages/mypy/plugin.py	266	TODO	# TODO: clean-up lookup functions.
.venv/Lib/site-packages/mypy/plugin.py	283	NOTE	# NOTE: Do not delete this since many plugins may still use it.
.venv/Lib/site-packages/mypy/plugin.py	433	NOTE	# function.  Note that argument types aren't available yet.  If you need them,
.venv/Lib/site-packages/mypy/plugin.py	467	NOTE	# method.  Note that argument types aren't available yet.  If you need them,
.venv/Lib/site-packages/mypy/plugin.py	469	TODO	# TODO: document ProperType in the plugin changelog/update issue.
.venv/Lib/site-packages/mypy/plugin.py	824	TODO	# TODO: Support caching of lookup results (through a LRU cache, for example).
.venv/Lib/site-packages/mypy/plugins/attrs.py	482	NOTE	# Check the init args for correct default-ness.  Note: This has to be done after all the
.venv/Lib/site-packages/mypy/plugins/attrs.py	596	TODO	# TODO: It would be nice to type-check these rather than remove them.
.venv/Lib/site-packages/mypy/plugins/attrs.py	645	NOTE	# Note: If the class decorator says kw_only=True the attribute is ignored.
.venv/Lib/site-packages/mypy/plugins/attrs.py	649	TODO	# TODO: Check for attr.NOTHING
.venv/Lib/site-packages/mypy/plugins/attrs.py	672	NOTE	# Note: convert is deprecated but works the same as converter.
.venv/Lib/site-packages/mypy/plugins/attrs.py	703	TODO	# TODO: Support complex converters, e.g. lambdas, calls, etc.
.venv/Lib/site-packages/mypy/plugins/attrs.py	754	TODO	# TODO: should we send a fail if converter_expr.min_args > 1?
.venv/Lib/site-packages/mypy/plugins/attrs.py	1000	TODO	# TODO: Combine this with the code build_namedtuple_typeinfo to support both.
.venv/Lib/site-packages/mypy/plugins/common.py	81	NOTE	# Note: I'm not hard-coding the index so that in the future we can support other
.venv/Lib/site-packages/mypy/plugins/common.py	316	NOTE	# NOTE: we would like the plugin generated node to dominate, but we still
.venv/Lib/site-packages/mypy/plugins/common.py	409	NOTE	# NOTE: we would like the plugin generated node to dominate, but we still
.venv/Lib/site-packages/mypy/plugins/ctypes.py	183	NOTE	# Note: arg_type can only be None if index_type is invalid, in which case we use
.venv/Lib/site-packages/mypy/plugins/dataclasses.py	562	TODO	# TODO: We shouldn't be performing type operations during the main
.venv/Lib/site-packages/mypy/plugins/dataclasses.py	849	TODO	# TODO: we can infer what's inside `**` and try to collect it.
.venv/Lib/site-packages/mypy/plugins/dataclasses.py	1044	TODO	# TODO: we can potentially get the function signature hook to allow returning a union
.venv/Lib/site-packages/mypy/plugins/functools.py	146	TODO	# TODO: handle overloads, just fall back to whatever the non-plugin code does
.venv/Lib/site-packages/mypy/plugins/functools.py	283	TODO	# TODO: I assume that bound and fn_type have the same arguments. It appears this isn't
.venv/Lib/site-packages/mypy/plugins/proper_plugin.py	113	TODO	# TODO: introduce a SyntheticType base to simplify this?
.venv/Lib/site-packages/mypy/plugins/proper_plugin.py	148	TODO	# TODO: call the hook on the overload as a whole?
.venv/Lib/site-packages/mypy/plugins/singledispatch.py	80	TODO	# TODO: figure out if there is some more reliable way of getting context information, so this
.venv/Lib/site-packages/mypy/plugins/singledispatch.py	119	TODO	# TODO: check that there's only one argument
.venv/Lib/site-packages/mypy/plugins/singledispatch.py	135	TODO	# TODO: do more checking for registered functions
.venv/Lib/site-packages/mypy/plugins/singledispatch.py	166	TODO	# TODO: report an error here that singledispatch requires at least one argument
.venv/Lib/site-packages/mypy/pyinfo.py	58	NOTE	# Note that mypy adds the cwd to SearchPaths.python_path, so we still find things on the
.venv/Lib/site-packages/mypy/reachability.py	327	TODO	# TODO: This currently doesn't work with code like this:
.venv/Lib/site-packages/mypy/reachability.py	332	TODO	# TODO: Guard against a local named sys, etc.
.venv/Lib/site-packages/mypy/report.py	331	TODO	# TODO: Handle line continuations (explicit and implicit) and
.venv/Lib/site-packages/mypy/report.py	352	TODO	# TODO line continuation (\)
.venv/Lib/site-packages/mypy/semanal.py	392	NOTE	# Note that missing names are per module, _not_ per namespace. This means that e.g.
.venv/Lib/site-packages/mypy/semanal.py	399	NOTE	# Note that a star import adds a special name '*' to the set, this blocks
.venv/Lib/site-packages/mypy/semanal.py	409	NOTE	# Note: some imports (and therefore dependencies) might
.venv/Lib/site-packages/mypy/semanal.py	1235	TODO	# TODO: avoid modifying items.
.venv/Lib/site-packages/mypy/semanal.py	1275	NOTE	# Note: bare @property is removed in visit_decorator().
.venv/Lib/site-packages/mypy/semanal.py	1280	TODO	# TODO: should we enforce decorated overloads consistency somehow?
.venv/Lib/site-packages/mypy/semanal.py	1380	TODO	# TODO: support decorated overloaded functions properly
.venv/Lib/site-packages/mypy/semanal.py	1660	TODO	# TODO: better don't modify them at all.
.venv/Lib/site-packages/mypy/semanal.py	1728	TODO	# TODO: support `@overload` funcs.
.venv/Lib/site-packages/mypy/semanal.py	1817	TODO	# TODO: we should validate the upper bound is valid for a given kind.
.venv/Lib/site-packages/mypy/semanal.py	2105	TODO	# TODO: remove special casing here
.venv/Lib/site-packages/mypy/semanal.py	2449	TODO	# TODO: Nested classes
.venv/Lib/site-packages/mypy/semanal.py	2468	TODO	# TODO: Putting local classes into globals breaks assumptions in fine-grained
.venv/Lib/site-packages/mypy/semanal.py	2839	TODO	# TODO: add a metaclass conflict check if there is another metaclass.
.venv/Lib/site-packages/mypy/semanal.py	3023	NOTE	# NOTE: we take the original node even for final `Var`s. This is to support
.venv/Lib/site-packages/mypy/semanal.py	3080	NOTE	# Yes. Generate a helpful note.
.venv/Lib/site-packages/mypy/semanal.py	3689	TODO	# TODO: this is a best-effort quick fix, we should avoid the need to manually sync this,
.venv/Lib/site-packages/mypy/semanal.py	4010	TODO	# TODO: find a more robust way to track the order of definitions.
.venv/Lib/site-packages/mypy/semanal.py	4011	NOTE	# Note: if is_alias_def=True, this is just a node from previous iteration.
.venv/Lib/site-packages/mypy/semanal.py	4088	NOTE	# Note: with the new (lazy) type alias representation we only need to set no_args to True
.venv/Lib/site-packages/mypy/semanal.py	4120	NOTE	# Note: CallExpr is for "void = type(None)" and OpExpr is for "X | Y" union syntax.
.venv/Lib/site-packages/mypy/semanal.py	4563	NOTE	# Note that `explicit_type` might have been erased for bare `Final`,
.venv/Lib/site-packages/mypy/semanal.py	4581	TODO	# TODO: should we also set lval.kind = MDEF?
.venv/Lib/site-packages/mypy/semanal.py	4901	NOTE	# Note: we do not return 'None' here -- we want to continue
.venv/Lib/site-packages/mypy/semanal.py	5064	NOTE	# (Note that the caller should append @line to the name to avoid collisions.)
.venv/Lib/site-packages/mypy/semanal.py	5065	TODO	# TODO: clean this up, see #6422.
.venv/Lib/site-packages/mypy/semanal.py	5491	TODO	# TODO: Deal with this better
.venv/Lib/site-packages/mypy/semanal.py	6054	TODO	# TODO: this needs a clean-up.
.venv/Lib/site-packages/mypy/semanal.py	6379	TODO	# TODO: Forward reference to name imported in class body is not
.venv/Lib/site-packages/mypy/semanal.py	6492	NOTE	# Important note that `ParamSpecExpr` is also ignored in other places.
.venv/Lib/site-packages/mypy/semanal.py	6603	TODO	# TODO: unify/clean-up/simplify lookup methods, see #4157.
.venv/Lib/site-packages/mypy/semanal.py	6612	TODO	# TODO: More explicit handling of incomplete refs?
.venv/Lib/site-packages/mypy/semanal.py	6635	TODO	# TODO: More explicit handling of incomplete refs?
.venv/Lib/site-packages/mypy/semanal.py	6666	TODO	# TODO: assert len(args) == len(node.defn.type_vars)
.venv/Lib/site-packages/mypy/semanal.py	6680	TODO	# TODO: assert len(args) == len(node.defn.type_vars)
.venv/Lib/site-packages/mypy/semanal.py	6747	TODO	# TODO: currently this is only used by named tuples and typed dicts.
.venv/Lib/site-packages/mypy/semanal.py	6794	NOTE	# see note in docstring describing None contexts
.venv/Lib/site-packages/mypy/semanal.py	7223	NOTE	# Yes. Generate a helpful note.
.venv/Lib/site-packages/mypy/semanal.py	7257	TODO	# TODO: Using previous symbol node may give wrong line. We should use
.venv/Lib/site-packages/mypy/semanal.py	7591	NOTE	# Skip any positional args. Note that any such args are invalid, but we can rely on
.venv/Lib/site-packages/mypy/semanal_classprop.py	31	NOTE	# Note that the bytearray -> bytes promotion is a little unsafe
.venv/Lib/site-packages/mypy/semanal_enum.py	36	NOTE	# Note: 'enum.EnumMeta' is deliberately excluded from this list. Classes that directly use
.venv/Lib/site-packages/mypy/semanal_enum.py	247	TODO	# TODO: Allow dict(x=1, y=2) as a substitute for {'x': 1, 'y': 2}?
.venv/Lib/site-packages/mypy/semanal_infer.py	34	TODO	# TODO: this may result in wrong type if @property is applied to decorated method.
.venv/Lib/site-packages/mypy/semanal_main.py	92	NOTE	# Note that functions can't define new module-level attributes
.venv/Lib/site-packages/mypy/semanal_main.py	317	NOTE	# Note that we use module name, since functions don't create qualified names.
.venv/Lib/site-packages/mypy/semanal_main.py	388	TODO	# TODO: Move initialization to somewhere else
.venv/Lib/site-packages/mypy/semanal_main.py	510	TODO	# TODO: Move more class-related hooks here?
.venv/Lib/site-packages/mypy/semanal_main.py	522	TODO	# TODO: remove special casing here
.venv/Lib/site-packages/mypy/semanal_namedtuple.py	265	NOTE	# NOTE: we skip local namespaces since they are not serialized.
.venv/Lib/site-packages/mypy/semanal_namedtuple.py	327	NOTE	# NOTE: we skip local namespaces since they are not serialized.
.venv/Lib/site-packages/mypy/semanal_namedtuple.py	354	TODO	# TODO: Share code with check_argument_count in checkexpr.py?
.venv/Lib/site-packages/mypy/semanal_namedtuple.py	518	NOTE	# Note: actual signature should accept an invariant version of Iterable[UnionType[types]].
.venv/Lib/site-packages/mypy/semanal_pass1.py	97	NOTE	# to exist, even if there is no stub. Note that we can't verify that the
.venv/Lib/site-packages/mypy/semanal_shared.py	295	TODO	# TODO: this duplicates some logic in typeops.tuple_fallback().
.venv/Lib/site-packages/mypy/semanal_shared.py	411	NOTE	# Note that using more than one decorator is undefined behavior, so we can just take the
.venv/Lib/site-packages/mypy/semanal_shared.py	433	NOTE	# Note that PEP 681 only discusses using a metaclass that is directly decorated with
.venv/Lib/site-packages/mypy/semanal_typeargs.py	88	NOTE	# Note: it is fine to skip the aliases we have already seen in non-recursive
.venv/Lib/site-packages/mypy/semanal_typeargs.py	99	TODO	# TODO: can we move this logic to typeanal.py?
.venv/Lib/site-packages/mypy/semanal_typeargs.py	242	TODO	# TODO: this should probably be .has_base("builtins.tuple"), also elsewhere. This is
.venv/Lib/site-packages/mypy/semanal_typeddict.py	284	TODO	# TODO: simple zip can't be used for variadic types.
.venv/Lib/site-packages/mypy/semanal_typeddict.py	510	TODO	# TODO: Share code with check_argument_count in checkexpr.py?
.venv/Lib/site-packages/mypy/semanal_typeddict.py	516	TODO	# TODO: Support keyword arguments
.venv/Lib/site-packages/mypy/server/astdiff.py	180	TODO	# TODO: cross_ref?
.venv/Lib/site-packages/mypy/server/astdiff.py	238	TODO	# TODO: info
.venv/Lib/site-packages/mypy/server/astdiff.py	280	NOTE	# Note that decorated methods are represented by Decorator instances in
.venv/Lib/site-packages/mypy/server/astdiff.py	310	NOTE	# Note that the structure of type variables is a part of the external interface,
.venv/Lib/site-packages/mypy/server/astmerge.py	228	TODO	# TODO additional things?
.venv/Lib/site-packages/mypy/server/aststrip.py	115	TODO	# TODO: this is a hot fix, we should delete all names,
.venv/Lib/site-packages/mypy/server/deps.py	199	TODO	# TODO: Add tests for this function.
.venv/Lib/site-packages/mypy/server/deps.py	206	TODO	# TODO: Recurse into top-level statements and class bodies but skip functions.
.venv/Lib/site-packages/mypy/server/deps.py	211	TODO	# TODO: Methods in nested classes.
.venv/Lib/site-packages/mypy/server/deps.py	814	NOTE	# Note that operator methods can't be (non-metaclass) methods of type objects
.venv/Lib/site-packages/mypy/server/deps.py	982	TODO	# TODO: Now that type aliases are its own kind of types we can simplify
.venv/Lib/site-packages/mypy/server/mergecheck.py	30	TODO	# TODO: Everything should have a proper full name?
.venv/Lib/site-packages/mypy/server/update.py	443	TODO	# TODO: What to do with stale dependencies?
.venv/Lib/site-packages/mypy/server/update.py	712	TODO	# TODO: Remove deps for the module (this only affects memory use, not correctness)
.venv/Lib/site-packages/mypy/server/update.py	796	TODO	# TODO: Some __* names cause mistriggers. Fix the underlying issue instead of
.venv/Lib/site-packages/mypy/server/update.py	862	TODO	# TODO: we sort to make it deterministic, but this is *incredibly* ad hoc
.venv/Lib/site-packages/mypy/server/update.py	881	TODO	# TODO: Preserve order (set is not optimal)
.venv/Lib/site-packages/mypy/server/update.py	917	TODO	# TODO: Don't rely on a set, since the items are in an unpredictable order.
.venv/Lib/site-packages/mypy/solve.py	161	TODO	# TODO: failing to choose may cause leaking type variables,
.venv/Lib/site-packages/mypy/solve.py	220	TODO	# TODO: support backtracking lower/upper bound choices and order within SCCs.
.venv/Lib/site-packages/mypy/solve.py	283	NOTE	# bounds based on constraints. Note that we assume that the constraint
.venv/Lib/site-packages/mypy/solve.py	295	NOTE	# Note that joins in theory should be commutative, but in practice some bugs mean this is
.venv/Lib/site-packages/mypy/solve.py	374	TODO	# TODO: support more cases for ParamSpecs/TypeVarTuples
.venv/Lib/site-packages/mypy/solve.py	431	NOTE	# Note that ParamSpec constraint P <: Q may be considered linear only if Q has no prefix,
.venv/Lib/site-packages/mypy/solve.py	485	TODO	# TODO: what if secondary constraints result in inference against polymorphic actual?
.venv/Lib/site-packages/mypy/stats.py	110	TODO	# TODO: Handle --check-untyped-defs
.venv/Lib/site-packages/mypy/stats.py	368	TODO	# TODO: What if there is an error in special form definition?
.venv/Lib/site-packages/mypy/stubgen.py	398	TODO	# TODO: Required for among other things dataclass.field default_factory
.venv/Lib/site-packages/mypy/stubgen.py	477	TODO	# TODO: Filter out local variable and class attribute references
.venv/Lib/site-packages/mypy/stubgen.py	896	NOTE	# Note:
.venv/Lib/site-packages/mypy/stubgen.py	1070	TODO	# TODO: Add support for generic NamedTuples. Requires `Generic` as base class.
.venv/Lib/site-packages/mypy/stubgen.py	1126	TODO	# TODO: Add support for generic TypedDicts. Requires `Generic` as base class.
.venv/Lib/site-packages/mypy/stubgen.py	1296	TODO	# TODO: Only do this at module top level.
.venv/Lib/site-packages/mypy/stubgen.py	1343	TODO	# TODO: support other possible cases, where initializer is important
.venv/Lib/site-packages/mypy/stubgen.py	1493	NOTE	# exported, unless there is an explicit __all__. Note that we need to special
.venv/Lib/site-packages/mypy/stubgen.py	1500	TODO	# TODO: Traverse into nested definitions
.venv/Lib/site-packages/mypy/stubgenc.py	789	TODO	# TODO: Is this always object?
.venv/Lib/site-packages/mypy/stubgenc.py	838	TODO	# TODO: We should support __new__.
.venv/Lib/site-packages/mypy/stubgenc.py	845	FIXME	# FIXME: make this nicer
.venv/Lib/site-packages/mypy/stubinfo.py	71	NOTE	# Note that these packages are omitted for now:
.venv/Lib/site-packages/mypy/stubtest.py	140	TODO	# TODO: This is hacky, use error codes or something more resilient
.venv/Lib/site-packages/mypy/stubtest.py	145	TODO	# TODO: This is hacky, use error codes or something more resilient
.venv/Lib/site-packages/mypy/stubtest.py	298	NOTE	# note that this includes the case the stub simply defines `__all__: list[str]`
.venv/Lib/site-packages/mypy/stubtest.py	414	NOTE	# Filter out objects that originate from other modules (best effort). Note that in the
.venv/Lib/site-packages/mypy/stubtest.py	575	TODO	# TODO: check that metaclasses are identical?
.venv/Lib/site-packages/mypy/stubtest.py	656	TODO	# TODO: On Python <3.11, __init__ methods on Protocol classes
.venv/Lib/site-packages/mypy/stubtest.py	720	TODO	# TODO: pass more information about ancestors of nodes/objects to verify, so we don't
.venv/Lib/site-packages/mypy/stubtest.py	811	NOTE	# Note we do this same fallback when constructing signatures in from_overloadedfuncdef
.venv/Lib/site-packages/mypy/stubtest.py	1307	TODO	# TODO: support `@type_check_only` decorator
.venv/Lib/site-packages/mypy/stubtest.py	1326	TODO	# TODO: Mypy *does* allow properties where e.g. the getter is abstract but the setter is not;
.venv/Lib/site-packages/mypy/stubtest.py	1340	TODO	# TODO: Should call _verify_final_method here,
.venv/Lib/site-packages/mypy/stubtest.py	1356	TODO	# TODO: This is a little hacky, but the addition here is super useful
.venv/Lib/site-packages/mypy/stubtest.py	1648	TODO	# TODO: remove the following from this list
.venv/Lib/site-packages/mypy/stubtest.py	2394	TODO	# TODO: Remove once PEP 800 is accepted
.venv/Lib/site-packages/mypy/stubutil.py	121	TODO	# TODO: Support custom interpreters.
.venv/Lib/site-packages/mypy/stubutil.py	241	TODO	# TODO: Generate valid string representation for callable types.
.venv/Lib/site-packages/mypy/stubutil.py	242	TODO	# TODO: Use short names for Instances.
.venv/Lib/site-packages/mypy/stubutil.py	380	NOTE	# Note: __eq__ and co may return arbitrary types, but bool is good enough for stubgen.
.venv/Lib/site-packages/mypy/stubutil.py	704	NOTE	# Note we emit all names in the runtime __all__ here, even if they
.venv/Lib/site-packages/mypy/subtypes.py	278	NOTE	# Note that using ignore_promotions=True (default) makes types like int and int64
.venv/Lib/site-packages/mypy/subtypes.py	300	NOTE	# Note: Unpack type should not be a subtype of Any, since it may represent
.venv/Lib/site-packages/mypy/subtypes.py	307	TODO	# TODO: should we consider all types proper subtypes of UnboundType and/or
.venv/Lib/site-packages/mypy/subtypes.py	469	TODO	# TODO: it actually does matter, figure out more principled logic about this.
.venv/Lib/site-packages/mypy/subtypes.py	477	NOTE	# NOTE: `None` is a *non-subclassable* singleton, therefore no class
.venv/Lib/site-packages/mypy/subtypes.py	600	TODO	# TODO: everywhere else ParamSpecs are handled as invariant.
.venv/Lib/site-packages/mypy/subtypes.py	623	TODO	# TODO: this is a bit arbitrary, we should only skip Any-related cases.
.venv/Lib/site-packages/mypy/subtypes.py	677	TODO	# TODO: Ideally we should not need this (since it is not a real type).
.venv/Lib/site-packages/mypy/subtypes.py	691	TODO	# TODO: this should pass the current value, but then couple tests fail.
.venv/Lib/site-packages/mypy/subtypes.py	777	TODO	# TODO: We shouldn't need this special case. This is currently needed
.venv/Lib/site-packages/mypy/subtypes.py	923	TODO	# TODO: should we pass on the full subtype_context here and below?
.venv/Lib/site-packages/mypy/subtypes.py	960	NOTE	# (NOTE: Fallbacks don't matter.)
.venv/Lib/site-packages/mypy/subtypes.py	1099	TODO	# TODO: What's the right thing to do here?
.venv/Lib/site-packages/mypy/subtypes.py	1127	TODO	# TODO: Strictly speaking, the type builtins.type is considered equivalent to
.venv/Lib/site-packages/mypy/subtypes.py	1219	NOTE	# NOTE: If we ever change this, be sure to also change the call to
.venv/Lib/site-packages/mypy/subtypes.py	1293	TODO	# TODO: reduce number of such cases (e.g. semanal_typeargs, post-semanal plugins).
.venv/Lib/site-packages/mypy/subtypes.py	1344	TODO	# TODO: find a cleaner solution that doesn't involve massive perf impact.
.venv/Lib/site-packages/mypy/subtypes.py	1471	TODO	# TODO: define cleaner rules for class vs instance variables.
.venv/Lib/site-packages/mypy/subtypes.py	1850	TODO	# TODO: handle suffix in UnpackType (i.e. *args: *Tuple[Ts, X, Y]).
.venv/Lib/site-packages/mypy/subtypes.py	1913	NOTE	#          Note: we already checked the *arg and **kwarg arguments in phase 1a.
.venv/Lib/site-packages/mypy/subtypes.py	1980	TODO	# TODO: partial overlap logic is flawed for positions.
.venv/Lib/site-packages/mypy/subtypes.py	2139	TODO	# TODO: Implement more robust support for runtime isinstance() checks, see issue #3827.
.venv/Lib/site-packages/mypy/subtypes.py	2153	TODO	# TODO: Add more special cases.
.venv/Lib/site-packages/mypy/subtypes.py	2164	TODO	# TODO Should List[int] be more precise than List[Any]?
.venv/Lib/site-packages/mypy/subtypes.py	2214	TODO	# TODO: handle settable properties with setter type different from getter.
.venv/Lib/site-packages/mypy/suggestions.py	139	NOTE	# NOTE: We could make this a bunch faster by implementing a StatementVisitor that skips
.venv/Lib/site-packages/mypy/suggestions.py	470	FIXME	# FIXME: Doesn't work right with generic types
.venv/Lib/site-packages/mypy/suggestions.py	550	TODO	# TODO: Also return OverloadedFuncDef -- currently these are ignored.
.venv/Lib/site-packages/mypy/suggestions.py	640	TODO	# TODO: Handle nested functions.
.venv/Lib/site-packages/mypy/suggestions.py	644	TODO	# TODO: add support for OverloadedFuncDef.
.venv/Lib/site-packages/mypy/suggestions.py	834	TODO	# TODO: Probably a lot
.venv/Lib/site-packages/mypy/suggestions.py	898	TODO	# TODO: use extended callables?
.venv/Lib/site-packages/mypy/suggestions.py	902	NOTE	# Note: for default arguments, we just assume that they
.venv/Lib/site-packages/mypy/suggestions.py	1001	TODO	# TODO: Refining of builtins.tuple, Type?
.venv/Lib/site-packages/mypy/test/data.py	29	TODO	# TODO: support more debuggers
.venv/Lib/site-packages/mypy/test/data.py	315	TODO	# TODO: add a better error message for when someone uses skip and xfail at the same time
.venv/Lib/site-packages/mypy/test/helpers.py	16	TODO	# TODO: avoid aliasing - import and subclass TestCase directly
.venv/Lib/site-packages/mypy/test/helpers.py	53	NOTE	# note last triple is a dummy, so don't need to worry
.venv/Lib/site-packages/mypy/test/helpers.py	348	TODO	# TODO: support specifying targets via the flags pragma
.venv/Lib/site-packages/mypy/test/helpers.py	378	NOTE	# Note that we increment the old file's mtime, which guarantees a
.venv/Lib/site-packages/mypy/test/meta/test_update_data.py	21	NOTE	# Note: We test multiple testcases rather than 'test case per test case'
.venv/Lib/site-packages/mypy/test/testdeps.py	80	TODO	# TODO: Should perhaps not return None here.
.venv/Lib/site-packages/mypy/test/testdiff.py	68	TODO	# TODO: Is it okay to return None?
.venv/Lib/site-packages/mypy/test/testfinegrained.py	66	TODO	# TODO: In caching mode we currently don't well support
.venv/Lib/site-packages/mypy/test/testinfer.py	219	NOTE	# Note: the grouping function doesn't actually inspect the input exprs, so we
.venv/Lib/site-packages/mypy/test/testinfer.py	301	NOTE	# Note: We do 'x4 == x0' at the very end!
.venv/Lib/site-packages/mypy/test/testmerge.py	118	TODO	# TODO: Is it okay to return None?
.venv/Lib/site-packages/mypy/test/testpep561.py	18	NOTE	# NOTE: options.use_builtins_fixtures should not be set in these
.venv/Lib/site-packages/mypy/test/testpep561.py	81	NOTE	# Note that newer versions of pip (21.3+) don't
.venv/Lib/site-packages/mypy/test/testsolve.py	100	TODO	# TODO: figure out what this should be after changes to meet(any, X)
.venv/Lib/site-packages/mypy/test/teststubtest.py	2497	TODO	# TODO: test abstract properties with setters
.venv/Lib/site-packages/mypy/test/testsubtypes.py	73	TODO	# TODO make this work
.venv/Lib/site-packages/mypy/test/testtypes.py	868	TODO	# TODO: this can be more precise than "object", see a comment in mypy/join.py
.venv/Lib/site-packages/mypy/test/testtypes.py	1068	TODO	# TODO: Function types + varargs and default args.
.venv/Lib/site-packages/mypy/treetransform.py	148	NOTE	# NOTE: The 'names' and 'imports' instance variables will be empty!
.venv/Lib/site-packages/mypy/treetransform.py	179	NOTE	# Note that a FuncDef must be transformed to a FuncDef.
.venv/Lib/site-packages/mypy/treetransform.py	283	NOTE	# Note that a Decorator must be transformed to a Decorator.
.venv/Lib/site-packages/mypy/treetransform.py	291	NOTE	# Note that a Var must be transformed to a Var.
.venv/Lib/site-packages/mypy/type_visitor.py	266	TODO	# TODO: This appears to be unsafe.
.venv/Lib/site-packages/mypy/type_visitor.py	281	TODO	# TODO: This appears to be unsafe.
.venv/Lib/site-packages/mypy/type_visitor.py	353	TODO	# TODO: check that we don't have existing violations of this rule.
.venv/Lib/site-packages/mypy/type_visitor.py	444	TODO	# TODO: Ideally we should fire subvisitors here (or use caching) if we care
.venv/Lib/site-packages/mypy/type_visitor.py	584	TODO	# TODO: Ideally we should fire subvisitors here (or use caching) if we care
.venv/Lib/site-packages/mypy/typeanal.py	518	TODO	# TODO: should these be re-analyzed to get rid of this inconsistency?
.venv/Lib/site-packages/mypy/typeanal.py	546	TODO	# TODO: Move error message generation to messages.py. We'd first
.venv/Lib/site-packages/mypy/typeanal.py	785	TODO	# TODO: verify this is unreachable and replace with an assert?
.venv/Lib/site-packages/mypy/typeanal.py	871	TODO	# TODO: should we allow NamedTuples generic in ParamSpec?
.venv/Lib/site-packages/mypy/typeanal.py	889	TODO	# TODO: should we allow TypedDicts generic in ParamSpec?
.venv/Lib/site-packages/mypy/typeanal.py	950	NOTE	# Enum value. Note: we only want to return a LiteralType when
.venv/Lib/site-packages/mypy/typeanal.py	982	TODO	# TODO: Move this message building logic to messages.py.
.venv/Lib/site-packages/mypy/typeanal.py	1029	TODO	# TODO: Would it be better to always return Any instead of UnboundType
.venv/Lib/site-packages/mypy/typeanal.py	1077	TODO	# TODO: should we do something here?
.venv/Lib/site-packages/mypy/typeanal.py	1105	TODO	# TODO: attach namespace for nested free type variables (these appear in return type only).
.venv/Lib/site-packages/mypy/typeanal.py	1138	TODO	# TODO: it would be better to avoid this get_proper_type() call.
.venv/Lib/site-packages/mypy/typeanal.py	1190	TODO	# TODO: What if it's an Instance? Then use t.type.fullname?
.venv/Lib/site-packages/mypy/typeanal.py	1208	TODO	# TODO: What if it's an Instance? Then use t.type.fullname?
.venv/Lib/site-packages/mypy/typeanal.py	1300	TODO	# TODO: rework
.venv/Lib/site-packages/mypy/typeanal.py	1349	NOTE	# Note: if at some point in the distant future, we decide to
.venv/Lib/site-packages/mypy/typeanal.py	1364	NOTE	# Note: the reason why we use a generic error message for strings
.venv/Lib/site-packages/mypy/typeanal.py	1417	TODO	# TODO: Handle non-TypeInfo
.venv/Lib/site-packages/mypy/typeanal.py	1675	NOTE	# Note that arglist below is only used for error context.
.venv/Lib/site-packages/mypy/typeanal.py	1724	NOTE	# Note: We can encounter Literals containing 'Any' under three circumstances:
.venv/Lib/site-packages/mypy/typeanal.py	1734	TODO	# TODO: Once we start adding support for enums, make sure we report a custom
.venv/Lib/site-packages/mypy/typeanal.py	1752	NOTE	# Note: we deliberately ignore arg.note here: the extra info might normally be
.venv/Lib/site-packages/mypy/typeanal.py	1968	TODO	# TODO: handle forward references here, they appear as Unpack[Any].
.venv/Lib/site-packages/mypy/typeanal.py	2118	TODO	# TODO: can this cause an infinite recursion?
.venv/Lib/site-packages/mypy/typeanal.py	2122	NOTE	# Note that we keep the kind of Any for consistency.
.venv/Lib/site-packages/mypy/typeanal.py	2146	NOTE	# Note: this is the only case where we use an eager expansion. See more info about
.venv/Lib/site-packages/mypy/typeanal.py	2222	TODO	# TODO: we need to check args validity w.r.t alias.alias_tvars.
.venv/Lib/site-packages/mypy/typeanal.py	2224	NOTE	# Note: in type context, these will be still caught by semanal_typeargs.
.venv/Lib/site-packages/mypy/typeanal.py	2272	TODO	# TODO Handle TypeVarTuple defaults
.venv/Lib/site-packages/mypy/typeanal.py	2306	TODO	# TODO: this doesn't really need to be a translator, but we don't have a trivial visitor.
.venv/Lib/site-packages/mypy/typeanal.py	2353	TODO	# TODO: should we handle such aliases using type_recursion counter and some large limit?
.venv/Lib/site-packages/mypy/typeanal.py	2451	TODO	# TODO: combine logic with instantiate_type_alias().
.venv/Lib/site-packages/mypy/typeanal.py	2454	TODO	# TODO: is it OK to fill with TypeOfAny.from_error instead of special form?
.venv/Lib/site-packages/mypy/typeops.py	122	NOTE	# Note: flattening recursive unions is dangerous, since it can fool recursive
.venv/Lib/site-packages/mypy/typeops.py	257	NOTE	# since they will not be available after we bind them. Note, we use explicit
.venv/Lib/site-packages/mypy/typeops.py	368	NOTE	# constructed type. Note that both type and inst_type may have type
.venv/Lib/site-packages/mypy/typeops.py	439	TODO	# TODO: infer bounds on the type of *args?
.venv/Lib/site-packages/mypy/typeops.py	457	TODO	# TODO: type check method override (see #7861).
.venv/Lib/site-packages/mypy/typeops.py	498	TODO	# TODO: use value restrictions to produce a union?
.venv/Lib/site-packages/mypy/typeops.py	819	TODO	# TODO(PEP612): fix for ParamSpecType
.venv/Lib/site-packages/mypy/typeops.py	845	TODO	# TODO: make sure the caller defers if possible.
.venv/Lib/site-packages/mypy/typeops.py	865	TODO	# TODO: somewhat unfortunate duplication with prepare_method_signature in semanal
.venv/Lib/site-packages/mypy/typeops.py	884	NOTE	# We need this for better error messages, like missing `self` note:
.venv/Lib/site-packages/mypy/typeops.py	904	TODO	# TODO: See if we can eliminate this function and call the below one directly
.venv/Lib/site-packages/mypy/typeops.py	1111	TODO	# TODO: should we always use this function instead of get_type_vars() above?
.venv/Lib/site-packages/mypy/typeops.py	1175	TODO	# TODO: support other types (see ExpressionChecker.has_member())?
.venv/Lib/site-packages/mypy/typeops.py	1234	TODO	# TODO: this is wrong, it creates callables that are not recognized as type objects.
.venv/Lib/site-packages/mypy/types.py	51	TODO	# TODO: confirm that we're happy with representing enums (and the
.venv/Lib/site-packages/mypy/types.py	54	NOTE	# Note: if we change the set of types included below, we must also
.venv/Lib/site-packages/mypy/types.py	68	NOTE	# Note: Although "Literal[None]" is a valid type, we internally always convert
.venv/Lib/site-packages/mypy/types.py	72	NOTE	# Note: Float values are only used internally. They are not accepted within
.venv/Lib/site-packages/mypy/types.py	355	TODO	# TODO: this logic duplicates the one in expand_type_by_instance().
.venv/Lib/site-packages/mypy/types.py	435	NOTE	# Note: never use this to determine subtype relationships, use is_subtype().
.venv/Lib/site-packages/mypy/types.py	1763	TODO	# TODO:
.venv/Lib/site-packages/mypy/types.py	1843	TODO	# TODO: variables don't really belong here, but they are used to allow hacky support
.venv/Lib/site-packages/mypy/types.py	1897	TODO	# TODO: here is a lot of code duplication with Callable type, fix this.
.venv/Lib/site-packages/mypy/types.py	2111	TODO	# TODO: should we assert that only ARG_STAR contain ParamSpecType?
.venv/Lib/site-packages/mypy/types.py	2353	TODO	# TODO: confirm that all arg kinds are positional
.venv/Lib/site-packages/mypy/types.py	2395	NOTE	# Note that we don't normalize *args: *tuple[X, ...] -> *args: X,
.venv/Lib/site-packages/mypy/types.py	2485	TODO	# TODO: As an optimization, leave out everything related to
.venv/Lib/site-packages/mypy/types.py	2574	TODO	# TODO: use this in more places in checkexpr.py etc?
.venv/Lib/site-packages/mypy/types.py	2824	TODO	# TODO: there some additional cases we can support for homogeneous variadic
.venv/Lib/site-packages/mypy/types.py	3122	NOTE	# NOTE: Enum types are always truthy by default, but this can be changed
.venv/Lib/site-packages/mypy/types.py	3126	TODO	# TODO: We should consider moving this branch to the `can_be_true`
.venv/Lib/site-packages/mypy/types.py	3178	NOTE	# Note: 'builtins.bytes' only appears in Python 3, so we want to
.venv/Lib/site-packages/mypy/types.py	3237	TODO	# TODO: maybe switch this to True during type-checking pass?
.venv/Lib/site-packages/mypy/types.py	3527	TODO	# TODO: this is an ugly hack, remove.
.venv/Lib/site-packages/mypy/types.py	3532	TODO	# TODO: store the name of original type alias on this type, so we can show it in errors.
.venv/Lib/site-packages/mypy/types.py	3551	OPTIMIZE	# Optimize for the common case so that we don't need to allocate anything
.venv/Lib/site-packages/mypy/types.py	3939	NOTE	# Use singleton since this is hot (note: call reset() before using)
.venv/Lib/site-packages/mypy/types_utils.py	89	TODO	# TODO: what else cannot be present in `type[...]`?
.venv/Lib/site-packages/mypy/types_utils.py	169	TODO	# TODO: verify that we can only have a TypeVarTuple here.
.venv/Lib/site-packages/mypy/typestate.py	65	OPTIMIZE	# Used to calculate fine grained protocol dependencies and optimize protocol
.venv/Lib/site-packages/mypy/typestate.py	102	OPTIMIZE	# via the cls parameter, since mypyc can optimize accesses to
.venv/Lib/site-packages/mypy/typestate.py	272	TODO	# TODO: avoid everything from typeshed
.venv/Lib/site-packages/mypy/typestate.py	282	NOTE	# Note: strictly speaking, the protocol doesn't need to be
.venv/Lib/site-packages/mypy/typetraverser.py	61	NOTE	# Note that type variable values and upper bound aren't treated as
.venv/Lib/site-packages/mypy/typetraverser.py	136	TODO	# TODO: sometimes we want to traverse target as well
.venv/Lib/site-packages/mypy/typevars.py	26	TODO	# TODO: why do we need to keep both typ.type_vars and typ.defn.type_vars?
.venv/Lib/site-packages/mypy/typevars.py	59	TODO	# TODO: do we need to also handle typeddict_type here and below?
.venv/Lib/site-packages/mypy/typevars.py	80	NOTE	# in turn uses `__eq__` defined for types. Note: we can't use `is_same_type` because
.venv/Lib/site-packages/mypy/typevars.py	82	NOTE	# before forward references resolution patch pass. Note also that it is not safe to use
.venv/Lib/site-packages/mypy/util.py	46	NOTE	# have a version of Windows 10 newer than this. Note that Windows 8 and below are not
.venv/Lib/site-packages/mypy/util.py	407	TODO	# TODO: What about getsetdescriptors that act like properties???
.venv/Lib/site-packages/mypy/util.py	736	TODO	# TODO: detecting source code highlights through an indent can be surprising.
.venv/Lib/site-packages/mypy/util.py	786	TODO	# TODO: detecting source code highlights through an indent can be surprising.
.venv/Lib/site-packages/mypy/util.py	924	TODO	# TODO: If we don't sort keys here, testIncrementalInternalScramble fails
.venv/Lib/site-packages/mypy/visitor.py	368	TODO	# TODO: We have a visit_var method, but no visit_typeinfo or any
.venv/Lib/site-packages/mypy_extensions.py	165	TODO	# TODO: We may want to try to properly apply this to any type
.venv/Lib/site-packages/mypyc/annotate.py	184	TODO	# TODO: check if func_ir.line is -1
.venv/Lib/site-packages/mypyc/annotate.py	346	TODO	# TODO: Ignore all lines if multi-line
.venv/Lib/site-packages/mypyc/build.py	102	TODO	# TODO: Is there something else we should do to fail?
.venv/Lib/site-packages/mypyc/build.py	357	XXX	# XXX: This is bad though.
.venv/Lib/site-packages/mypyc/build.py	456	TODO	# TODO: unique names?
.venv/Lib/site-packages/mypyc/codegen/emit.py	487	XXX	# XXX other types might eventually need similar behavior
.venv/Lib/site-packages/mypyc/codegen/emit.py	608	TODO	# TODO: Verify refcount handling.
.venv/Lib/site-packages/mypyc/codegen/emit.py	638	TODO	# TODO: Range check for fixed-width types?
.venv/Lib/site-packages/mypyc/codegen/emit.py	869	TODO	# TODO: Verify refcount handling.
.venv/Lib/site-packages/mypyc/codegen/emit.py	944	TODO	# TODO: Don't use __float__ and __index__
.venv/Lib/site-packages/mypyc/codegen/emit.py	1009	TODO	# TODO: Always generate a new reference (if a reference type)
.venv/Lib/site-packages/mypyc/codegen/emit.py	1046	TODO	# TODO: Fail if dest is None
.venv/Lib/site-packages/mypyc/codegen/emitclass.py	45	TODO	# TODO: Add remaining dunder methods
.venv/Lib/site-packages/mypyc/codegen/emitclass.py	299	XXX	# XXX: there is no reason for the __weakref__ stuff to be mixed up with __dict__
.venv/Lib/site-packages/mypyc/codegen/emitclass.py	302	TODO	# TODO: They should get members in the struct instead of doing this nonsense.
.venv/Lib/site-packages/mypyc/codegen/emitclass.py	783	TODO	# TODO: Check and unbox arguments
.venv/Lib/site-packages/mypyc/codegen/emitfunc.py	235	TODO	# TODO: What about empty tuple?
.venv/Lib/site-packages/mypyc/codegen/emitfunc.py	358	TODO	# TODO: pre-calculate the mapping to make this faster.
.venv/Lib/site-packages/mypyc/codegen/emitfunc.py	360	TODO	# TODO: reuse these names somehow?
.venv/Lib/site-packages/mypyc/codegen/emitfunc.py	376	NOTE	# Cast to something non-trait. Note: for this to work, all struct
.venv/Lib/site-packages/mypyc/codegen/emitfunc.py	694	TODO	# TODO: Better escaping of backspaces and such
.venv/Lib/site-packages/mypyc/codegen/emitfunc.py	782	TODO	# TODO: This may set errno as a side effect, that is a little sketchy.
.venv/Lib/site-packages/mypyc/codegen/emitfunc.py	799	TODO	# TODO: we shouldn't dereference to type that are pointer type so far
.venv/Lib/site-packages/mypyc/codegen/emitfunc.py	817	TODO	# TODO: support tuple type
.venv/Lib/site-packages/mypyc/codegen/emitfunc.py	837	TODO	# TODO: Can we do better if only a subset of fields are initialized?
.venv/Lib/site-packages/mypyc/codegen/emitfunc.py	838	TODO	# TODO: Make this less verbose in the common case
.venv/Lib/site-packages/mypyc/codegen/emitfunc.py	839	TODO	# TODO: Support tuples (or use RStruct for tuples)?
.venv/Lib/site-packages/mypyc/codegen/emitmodule.py	3	FIXME	# FIXME: Basically nothing in this file operates on the level of a
.venv/Lib/site-packages/mypyc/codegen/emitmodule.py	1277	TODO	# TODO: Support fastcall for __init__ and __new__.
.venv/Lib/site-packages/mypyc/codegen/emitwrapper.py	373	NOTE	# Note that in normal Python you'd instead of an explicit
.venv/Lib/site-packages/mypyc/codegen/emitwrapper.py	844	TODO	# TODO: Use this for more wrappers
.venv/Lib/site-packages/mypyc/codegen/emitwrapper.py	928	TODO	# TODO: The Py_RETURN macros return the correct PyObject * with reference count
.venv/Lib/site-packages/mypyc/codegen/emitwrapper.py	957	TODO	# TODO: Tracebacks?
.venv/Lib/site-packages/mypyc/common.py	57	NOTE	# Note: Assume that the compiled code uses the same bit width as mypyc
.venv/Lib/site-packages/mypyc/common.py	89	NOTE	# not strictly wrong to modify them. See PEP 683 for more information, but note that
.venv/Lib/site-packages/mypyc/ir/class_ir.py	139	TODO	# TODO: Make it a regular method and generate its body in IR
.venv/Lib/site-packages/mypyc/ir/func_ir.py	80	TODO	# TODO: Track if method?
.venv/Lib/site-packages/mypyc/ir/func_ir.py	226	TODO	# TODO: move this to FuncIR?
.venv/Lib/site-packages/mypyc/ir/ops.py	284	NOTE	# Override this is if Op may raise an exception. Note that currently the fact that
.venv/Lib/site-packages/mypyc/ir/ops.py	1171	TODO	# TODO: Make it more explicit at IR level that this always raises
.venv/Lib/site-packages/mypyc/ir/ops.py	1593	TODO	# TODO: Support other native integer types
.venv/Lib/site-packages/mypyc/ir/ops.py	1803	NOTE	# managed again. (Note we need to steal before unborrow, to avoid
.venv/Lib/site-packages/mypyc/ir/ops.py	1989	TODO	# TODO: Should the following definition live somewhere else?
.venv/Lib/site-packages/mypyc/ir/ops.py	2000	NOTE	# Note that this approach differs from how we deserialize ASTs in mypy itself,
.venv/Lib/site-packages/mypyc/ir/pprint.py	170	TODO	# TODO: Remove bool check (it's unboxed)
.venv/Lib/site-packages/mypyc/ir/pprint.py	177	TODO	# TODO: Remove bool check (it's unboxed)
.venv/Lib/site-packages/mypyc/ir/pprint.py	184	TODO	# TODO: Display long name?
.venv/Lib/site-packages/mypyc/ir/rtypes.py	65	TODO	# TODO: This shouldn't be specific to C or a string
.venv/Lib/site-packages/mypyc/ir/rtypes.py	255	TODO	# TODO: Invent an overlapping error value?
.venv/Lib/site-packages/mypyc/ir/rtypes.py	289	NOTE	# NOTE: All the supported instances of RPrimitive are defined
.venv/Lib/site-packages/mypyc/ir/rtypes.py	301	NOTE	# NOTE: Even though this is very flexible, this type should be used as
.venv/Lib/site-packages/mypyc/irbuild/builder.py	1141	TODO	# TODO: use native calls for any decorated functions which have all their decorators
.venv/Lib/site-packages/mypyc/irbuild/builder.py	1331	TODO	# TODO: Don't special case IntExpr
.venv/Lib/site-packages/mypyc/irbuild/callable_class.py	154	NOTE	# outer scope. Note that there are three possible environment
.venv/Lib/site-packages/mypyc/irbuild/classdef.py	204	TODO	# TODO: Generate glue method if needed?
.venv/Lib/site-packages/mypyc/irbuild/classdef.py	205	TODO	# TODO: Do we need interpreted glue methods? Maybe not?
.venv/Lib/site-packages/mypyc/irbuild/classdef.py	247	TODO	# TODO: Maybe generate more precise types for annotations
.venv/Lib/site-packages/mypyc/irbuild/classdef.py	642	FIXME	# FIXME: try to better preserve the special forms and type parameters of generics.
.venv/Lib/site-packages/mypyc/irbuild/classdef.py	647	NOTE	# NOTE: Using string type information is similar to using
.venv/Lib/site-packages/mypyc/irbuild/classdef.py	649	NOTE	# NOTE: For string types we need to use the fullname since it
.venv/Lib/site-packages/mypyc/irbuild/classdef.py	659	FIXME	# FIXME: if get_type_info is not provided, don't fall back to stmt.type?
.venv/Lib/site-packages/mypyc/irbuild/classdef.py	668	TODO	# TODO: is it possible to determine whether a non-string annotation is
.venv/Lib/site-packages/mypyc/irbuild/classdef.py	723	TODO	# TODO: Support nested statements
.venv/Lib/site-packages/mypyc/irbuild/context.py	53	TODO	# TODO: add field for ret_type: RType = none_rprimitive
.venv/Lib/site-packages/mypyc/irbuild/expression.py	179	TODO	# TODO: Behavior currently only defined for Var, FuncDef and MypyFile node types.
.venv/Lib/site-packages/mypyc/irbuild/expression.py	257	TODO	# TODO: Handle other item types
.venv/Lib/site-packages/mypyc/irbuild/expression.py	283	OPTIMIZE	# warning(builder, 'can not optimize super() expression', o.line)
.venv/Lib/site-packages/mypyc/irbuild/expression.py	451	TODO	# TODO: We could support it when it is a parent class in many cases?
.venv/Lib/site-packages/mypyc/irbuild/expression.py	760	TODO	# TODO: Don't produce an expression when used in conditional context
.venv/Lib/site-packages/mypyc/irbuild/for_helpers.py	618	NOTE	# or an exception being raised. Note that Branch.IS_ERROR checks only
.venv/Lib/site-packages/mypyc/irbuild/for_helpers.py	820	TODO	# TODO: Don't reload the length each time when iterating an immutable sequence?
.venv/Lib/site-packages/mypyc/irbuild/for_helpers.py	1086	NOTE	# NOTE: This would be questionable if short ints could be 32 bits.
.venv/Lib/site-packages/mypyc/irbuild/format_str_tokenizer.py	54	TODO	# TODO: Match specifiers instead of using whole_seq
.venv/Lib/site-packages/mypyc/irbuild/function.py	209	TODO	# TODO: do something about abstract methods.
.venv/Lib/site-packages/mypyc/irbuild/function.py	416	TODO	# TODO: Support contravariant subtyping in the input argument for
.venv/Lib/site-packages/mypyc/irbuild/function.py	449	TODO	# TODO: Support property setters in non-extension classes
.venv/Lib/site-packages/mypyc/irbuild/function.py	617	FIXME	# FIXME: this won't work if we can do interpreted subclasses
.venv/Lib/site-packages/mypyc/irbuild/function.py	994	TODO	# TODO: avoid recomputing the native IDs for all the functions every time we find a new
.venv/Lib/site-packages/mypyc/irbuild/function.py	1003	TODO	# TODO: avoid reloading the registry here if we just created it
.venv/Lib/site-packages/mypyc/irbuild/generator.py	406	TODO	# TODO: Use the right type here instead of object?
.venv/Lib/site-packages/mypyc/irbuild/ll_builder.py	208	TODO	# TODO: The threshold is a randomly chosen number which needs further
.venv/Lib/site-packages/mypyc/irbuild/ll_builder.py	546	TODO	# TODO: i32 on 64-bit platform
.venv/Lib/site-packages/mypyc/irbuild/ll_builder.py	821	TODO	# TODO: extend to cover(*args, **k, **w, **a, **r, **g, **s)
.venv/Lib/site-packages/mypyc/irbuild/ll_builder.py	838	OPTIMIZE	# elif ...: TODO extend this to optimize fn(*args, k=1, **kwargs) case
.venv/Lib/site-packages/mypyc/irbuild/ll_builder.py	839	OPTIMIZE	# TODO optimize this case using the length utils - currently in review
.venv/Lib/site-packages/mypyc/irbuild/ll_builder.py	846	TODO	# TODO: can we maintain an empty tuple in memory and just reuse it again and again?
.venv/Lib/site-packages/mypyc/irbuild/ll_builder.py	885	TODO	# TODO: We could try harder to avoid creating basic blocks in the common case
.venv/Lib/site-packages/mypyc/irbuild/ll_builder.py	952	TODO	# TODO: use dict_copy_op for simple cases of **kwargs
.venv/Lib/site-packages/mypyc/irbuild/ll_builder.py	1533	OPTIMIZE	# If the method is able to return NotImplemented, we should not optimize it.
.venv/Lib/site-packages/mypyc/irbuild/ll_builder.py	1560	TODO	# TODO: modify 'str' to use same interface as 'compare_bytes' as it would avoid
.venv/Lib/site-packages/mypyc/irbuild/ll_builder.py	1715	TODO	# TODO: Overflow? Unsigned?
.venv/Lib/site-packages/mypyc/irbuild/ll_builder.py	2079	TODO	# TODO: Generate PrimitiveOps here and transform them into CallC
.venv/Lib/site-packages/mypyc/irbuild/ll_builder.py	2149	TODO	# formal is not None and # TODO
.venv/Lib/site-packages/mypyc/irbuild/ll_builder.py	2279	OPTIMIZE	# compilers can optimize more
.venv/Lib/site-packages/mypyc/irbuild/ll_builder.py	2299	OPTIMIZE	# compilers can optimize more
.venv/Lib/site-packages/mypyc/irbuild/ll_builder.py	2404	TODO	# TODO: Support use_pyssize_t
.venv/Lib/site-packages/mypyc/irbuild/ll_builder.py	2483	OPTIMIZE	# TODO: Optimize cases where a single operation can handle multiple union items
.venv/Lib/site-packages/mypyc/irbuild/ll_builder.py	2604	TODO	# TODO: Support RInstance with no custom __eq__/__ne__ and other primitive types.
.venv/Lib/site-packages/mypyc/irbuild/mapper.py	149	TODO	# TODO: Erase to union if object has value restriction?
.venv/Lib/site-packages/mypyc/irbuild/mapper.py	183	TODO	# TODO: We could probably support decorators sometimes (static and class method?)
.venv/Lib/site-packages/mypyc/irbuild/mapper.py	185	OPTIMIZE	# Give a more precise type for generators, so that we can optimize
.venv/Lib/site-packages/mypyc/irbuild/match.py	128	TODO	# TODO: use faster instance check for native classes (while still
.venv/Lib/site-packages/mypyc/irbuild/match.py	161	TODO	# TODO: use faster "get_attr" method instead when calling on native or
.venv/Lib/site-packages/mypyc/irbuild/match.py	172	TODO	# TODO: same as above "get_attr" comment
.venv/Lib/site-packages/mypyc/irbuild/prebuildvisitor.py	136	TODO	# TODO: What about overloaded functions?
.venv/Lib/site-packages/mypyc/irbuild/prebuildvisitor.py	145	NOTE	# defined in the function stack, then note the previous
.venv/Lib/site-packages/mypyc/irbuild/prebuildvisitor.py	189	TODO	# TODO: Remove from the orig_func free_variables set?
.venv/Lib/site-packages/mypyc/irbuild/prebuildvisitor.py	201	NOTE	# being visited to note where it was first visited.
.venv/Lib/site-packages/mypyc/irbuild/prepare.py	133	TODO	# TODO: what else?
.venv/Lib/site-packages/mypyc/irbuild/prepare.py	253	TODO	# TODO: do something about abstract methods here. Currently, they are handled just like
.venv/Lib/site-packages/mypyc/irbuild/prepare.py	291	TODO	# TODO: support decorated methods (at least @classmethod and @staticmethod).
.venv/Lib/site-packages/mypyc/irbuild/prepare.py	364	XXX	# XXX: How do we handle *other* things??
.venv/Lib/site-packages/mypyc/irbuild/prepare.py	371	NOTE	# Note that if we try to subclass a C extension class that
.venv/Lib/site-packages/mypyc/irbuild/specialize.py	131	TODO	# TODO: Allow special cases to have default args or named args. Currently they don't since
.venv/Lib/site-packages/mypyc/irbuild/specialize.py	253	NOTE	# Note that it is not safe to use fast methods on dict subclasses,
.venv/Lib/site-packages/mypyc/irbuild/statement.py	376	NOTE	# Note that we miscompile import from inside of functions here,
.venv/Lib/site-packages/mypyc/irbuild/statement.py	673	TODO	# TODO: handle break/continue
.venv/Lib/site-packages/mypyc/irbuild/statement.py	892	OPTIMIZE	# We could probably optimize the case where the manager is compiled by us,
.venv/Lib/site-packages/mypyc/irbuild/statement.py	1065	TODO	# TODO: do we want to use the right types here?
.venv/Lib/site-packages/mypyc/irbuild/targets.py	30	TODO	# TODO: object_rprimitive won't be right for user-defined classes. Store the
.venv/Lib/site-packages/mypyc/irbuild/util.py	59	NOTE	# Note: the mypy attrs plugin checks that the value of auto_attribs is
.venv/Lib/site-packages/mypyc/irbuild/vtable.py	42	TODO	# TODO: don't generate a new entry when we overload without changing the type
.venv/Lib/site-packages/mypyc/irbuild/vtable.py	68	TODO	# TODO: emit a wrapper for __init__ that raises or something
.venv/Lib/site-packages/mypyc/lower/int_ops.py	30	NOTE	# Note that these are not complete implementations and require extra IR.
.venv/Lib/site-packages/mypyc/lower/int_ops.py	73	TODO	# TODO: introduce UnaryIntOp?
.venv/Lib/site-packages/mypyc/namegen.py	77	TODO	# TODO: Support unicode
.venv/Lib/site-packages/mypyc/namegen.py	100	TODO	# TODO: Support unicode
.venv/Lib/site-packages/mypyc/primitives/dict_ops.py	102	NOTE	# NOTE: this is currently for internal use only, and not used for CallExpr specialization
.venv/Lib/site-packages/mypyc/test/test_external.py	15	TODO	# TODO: Get this to work on Windows.
.venv/Lib/site-packages/mypyc/test/test_run.py	187	TODO	# TODO: Figure out a better approach, since this slows down tests.
.venv/Lib/site-packages/mypyc/test/test_run.py	313	TODO	# TODO: find a way to automatically disable capturing
.venv/Lib/site-packages/mypyc/test/test_run.py	326	TODO	# TODO: testDecorators1 hangs on 3.12, remove this once fixed
.venv/Lib/site-packages/mypyc/test/testutil.py	144	TODO	# TODO: backport this to mypy
.venv/Lib/site-packages/mypyc/transform/copy_propagation.py	44	TODO	# TODO: Something needs LoadErrorValue assignments to be preserved?
.venv/Lib/site-packages/mypyc/transform/log_trace.py	78	TODO	# TODO: Use different op name when constructing an instance
.venv/Lib/site-packages/mypyc/transform/refcount.py	251	TODO	# TODO: be able to share *partial* results
.venv/Lib/site-packages/mypyc/transform/refcount.py	269	TODO	# TODO: Never initialized values??
.venv/Lib/site-packages/mypyc/transform/spill.py	28	TODO	# TODO: Actually for now, no Registers at all -- we keep the manual spills
.venv/Lib/site-packages/mypyc/transform/spill.py	87	XXX	# XXX: but could we have a regular branch?
.venv/Lib/site-packages/mypyc/transform/spill.py	110	XXX	# XXX: could we set uninit?
.venv/Lib/site-packages/mypyc/transform/uninit.py	63	NOTE	# Note that for register operand in a LoadAddress op,
.venv/Lib/site-packages/mypyc/transform/uninit.py	76	XXX	# XXX: if src.name is empty, it should be a
.venv/Lib/site-packages/packaging/markers.py	276	NOTE	# Note: We create a Marker object without calling this constructor in
.venv/Lib/site-packages/packaging/metadata.py	204	TODO	# TODO: The spec doesn't say anything about if the keys should be
.venv/Lib/site-packages/packaging/requirements.py	29	TODO	# TODO: Can we test whether something is contained within a requirement?
.venv/Lib/site-packages/packaging/requirements.py	32	TODO	# TODO: Can we normalize the name and extra name?
.venv/Lib/site-packages/packaging/specifiers.py	928	NOTE	# Note: This means that 1.0.dev1 would not be contained in something
.venv/Lib/site-packages/packaging/specifiers.py	938	NOTE	# Note: This use of all() here means that an empty set of specifiers
.venv/Lib/site-packages/packaging/tags.py	378	TODO	# TODO: Need to care about 32-bit PPC for ppc64 through 10.2?
.venv/Lib/site-packages/pathspec/pattern.py	119	NOTE	# NOTE: Make sure to allow a null regular expression to be
.venv/Lib/site-packages/pathspec/pattern.py	126	NOTE	# - NOTE: Used specified *include*.
.venv/Lib/site-packages/pathspec/pattern.py	130	NOTE	# NOTE: Make sure to allow a null pattern to be passed for a
.venv/Lib/site-packages/pathspec/patterns/gitwildmatch.py	256	NOTE	# NOTE: This is derived from `fnmatch.translate()` and is similar to the
.venv/Lib/site-packages/pathspec/util.py	299	NOTE	# NOTE: Make sure to remove the canonical (real) path of the directory
.venv/Lib/site-packages/pip/_internal/build_env.py	302	FIXME	# FIXME: Consider direct URL?
.venv/Lib/site-packages/pip/_internal/cache.py	280	TODO	# TODO: use DirectUrl.equivalent when
.venv/Lib/site-packages/pip/_internal/cli/base_command.py	209	TODO	# TODO: Try to get these passing down from the command?
.venv/Lib/site-packages/pip/_internal/cli/main.py	42	NOTE	# Note that this will exit the process after running, unlike a direct
.venv/Lib/site-packages/pip/_internal/cli/main.py	52	NOTE	# Note - we use a module of .*pkg_resources to cover
.venv/Lib/site-packages/pip/_internal/cli/main_parser.py	72	NOTE	# Note: parser calls disable_interspersed_args(), so the result of this
.venv/Lib/site-packages/pip/_internal/cli/req_command.py	270	NOTE	# NOTE: options.require_hashes may be set if --require-hashes is True
.venv/Lib/site-packages/pip/_internal/commands/inspect.py	60	TODO	# TODO tags? scheme?
.venv/Lib/site-packages/pip/_internal/commands/inspect.py	70	NOTE	# direct_url. Note that we don't have download_info (as in the installation
.venv/Lib/site-packages/pip/_internal/commands/install.py	618	NOTE	# NOTE: There is some duplication here, with commands/check.py
.venv/Lib/site-packages/pip/_internal/configuration.py	52	NOTE	# NOTE: Maybe use the optionx attribute to normalize keynames.
.venv/Lib/site-packages/pip/_internal/configuration.py	247	NOTE	# NOTE: Dictionaries are not populated if not loaded. So, conditionals
.venv/Lib/site-packages/pip/_internal/configuration.py	340	XXX	# XXX: This is patched in the tests.
.venv/Lib/site-packages/pip/_internal/configuration.py	390	XXX	# XXX: This is patched in the tests.
.venv/Lib/site-packages/pip/_internal/index/collector.py	339	TODO	# TODO: In the future, it would be nice if pip supported PEP 691
.venv/Lib/site-packages/pip/_internal/locations/_distutils.py	69	NOTE	# NOTE: setting user or home has the side-effect of creating the home dir
.venv/Lib/site-packages/pip/_internal/locations/_distutils.py	88	NOTE	# platlib).  Note, i.install_lib is *always* set after
.venv/Lib/site-packages/pip/_internal/locations/_distutils.py	152	XXX	# XXX: In old virtualenv versions, sys.prefix can contain '..' components,
.venv/Lib/site-packages/pip/_internal/locations/base.py	16	FIXME	# FIXME doesn't account for venv linked to global site-packages
.venv/Lib/site-packages/pip/_internal/locations/base.py	60	FIXME	# FIXME: keep src in cwd for now (it is not a temporary folder)
.venv/Lib/site-packages/pip/_internal/metadata/base.py	162	TODO	# TODO: this property is relatively costly to compute, memoize it ?
.venv/Lib/site-packages/pip/_internal/metadata/base.py	172	TODO	# TODO: get project location from second line of egg_link file
.venv/Lib/site-packages/pip/_internal/metadata/base.py	229	XXX	# XXX if the distribution is a zipped egg, location has a trailing /
.venv/Lib/site-packages/pip/_internal/models/installation_report.py	51	TODO	# TODO: currently, the resolver uses the default environment to evaluate
.venv/Lib/site-packages/pip/_internal/models/selection_prefs.py	6	TODO	# TODO: This needs Python 3.10's improved slots support for dataclasses
.venv/Lib/site-packages/pip/_internal/network/auth.py	530	NOTE	# keyring. (Note that if the user responded "no" above, this member
.venv/Lib/site-packages/pip/_internal/network/lazy_wheel.py	177	TODO	# TODO: Get range requests to be correctly cached
.venv/Lib/site-packages/pip/_internal/operations/build/metadata.py	28	NOTE	# Note that BuildBackendHookCaller implements a fallback for
.venv/Lib/site-packages/pip/_internal/operations/build/metadata_editable.py	28	NOTE	# Note that BuildBackendHookCaller implements a fallback for
.venv/Lib/site-packages/pip/_internal/operations/install/wheel.py	90	XXX	# XXX RECORD hashes will need to be updated
.venv/Lib/site-packages/pip/_internal/operations/install/wheel.py	178	NOTE	# Add a note if any directory starts with ~
.venv/Lib/site-packages/pip/_internal/operations/install/wheel.py	300	NOTE	#   - pipX.Y, pipX, easy_install-X.Y will be generated and installed. Note
.venv/Lib/site-packages/pip/_internal/operations/prepare.py	562	TODO	# TODO: separate this part out from RequirementPreparer when the v1
.venv/Lib/site-packages/pip/_internal/operations/prepare.py	636	FIXME	# FIXME: https://github.com/pypa/pip/issues/11943
.venv/Lib/site-packages/pip/_internal/pyproject.py	135	NOTE	# Note that at this point, we do not know if the user has actually
.venv/Lib/site-packages/pip/_internal/pyproject.py	171	NOTE	# make a note to check that this requirement is present once
.venv/Lib/site-packages/pip/_internal/req/constructors.py	287	TODO	# TODO: The is_installable_dir test here might not be necessary
.venv/Lib/site-packages/pip/_internal/req/req_file.py	104	TODO	# TODO: replace this with slots=True when dropping Python 3.9 support.
.venv/Lib/site-packages/pip/_internal/req/req_file.py	256	FIXME	# FIXME: it would be nice to keep track of the source
.venv/Lib/site-packages/pip/_internal/req/req_file.py	488	NOTE	# NOTE: mypy disallows assigning to a method
.venv/Lib/site-packages/pip/_internal/req/req_file.py	523	TODO	# TODO: handle space after '\'.
.venv/Lib/site-packages/pip/_internal/req/req_install.py	102	NOTE	# populating source_dir is done by the RequirementPreparer. Note this
.venv/Lib/site-packages/pip/_internal/req/req_install.py	374	FIXME	# FIXME: Is there a better place to create the build_dir? (hg and bzr
.venv/Lib/site-packages/pip/_internal/req/req_uninstall.py	483	FIXME	# FIXME: need a test for this elif block
.venv/Lib/site-packages/pip/_internal/req/req_uninstall.py	511	XXX	# XXX We use normalized_dist_location because dist_location my contain
.venv/Lib/site-packages/pip/_internal/resolution/legacy/resolver.py	461	NOTE	# NOTE
.venv/Lib/site-packages/pip/_internal/resolution/resolvelib/candidates.py	230	TODO	# TODO performance: this means we iterate the dependencies at least twice,
.venv/Lib/site-packages/pip/_internal/resolution/resolvelib/candidates.py	365	TODO	# TODO: Supply reason based on force_reinstall and upgrade_strategy.
.venv/Lib/site-packages/pip/_internal/resolution/resolvelib/candidates.py	511	NOTE	# (See note 2b in the class docstring)
.venv/Lib/site-packages/pip/_internal/resolution/resolvelib/factory.py	194	TODO	# TODO: Check already installed candidate, and use it if the link and
.venv/Lib/site-packages/pip/_internal/resolution/resolvelib/factory.py	613	TODO	# TODO: Are there more cases this needs to return True? Editable?
.venv/Lib/site-packages/pip/_internal/utils/setuptools_build.py	8	NOTE	# Note that __file__ is handled via two {!r} *and* %r, to ensure that paths on
.venv/Lib/site-packages/pip/_internal/utils/setuptools_build.py	84	NOTE	# NOTE: Eventually, we'd want to also -S to the flags here, when we're
.venv/Lib/site-packages/pip/_internal/utils/unpacking.py	238	NOTE	# See PEP 706 note above.
.venv/Lib/site-packages/pip/_internal/utils/unpacking.py	328	FIXME	# FIXME: handle?
.venv/Lib/site-packages/pip/_internal/utils/unpacking.py	329	FIXME	# FIXME: magic signatures?
.venv/Lib/site-packages/pip/_internal/vcs/git.py	162	NOTE	# NOTE: We do not use splitlines here since that would split on other
.venv/Lib/site-packages/pip/_internal/vcs/subversion.py	50	NOTE	# Note: taken from setuptools.command.egg_info
.venv/Lib/site-packages/pip/_internal/vcs/subversion.py	60	FIXME	# FIXME: should we warn?
.venv/Lib/site-packages/pip/_internal/vcs/subversion.py	157	NOTE	# Note that using get_remote_call_options is not necessary here
.venv/Lib/site-packages/pip/_vendor/cachecontrol/caches/file_cache.py	59	NOTE	# NOTE: This method should not change as some may depend on it.
.venv/Lib/site-packages/pip/_vendor/cachecontrol/controller.py	227	TODO	# TODO: There is an assumption that the result will be a
.venv/Lib/site-packages/pip/_vendor/cachecontrol/controller.py	251	NOTE	# request. Note, this overrides what was in the response.
.venv/Lib/site-packages/pip/_vendor/cachecontrol/filewrapper.py	67	TODO	# TODO: Add some logging here...
.venv/Lib/site-packages/pip/_vendor/distlib/compat.py	169	XXX	# XXX according to RFC 2818, the most specific Common Name
.venv/Lib/site-packages/pip/_vendor/distlib/scripts.py	230	XXX	# it gets a #coding:xxx cookie. The shebang has to be the
.venv/Lib/site-packages/pip/_vendor/distlib/scripts.py	231	XXX	# first line of a file, the #coding:xxx cookie cannot be
.venv/Lib/site-packages/pip/_vendor/distlib/scripts.py	239	XXX	# #coding:xxx cookie), the shebang has to be decodable from
.venv/Lib/site-packages/pip/_vendor/distlib/util.py	401	TODO	# TODO check k, v for valid values
.venv/Lib/site-packages/pip/_vendor/distlib/util.py	1922	XXX	# XXX what about the architecture? NT is Intel or Alpha,
.venv/Lib/site-packages/pip/_vendor/distlib/util.py	1938	XXX	# XXX what about Alpha, SPARC, etc?
.venv/Lib/site-packages/pip/_vendor/distro/distro.py	773	NOTE	# NOTE: The idea is to respect order **and** have it set
.venv/Lib/site-packages/pip/_vendor/distro/distro.py	1143	NOTE	# preference to anything else Note that some distros purposefully
.venv/Lib/site-packages/pip/_vendor/msgpack/fallback.py	499	TODO	# TODO should we eliminate the recursion?
.venv/Lib/site-packages/pip/_vendor/msgpack/fallback.py	503	TODO	# TODO check whether we need to call `list_hook`
.venv/Lib/site-packages/pip/_vendor/msgpack/fallback.py	511	TODO	# TODO is the interaction between `list_hook` and `use_list` ok?
.venv/Lib/site-packages/pip/_vendor/msgpack/fallback.py	516	TODO	# TODO check whether we need to call hooks
.venv/Lib/site-packages/pip/_vendor/packaging/markers.py	276	NOTE	# Note: We create a Marker object without calling this constructor in
.venv/Lib/site-packages/pip/_vendor/packaging/metadata.py	204	TODO	# TODO: The spec doesn't say anything about if the keys should be
.venv/Lib/site-packages/pip/_vendor/packaging/requirements.py	29	TODO	# TODO: Can we test whether something is contained within a requirement?
.venv/Lib/site-packages/pip/_vendor/packaging/requirements.py	32	TODO	# TODO: Can we normalize the name and extra name?
.venv/Lib/site-packages/pip/_vendor/packaging/specifiers.py	928	NOTE	# Note: This means that 1.0.dev1 would not be contained in something
.venv/Lib/site-packages/pip/_vendor/packaging/specifiers.py	938	NOTE	# Note: This use of all() here means that an empty set of specifiers
.venv/Lib/site-packages/pip/_vendor/packaging/tags.py	378	TODO	# TODO: Need to care about 32-bit PPC for ppc64 through 10.2?
.venv/Lib/site-packages/pip/_vendor/pkg_resources/__init__.py	1	TODO	# TODO: Add Generic type annotations to initialized collections.
.venv/Lib/site-packages/pip/_vendor/pkg_resources/__init__.py	478	XXX	# XXX backward compat
.venv/Lib/site-packages/pip/_vendor/pkg_resources/__init__.py	527	XXX	# XXX Linux and other platforms' special cases should go here
.venv/Lib/site-packages/pip/_vendor/pkg_resources/__init__.py	723	XXX	# XXX add more info
.venv/Lib/site-packages/pip/_vendor/pkg_resources/__init__.py	1319	XXX	# XXX backward compatibility
.venv/Lib/site-packages/pip/_vendor/pkg_resources/__init__.py	1522	XXX	# XXX
.venv/Lib/site-packages/pip/_vendor/pkg_resources/__init__.py	2031	FIXME	# FIXME: 'ZipProvider._extract_resource' is too complex (12)
.venv/Lib/site-packages/pip/_vendor/pkg_resources/__init__.py	3201	FIXME	# FIXME: 'Distribution.insert_on' is too complex (13)
.venv/Lib/site-packages/pip/_vendor/pkg_resources/__init__.py	3308	TODO	# TODO: remove this except clause when python/cpython#103632 is fixed.
.venv/Lib/site-packages/pip/_vendor/pkg_resources/__init__.py	3598	TODO	# TODO: Add a deadline?
.venv/Lib/site-packages/pip/_vendor/pygments/lexer.py	214	NOTE	# pip vendoring note: this code is not reachable by pip,
.venv/Lib/site-packages/pip/_vendor/pygments/lexer.py	448	XXX	# XXX: cache that somehow
.venv/Lib/site-packages/pip/_vendor/pygments/lexer.py	460	XXX	# XXX: cache that somehow
.venv/Lib/site-packages/pip/_vendor/pygments/lexer.py	693	NOTE	#: again. Note that if you push while in a combined state, the combined
.venv/Lib/site-packages/pip/_vendor/pygments/lexers/python.py	715	TODO	# different tokens.  TODO: DelegatingLexer should support this
.venv/Lib/site-packages/pip/_vendor/requests/__init__.py	115	NOTE	# Note: This logic prevents upgrading cryptography on Windows, if imported
.venv/Lib/site-packages/pip/_vendor/requests/adapters.py	103	OPTIMIZE	# to optimize performance on standard requests.
.venv/Lib/site-packages/pip/_vendor/requests/adapters.py	686	TODO	# TODO: Remove this in 3.0.0: see #2811
.venv/Lib/site-packages/pip/_vendor/requests/auth.py	181	XXX	# XXX not implemented yet
.venv/Lib/site-packages/pip/_vendor/requests/auth.py	215	XXX	# XXX handle auth-int.
.venv/Lib/site-packages/pip/_vendor/requests/auth.py	220	XXX	# XXX should the partial digests be encoded too?
.venv/Lib/site-packages/pip/_vendor/requests/compat.py	50	NOTE	# Note: We've patched out simplejson support in pip because it prevents
.venv/Lib/site-packages/pip/_vendor/requests/hooks.py	19	TODO	# TODO: response is the only one
.venv/Lib/site-packages/pip/_vendor/requests/models.py	373	NOTE	# Note that prepare_auth must be last to enable authentication schemes
.venv/Lib/site-packages/pip/_vendor/requests/models.py	1032	NOTE	*Note: Should not normally need to be called explicitly.*
.venv/Lib/site-packages/pip/_vendor/rich/text.py	562	TODO	# TODO: This is a little inefficient, it is only used by full justify
.venv/Lib/site-packages/pip/_vendor/rich/traceback.py	733	NOTE	# Note, this is an educated guess and not a guarantee
.venv/Lib/site-packages/pip/_vendor/tomli/_parser.py	760	OPTIMIZE	# The default `float` callable never returns illegal types. Optimize it.
.venv/Lib/site-packages/pip/_vendor/truststore/_macos.py	489	NOTE	# Note that we're not able to ignore only hostname errors
.venv/Lib/site-packages/pip/_vendor/truststore/_macos.py	558	TODO	# TODO: Not sure if we need the SecTrustResultType for anything?
.venv/Lib/site-packages/pip/_vendor/truststore/_windows.py	240	NOTE	# Note, actually raises OSError after calling GetLastError and FormatMessage
.venv/Lib/site-packages/pip/_vendor/urllib3/__init__.py	22	NOTE	# === NOTE TO REPACKAGERS AND VENDORS ===
.venv/Lib/site-packages/pip/_vendor/urllib3/connection.py	199	TODO	# TODO: Fix tunnel so it doesn't depend on self.sock state.
.venv/Lib/site-packages/pip/_vendor/urllib3/connectionpool.py	522	TODO	# TODO: Add optional support for socket.gethostbyname checking.
.venv/Lib/site-packages/pip/_vendor/urllib3/contrib/pyopenssl.py	371	FIXME	# FIXME rethrow compatible exceptions should we ever use this
.venv/Lib/site-packages/pip/_vendor/urllib3/contrib/securetransport.py	614	NOTE	# well. Note that we don't actually return here because in
.venv/Lib/site-packages/pip/_vendor/urllib3/contrib/securetransport.py	659	TODO	# TODO: should I do clean shutdown here? Do I have to?
.venv/Lib/site-packages/pip/_vendor/urllib3/contrib/securetransport.py	819	TODO	# TODO: Well, crap.
.venv/Lib/site-packages/pip/_vendor/urllib3/contrib/securetransport.py	829	TODO	# TODO: Update in line with above.
.venv/Lib/site-packages/pip/_vendor/urllib3/exceptions.py	289	TODO	# TODO(t-8ch): Stop inheriting from AssertionError in v2.0.
.venv/Lib/site-packages/pip/_vendor/urllib3/response.py	373	NOTE	# Note: content-encoding value should be case-insensitive, per RFC 7230
.venv/Lib/site-packages/pip/_vendor/urllib3/response.py	441	FIXME	# FIXME: Ideally we'd like to include the url in the ReadTimeoutError but
.venv/Lib/site-packages/pip/_vendor/urllib3/response.py	446	FIXME	# FIXME: Is there a better way to differentiate between SSLErrors?
.venv/Lib/site-packages/pip/_vendor/urllib3/response.py	798	FIXME	# FIXME: Rewrite this method and make it a class with a better structured logic.
.venv/Lib/site-packages/pip/_vendor/urllib3/util/response.py	103	FIXME	# FIXME: Can we do this somehow without accessing private httplib _method?
.venv/Lib/site-packages/pip/_vendor/urllib3/util/retry.py	31	TODO	# TODO: In v2 we can remove this sentinel and metaclass with deprecated options.
.venv/Lib/site-packages/pip/_vendor/urllib3/util/retry.py	261	TODO	# TODO: Deprecated, remove in v2.0
.venv/Lib/site-packages/pip/_vendor/urllib3/util/retry.py	323	TODO	# TODO: If already given in **kw we use what's given to us
.venv/Lib/site-packages/pip/_vendor/urllib3/util/retry.py	454	TODO	# TODO: For now favor if the Retry implementation sets its own method_whitelist
.venv/Lib/site-packages/pip/_vendor/urllib3/util/retry.py	608	TODO	# TODO: Remove this deprecated alias in v2.0
.venv/Lib/site-packages/pip/_vendor/urllib3/util/ssl_.py	111	NOTE	# - NOTE: TLS 1.3 cipher suites are managed through a different interface
.venv/Lib/site-packages/pip/_vendor/urllib3/util/ssl_.py	404	NOTE	# Note: This branch of code and all the variables in it are no longer
.venv/Lib/site-packages/pip/_vendor/urllib3/util/ssl_match_hostname.py	3	NOTE	# Note: This file is under the PSF license as the code comes from the python
.venv/Lib/site-packages/pip/_vendor/urllib3/util/ssl_match_hostname.py	143	XXX	# XXX according to RFC 2818, the most specific Common Name
.venv/Lib/site-packages/pip/_vendor/urllib3/util/url.py	402	TODO	# TODO: Remove this when we break backwards compatibility.
.venv/Lib/site-packages/pluggy/_callers.py	155	NOTE	# Note: close() may raise if generator handles GeneratorExit.
.venv/Lib/site-packages/pluggy/_hooks.py	411	TODO	# TODO: Document, or make private.
.venv/Lib/site-packages/pluggy/_hooks.py	417	TODO	# TODO: Document, or make private.
.venv/Lib/site-packages/pluggy/_hooks.py	421	TODO	# TODO: Document, or make private.
.venv/Lib/site-packages/pluggy/_hooks.py	582	XXX	# XXX: remember firstresult isn't compat with historic
.venv/Lib/site-packages/pluggy/_manager.py	151	XXX	# XXX if an error happens we should make sure no state has been
.venv/Lib/site-packages/pygments/formatters/html.py	274	NOTE	**Note:** with the default ("table") line number mechanism, the line
.venv/Lib/site-packages/pygments/formatters/img.py	548	TODO	# TODO: make sure tab expansion happens earlier in the chain.  It
.venv/Lib/site-packages/pygments/formatters/latex.py	334	TODO	# TODO: add support for background colors
.venv/Lib/site-packages/pygments/formatters/terminal256.py	17	TODO	# TODO:
.venv/Lib/site-packages/pygments/lexer.py	446	XXX	# XXX: cache that somehow
.venv/Lib/site-packages/pygments/lexer.py	458	XXX	# XXX: cache that somehow
.venv/Lib/site-packages/pygments/lexer.py	691	NOTE	#: again. Note that if you push while in a combined state, the combined
.venv/Lib/site-packages/pygments/lexers/ada.py	116	TODO	# TODO: use Name.Namespace if appropriate.  This needs
.venv/Lib/site-packages/pygments/lexers/arturo.py	90	NOTE	# Note: Literals can be labeled too
.venv/Lib/site-packages/pygments/lexers/arturo.py	93	NOTE	# Note: Attributes can be labeled too
.venv/Lib/site-packages/pygments/lexers/basic.py	466	XXX	# XXX: use words() here
.venv/Lib/site-packages/pygments/lexers/c_like.py	212	TODO	# TODO: "correctly" parse complex code attributes
.venv/Lib/site-packages/pygments/lexers/configs.py	558	XXX	# XXX: /integer is a subnet mark, but what is /IP ?
.venv/Lib/site-packages/pygments/lexers/configs.py	876	NOTE	# NOTE:
.venv/Lib/site-packages/pygments/lexers/configs.py	923	NOTE	# NOTE:
.venv/Lib/site-packages/pygments/lexers/configs.py	1143	NOTE	# Note that we make an effort in order to distinguish
.venv/Lib/site-packages/pygments/lexers/configs.py	1241	NOTE	# Note that unlike inline arrays, inline tables do not
.venv/Lib/site-packages/pygments/lexers/css.py	146	NOTE	# Note! Handle url(...) separately.
.venv/Lib/site-packages/pygments/lexers/css.py	555	TODO	# TODO: broken, and prone to infinite loops.
.venv/Lib/site-packages/pygments/lexers/dns.py	53	TODO	# TODO, $GENERATE https://bind9.readthedocs.io/en/v9.18.14/chapter3.html#soa-rr
.venv/Lib/site-packages/pygments/lexers/dotnet.py	558	TODO	# TODO support multiple languages within the same source file
.venv/Lib/site-packages/pygments/lexers/eiffel.py	34	NOTE	# Please note that keyword and operator are case insensitive.
.venv/Lib/site-packages/pygments/lexers/fantom.py	49	TODO	# TODO: highlight references in fandocs
.venv/Lib/site-packages/pygments/lexers/graphics.py	41	FIXME	# FIXME when e is present, no decimal point needed
.venv/Lib/site-packages/pygments/lexers/graphics.py	172	FIXME	# FIXME when e is present, no decimal point needed
.venv/Lib/site-packages/pygments/lexers/haskell.py	124	NOTE	# NOTE: the next four states are shared in the AgdaLexer; make sure
.venv/Lib/site-packages/pygments/lexers/haskell.py	256	NOTE	# NOTE: the next four states are shared in the AgdaLexer; make sure
.venv/Lib/site-packages/pygments/lexers/haskell.py	445	TODO	# TODO: these don't match the comments in docs, remove.
.venv/Lib/site-packages/pygments/lexers/html.py	56	NOTE	# note: this allows tag names not used in HTML like <x:with-dash>,
.venv/Lib/site-packages/pygments/lexers/inferno.py	85	TODO	# TODO:
.venv/Lib/site-packages/pygments/lexers/javascript.py	133	TODO	# TODO: should this include single-line comments and allow nesting strings?
.venv/Lib/site-packages/pygments/lexers/javascript.py	280	NOTE	# note that all kal strings are multi-line.
.venv/Lib/site-packages/pygments/lexers/javascript.py	390	NOTE	# note that all coffee script strings are multi-line.
.venv/Lib/site-packages/pygments/lexers/javascript.py	1094	NOTE	# note that all coffee script strings are multi-line.
.venv/Lib/site-packages/pygments/lexers/julia.py	78	NOTE	# NOTE
.venv/Lib/site-packages/pygments/lexers/julia.py	195	FIXME	# FIXME: This escape pattern is not perfect.
.venv/Lib/site-packages/pygments/lexers/jvm.py	253	NOTE	# the correct keyword. Note that soft modifiers can be followed by a
.venv/Lib/site-packages/pygments/lexers/jvm.py	886	TODO	# TODO / should divide keywords/symbols into namespace/rest
.venv/Lib/site-packages/pygments/lexers/lilypond.py	30	NOTE	# Note that many of the entities listed as LilyPond built-in keywords
.venv/Lib/site-packages/pygments/lexers/lisp.py	243	NOTE	# Functions -- note that this also catches variables
.venv/Lib/site-packages/pygments/lexers/lisp.py	2843	XXX	# XXX: gets too slow
.venv/Lib/site-packages/pygments/lexers/lisp.py	3030	XXX	# XXX: this form not usable to pass to `suffix=`
.venv/Lib/site-packages/pygments/lexers/markup.py	536	FIXME	# FIXME: aren't the offsets wrong?
.venv/Lib/site-packages/pygments/lexers/markup.py	656	TODO	# Unordered lists items, including TODO items and description items
.venv/Lib/site-packages/pygments/lexers/markup.py	672	TODO	# TODO: language-dependent syntax highlighting (see Markdown lexer)
.venv/Lib/site-packages/pygments/lexers/markup.py	998	FIXME	# FIXME: Use ABC lexer in the future
.venv/Lib/site-packages/pygments/lexers/meson.py	27	TODO	# TODO String interpolation @VARNAME@ inner matches
.venv/Lib/site-packages/pygments/lexers/meson.py	28	TODO	# TODO keyword_arg: value inner matches
.venv/Lib/site-packages/pygments/lexers/minecraft.py	79	NOTE	#  note: stringified keys still work
.venv/Lib/site-packages/pygments/lexers/mips.py	28	TODO	# TODO: add '*.s' and '*.asm', which will require designing an analyse_text
.venv/Lib/site-packages/pygments/lexers/ml.py	659	NOTE	# note that this function would be not work if the source
.venv/Lib/site-packages/pygments/lexers/mojo.py	702	TODO	# TODO supported?
.venv/Lib/site-packages/pygments/lexers/nix.py	123	TODO	# TODO: we should probably escape also here ''${ \${
.venv/Lib/site-packages/pygments/lexers/nix.py	135	TODO	# TODO: let/in
.venv/Lib/site-packages/pygments/lexers/oberon.py	50	TODO	# TODO: nested comments (* (* ... *) ... (* ... *) *) not supported!
.venv/Lib/site-packages/pygments/lexers/objective.py	37	NOTE	# (note the identifier is *optional* when there is a ':'!)
.venv/Lib/site-packages/pygments/lexers/objective.py	130	TODO	# TODO unsure if ellipses are allowed elsewhere, see
.venv/Lib/site-packages/pygments/lexers/ooc.py	45	NOTE	# Note: %= not listed on https://ooc-lang.github.io/docs/lang/operators/
.venv/Lib/site-packages/pygments/lexers/parsers.py	396	TODO	# TODO finish implementing other possibilities for scope
.venv/Lib/site-packages/pygments/lexers/pascal.py	102	XXX	# XXX: those aren't global. but currently we know no way for defining
.venv/Lib/site-packages/pygments/lexers/perl.py	35	TODO	# TODO: give this to a perl guy who knows how to parse perl...
.venv/Lib/site-packages/pygments/lexers/perl.py	691	XXX	# XXX handle block comments
.venv/Lib/site-packages/pygments/lexers/phix.py	38	NOTE	# Note these lists are auto-generated by pwa/p2js.exw, when pwa\src\p2js_keywords.e (etc)
.venv/Lib/site-packages/pygments/lexers/php.py	175	NOTE	# Note that a backslash is included, PHP uses a backslash as a namespace
.venv/Lib/site-packages/pygments/lexers/python.py	715	TODO	# different tokens.  TODO: DelegatingLexer should support this
.venv/Lib/site-packages/pygments/lexers/rnc.py	36	TODO	# TODO single quoted strings and escape sequences outside of
.venv/Lib/site-packages/pygments/lexers/sas.py	149	NOTE	# Special highlight for put NOTE|ERROR|WARNING (order matters)
.venv/Lib/site-packages/pygments/lexers/scripting.py	736	XXX	# XXX: use words() for all of these
.venv/Lib/site-packages/pygments/lexers/scripting.py	1304	NOTE	# Note: We cannot use r'\b' at the start and end of keywords because
.venv/Lib/site-packages/pygments/lexers/scripting.py	1469	NOTE	# Note: PARAM is not a proper English word, so this is
.venv/Lib/site-packages/pygments/lexers/scripting.py	1502	TODO	# TODO: JES3 statement
.venv/Lib/site-packages/pygments/lexers/sql.py	150	TODO	# TODO: better logging
.venv/Lib/site-packages/pygments/lexers/sql.py	223	FIXME	# FIXME: use inheritance
.venv/Lib/site-packages/pygments/lexers/sql.py	347	TODO	# TODO: better handle multiline comments at the end with
.venv/Lib/site-packages/pygments/lexers/sql.py	588	TODO	# TODO: Backslash escapes?
.venv/Lib/site-packages/pygments/lexers/sql.py	780	NOTE	# Note: Although the first regex supports unquoted all-numeric
.venv/Lib/site-packages/pygments/lexers/sql.py	962	NOTE	# Note: Although the first regex supports unquoted all-numeric
.venv/Lib/site-packages/pygments/lexers/stata.py	87	NOTE	# `"compound string"' and regular "string"; note the former are
.venv/Lib/site-packages/pygments/lexers/stata.py	117	NOTE	# A global is more restricted, so we do follow rules. Note only
.venv/Lib/site-packages/pygments/lexers/tablegen.py	124	NOTE	# Binary/hex numbers. Note that these take priority over names,
.venv/Lib/site-packages/pygments/lexers/templates.py	755	TODO	# TODO support other Python syntax like $foo['bar']
.venv/Lib/site-packages/pygments/lexers/templates.py	1403	FIXME	# FIXME: I want to make these keywords but still parse attributes.
.venv/Lib/site-packages/pygments/lexers/templates.py	1411	NOTE	# note: '\w\W' != '.' without DOTALL.
.venv/Lib/site-packages/pygments/lexers/templates.py	1704	NOTE	# note: '\w\W' != '.' without DOTALL.
.venv/Lib/site-packages/pygments/lexers/templates.py	2168	NOTE	# Note that a backslash is included in the following two patterns
.venv/Lib/site-packages/pygments/lexers/testing.py	199	TODO	# Extract todo items.
.venv/Lib/site-packages/pygments/lexers/textedit.py	140	TODO	# TODO: regexes can have other delims
.venv/Lib/site-packages/pygments/lexers/textedit.py	191	TODO	# TODO: builtins are only subsequent tokens on lines
.venv/Lib/site-packages/pygments/lexers/textfmts.py	217	TODO	# *.todotxt is not a standard extension for Todo.txt files; including it
.venv/Lib/site-packages/pygments/lexers/textfmts.py	222	TODO	# Aliases mapping standard token types of Todo.txt format concepts
.venv/Lib/site-packages/pygments/lexers/textfmts.py	240	TODO	# TODO: Make date regex more ISO 8601 compliant
.venv/Lib/site-packages/pygments/lexers/typst.py	135	FIXME	# FIXME: make this work
.venv/Lib/site-packages/pygments/lexers/ul4.py	55	NOTE	# ``<?note?>...<?end note?>``
.venv/Lib/site-packages/pygments/lexers/ul4.py	62	NOTE	# ``<?note foobar?>``
.venv/Lib/site-packages/pygments/lexers/ul4.py	128	NOTE	# Note mode ignores everything upto the matching ``<?end note?>`` tag
.venv/Lib/site-packages/pygments/lexers/ul4.py	130	NOTE	# Nested ``<?note?>`` tag
.venv/Lib/site-packages/pygments/lexers/ul4.py	132	NOTE	# ``<?end note?>`` tag
.venv/Lib/site-packages/pygments/lexers/urbi.py	34	TODO	# TODO
.venv/Lib/site-packages/pygments/lexers/wgsl.py	390	TODO	# TODO: Treat context-depedendent names specially
.venv/Lib/site-packages/pygments/lexers/wgsl.py	396	TODO	# TODO: templates start and end tokens.
.venv/Lib/site-packages/typing_extensions.py	276	NOTE	# Note that inheriting from this class means that the object will be
.venv/Lib/site-packages/typing_extensions.py	667	NOTE	# NOTE: DO NOT call super() in any methods in this class
.venv/Lib/site-packages/typing_extensions.py	1563	NOTE	# Compare if values differ. Note that even if equal
.venv/Lib/site-packages/typing_extensions.py	3319	TODO	# TODO: Use inspect.VALUE here, and make the annotations lazily evaluated
.venv/Lib/site-packages/typing_extensions.py	3733	NOTE	# Note in <= 3.9 _ConcatenateGenericAlias inherits from list
.venv/Lib/site-packages/yaml/__init__.py	21	XXX	# XXX "Warnings control" is now deprecated. Leaving in the API function to not
.venv/Lib/site-packages/yaml/constructor.py	354	NOTE	# Note: we do not check for duplicate keys, because it's too
.venv/Lib/site-packages/yaml/constructor.py	376	NOTE	# Note: the same code as `construct_yaml_omap`.
.venv/Lib/site-packages/yaml/parser.py	466	NOTE	# Note that while production rules for both flow_sequence_entry and
.venv/Lib/site-packages/yaml/representer.py	180	NOTE	# Note that in some cases `repr(data)` represents a float number
.venv/Lib/site-packages/yaml/resolver.py	39	NOTE	# Note: `add_path_resolver` is experimental.  The API could be changed.
.venv/Lib/site-packages/yaml/scanner.py	187	TODO	# TODO: support for BOM within a stream.
.venv/Lib/site-packages/yaml/scanner.py	191	NOTE	# Note: the order of the following checks is NOT significant.
.venv/Lib/site-packages/yaml/scanner.py	413	NOTE	# Reset simple keys. Note that there could not be a block collection
.venv/Lib/site-packages/yaml/scanner.py	673	NOTE	# No simple keys after plain scalars. But note that `scan_plain` will
.venv/Lib/site-packages/yaml/scanner.py	742	NOTE	# Note that we limit the last rule to the block context (except the
.venv/Lib/site-packages/yaml/scanner.py	761	TODO	# TODO: We need to make tab handling rules more sane. A good rule is
.venv/Lib/site-packages/yaml/scanner.py	1136	NOTE	# Note that we loose indentation rules for quoted scalars. Quoted
.venv/Lib/site-packages/yaml/scanner.py	1374	NOTE	# Note: we do not check if URI is well-formed.
legacy/legacy_makefile_reference.txt	383	OPTIMIZE	# Usage: make models-optimize [VRAM=12000]
legacy/legacy_makefile_reference.txt	690	NOTE	# NOTE: Fail-on-unknown becomes enforced after Phase 3 begins (aggregate target work).
legacy/repo_tests/standards_seed.yaml	3	NOTE	# NOTE: anchors are provisional; adjust to match actual heading slugs in source docs.
que_for_integration/refactor_library/phase_1/library_README.md	155	TODO	# TODO: This function is a candidate for library extraction
que_for_integration/refactor_library/phase_1/setup_library_structure.py	85	TODO	# TODO: Function will be extracted here by automation
que_for_integration/refactor_library/phase_2/PHASE_2_QUICKSTART.md	87	REVIEW	## 📊 Review Results
que_for_integration/refactor_library/phase_2/scan_code_duplicates_USAGE.md	277	REVIEW	### Manual Review (Phase 3)
que_for_integration/refactor_library/phase_2/scan_code_duplicates_USAGE.md	283	REVIEW	# 2. Review summary
que_for_integration/refactor_library/phase_3/PHASE_3_MANUAL_EXTRACTION_GUIDE.md	25	REVIEW	### Step 1: Review Detection Report (5 min)
que_for_integration/refactor_library/phase_3/PHASE_3_MANUAL_EXTRACTION_GUIDE.md	27	REVIEW	**Action:** Locate and review the duplicate group for `_copy_latest`
que_for_integration/refactor_library/phase_3/PHASE_3_MANUAL_EXTRACTION_GUIDE.md	472	REVIEW	# Review report
que_for_integration/refactor_library/phase_3/PHASE_3_QUICKSTART.md	281	REVIEW	**Action:** Review lessons learned, redesign approach
que_for_integration/test_analyzer_concept/TEST_ANALYZER_GUIDE.md	32	REVIEW	### 3. Review the output:
