module	entity_type	qualified_name	line	reason
.repo_studios/scripts/producers/scan_monkey_patches.py	class	.repo_studios.scripts.producers.scan_monkey_patches.Paths	144	missing docstring
.repo_studios/scripts/producers/scan_monkey_patches.py	class	.repo_studios.scripts.producers.scan_monkey_patches.Options	151	missing docstring
.repo_studios/scripts/producers/scan_monkey_patches.py	class	.repo_studios.scripts.producers.scan_monkey_patches.ScanOptions	156	missing docstring
.repo_studios/scripts/producers/scan_monkey_patches.py	class	.repo_studios.scripts.producers.scan_monkey_patches.Finding	167	missing docstring
.repo_studios/scripts/producers/scan_monkey_patches.py	method	.repo_studios.scripts.producers.scan_monkey_patches.Finding.to_dict	184	missing docstring
.repo_studios/scripts/producers/scan_monkey_patches.py	method	.repo_studios.scripts.producers.scan_monkey_patches.ImportResolver.__init__	217	missing docstring
.repo_studios/scripts/producers/scan_monkey_patches.py	method	.repo_studios.scripts.producers.scan_monkey_patches.ImportResolver.visit_Import	222	missing docstring
.repo_studios/scripts/producers/scan_monkey_patches.py	method	.repo_studios.scripts.producers.scan_monkey_patches.ImportResolver.visit_ImportFrom	230	missing docstring
.repo_studios/scripts/producers/scan_monkey_patches.py	method	.repo_studios.scripts.producers.scan_monkey_patches.ScopeTracker.__init__	244	missing docstring
.repo_studios/scripts/producers/scan_monkey_patches.py	method	.repo_studios.scripts.producers.scan_monkey_patches.ScopeTracker.current	247	missing docstring
.repo_studios/scripts/producers/scan_monkey_patches.py	method	.repo_studios.scripts.producers.scan_monkey_patches.ScopeTracker.visit_FunctionDef	257	missing docstring
.repo_studios/scripts/producers/scan_monkey_patches.py	method	.repo_studios.scripts.producers.scan_monkey_patches.ScopeTracker.visit_AsyncFunctionDef	262	missing docstring
.repo_studios/scripts/producers/scan_monkey_patches.py	method	.repo_studios.scripts.producers.scan_monkey_patches.ScopeTracker.visit_ClassDef	267	missing docstring
.repo_studios/scripts/producers/scan_monkey_patches.py	function	.repo_studios.scripts.producers.scan_monkey_patches.read_lines	273	missing docstring
.repo_studios/scripts/producers/scan_monkey_patches.py	function	.repo_studios.scripts.producers.scan_monkey_patches.get_context	280	missing docstring
.repo_studios/scripts/producers/scan_monkey_patches.py	function	.repo_studios.scripts.producers.scan_monkey_patches.get_nearby_comment	287	missing docstring
.repo_studios/scripts/producers/scan_monkey_patches.py	function	.repo_studios.scripts.producers.scan_monkey_patches.is_path_in_tests	306	missing docstring
.repo_studios/scripts/producers/scan_monkey_patches.py	function	.repo_studios.scripts.producers.scan_monkey_patches.top_level_packages_default	315	missing docstring
.repo_studios/scripts/producers/scan_monkey_patches.py	function	.repo_studios.scripts.producers.scan_monkey_patches.base_module_name	334	missing docstring
.repo_studios/scripts/producers/scan_monkey_patches.py	function	.repo_studios.scripts.producers.scan_monkey_patches.dotted_name_from_attribute	340	missing docstring
.repo_studios/scripts/producers/scan_monkey_patches.py	function	.repo_studios.scripts.producers.scan_monkey_patches.is_alias_external	353	missing docstring
.repo_studios/scripts/producers/scan_monkey_patches.py	function	.repo_studios.scripts.producers.scan_monkey_patches.classify_intent	362	missing docstring
.repo_studios/scripts/producers/scan_monkey_patches.py	function	.repo_studios.scripts.producers.scan_monkey_patches.add_git_blame	380	missing docstring
.repo_studios/scripts/producers/scan_monkey_patches.py	class	.repo_studios.scripts.producers.scan_monkey_patches.MonkeyPatchScanner	418	missing docstring
.repo_studios/scripts/producers/scan_monkey_patches.py	method	.repo_studios.scripts.producers.scan_monkey_patches.MonkeyPatchScanner.__init__	419	missing docstring
.repo_studios/scripts/producers/scan_monkey_patches.py	method	.repo_studios.scripts.producers.scan_monkey_patches.MonkeyPatchScanner.generic_visit	438	missing docstring
.repo_studios/scripts/producers/scan_monkey_patches.py	method	.repo_studios.scripts.producers.scan_monkey_patches.MonkeyPatchScanner.visit_Assign	446	missing docstring
.repo_studios/scripts/producers/scan_monkey_patches.py	method	.repo_studios.scripts.producers.scan_monkey_patches.MonkeyPatchScanner.visit_AnnAssign	450	missing docstring
.repo_studios/scripts/producers/scan_monkey_patches.py	method	.repo_studios.scripts.producers.scan_monkey_patches.MonkeyPatchScanner.visit_AugAssign	454	missing docstring
.repo_studios/scripts/producers/scan_monkey_patches.py	method	.repo_studios.scripts.producers.scan_monkey_patches.MonkeyPatchScanner.visit_Call	458	missing docstring
.repo_studios/scripts/producers/scan_monkey_patches.py	method	.repo_studios.scripts.producers.scan_monkey_patches.MonkeyPatchScanner.visit_Delete	520	missing docstring
.repo_studios/scripts/producers/scan_monkey_patches.py	method	.repo_studios.scripts.producers.scan_monkey_patches.MonkeyPatchScanner.visit_FunctionDef	535	missing docstring
.repo_studios/scripts/producers/scan_monkey_patches.py	method	.repo_studios.scripts.producers.scan_monkey_patches.MonkeyPatchScanner.visit_ClassDef	551	missing docstring
.repo_studios/scripts/producers/scan_monkey_patches.py	function	.repo_studios.scripts.producers.scan_monkey_patches.scan_file	748	missing docstring
.repo_studios/scripts/producers/scan_monkey_patches.py	function	.repo_studios.scripts.producers.scan_monkey_patches.iter_python_files	807	missing docstring
.repo_studios/scripts/producers/scan_monkey_patches.py	function	.repo_studios.scripts.producers.scan_monkey_patches.augment_findings_with_git	833	missing docstring
.repo_studios/scripts/producers/scan_monkey_patches.py	function	.repo_studios.scripts.producers.scan_monkey_patches.summarize_findings	849	missing docstring
.repo_studios/scripts/producers/scan_monkey_patches.py	function	.repo_studios.scripts.producers.scan_monkey_patches.compose_payload	859	missing docstring
.repo_studios/scripts/producers/scan_monkey_patches.py	function	.repo_studios.scripts.producers.scan_monkey_patches.render_markdown_report	905	missing docstring
.repo_studios/scripts/producers/scan_monkey_patches.py	function	.repo_studios.scripts.producers.scan_monkey_patches.render_log	951	missing docstring
.repo_studios/scripts/producers/scan_monkey_patches.py	function	.repo_studios.scripts.producers.scan_monkey_patches.ensure_run_directory	968	missing docstring
.repo_studios/scripts/producers/scan_monkey_patches.py	function	.repo_studios.scripts.producers.scan_monkey_patches.write_artifacts	1067	missing docstring
.repo_studios/scripts/producers/scan_monkey_patches.py	function	.repo_studios.scripts.producers.scan_monkey_patches.prune_history	1113	missing docstring
.repo_studios/scripts/producers/scan_monkey_patches.py	function	.repo_studios.scripts.producers.scan_monkey_patches.scan_repository	1124	missing docstring
.repo_studios/scripts/producers/scan_monkey_patches.py	function	.repo_studios.scripts.producers.scan_monkey_patches.run_self_test	1152	missing docstring
.repo_studios/scripts/producers/scan_monkey_patches.py	function	.repo_studios.scripts.producers.scan_monkey_patches.parse_args	1223	missing docstring
.repo_studios/scripts/producers/scan_monkey_patches.py	function	.repo_studios.scripts.producers.scan_monkey_patches.configure_logging	1284	missing docstring
.repo_studios/scripts/producers/scan_monkey_patches.py	function	.repo_studios.scripts.producers.scan_monkey_patches.build_paths	1288	missing docstring
.repo_studios/scripts/producers/scan_monkey_patches.py	function	.repo_studios.scripts.producers.scan_monkey_patches.run	1292	missing docstring
.repo_studios/scripts/producers/scan_monkey_patches.py	function	.repo_studios.scripts.producers.scan_monkey_patches.main	1372	missing docstring
.repo_studios/scripts/producers/validate_inventory.py	class	.repo_studios.scripts.producers.validate_inventory.ValidationIssue	83	missing docstring
.repo_studios/scripts/producers/validate_inventory.py	method	.repo_studios.scripts.producers.validate_inventory.ValidationIssue.to_dict	89	missing docstring
.repo_studios/scripts/producers/validate_inventory.py	class	.repo_studios.scripts.producers.validate_inventory.ValidationReport	103	missing docstring
.repo_studios/scripts/producers/validate_inventory.py	method	.repo_studios.scripts.producers.validate_inventory.ValidationReport.add	106	missing docstring
.repo_studios/scripts/producers/validate_inventory.py	method	.repo_studios.scripts.producers.validate_inventory.ValidationReport.errors	110	missing docstring
.repo_studios/scripts/producers/validate_inventory.py	method	.repo_studios.scripts.producers.validate_inventory.ValidationReport.warnings	114	missing docstring
.repo_studios/scripts/producers/validate_inventory.py	method	.repo_studios.scripts.producers.validate_inventory.ValidationReport.to_json	117	missing docstring
.repo_studios/scripts/producers/validate_inventory.py	class	.repo_studios.scripts.producers.validate_inventory.ValidationStats	122	missing docstring
.repo_studios/scripts/producers/validate_inventory.py	method	.repo_studios.scripts.producers.validate_inventory.ValidationStats.to_dict	126	missing docstring
.repo_studios/scripts/producers/validate_inventory.py	class	.repo_studios.scripts.producers.validate_inventory.EnumRegistry	134	missing docstring
.repo_studios/scripts/producers/validate_inventory.py	method	.repo_studios.scripts.producers.validate_inventory.EnumRegistry.load	138	missing docstring
.repo_studios/scripts/producers/validate_inventory.py	method	.repo_studios.scripts.producers.validate_inventory.EnumRegistry.ensure	146	missing docstring
.repo_studios/scripts/producers/validate_inventory.py	class	.repo_studios.scripts.producers.validate_inventory.ValidatorConfig	167	missing docstring
.repo_studios/scripts/producers/validate_inventory.py	method	.repo_studios.scripts.producers.validate_inventory.ValidatorConfig.load	174	missing docstring
.repo_studios/scripts/producers/validate_inventory.py	method	.repo_studios.scripts.producers.validate_inventory.ValidatorConfig.is_suppressed	193	missing docstring
.repo_studios/scripts/producers/validate_inventory.py	function	.repo_studios.scripts.producers.validate_inventory.update_latest_artifacts	229	missing docstring
.repo_studios/scripts/producers/validate_inventory.py	function	.repo_studios.scripts.producers.validate_inventory.prune_history	240	missing docstring
.repo_studios/scripts/producers/validate_inventory.py	function	.repo_studios.scripts.producers.validate_inventory.iterate_inventory_files	281	missing docstring
.repo_studios/scripts/producers/validate_inventory.py	function	.repo_studios.scripts.producers.validate_inventory.validate_record	393	missing docstring
.repo_studios/scripts/producers/validate_inventory.py	function	.repo_studios.scripts.producers.validate_inventory.validate_file	409	missing docstring
.repo_studios/scripts/producers/validate_inventory.py	function	.repo_studios.scripts.producers.validate_inventory.render_markdown	449	missing docstring
.repo_studios/scripts/producers/validate_inventory.py	function	.repo_studios.scripts.producers.validate_inventory.render_log	468	missing docstring
.repo_studios/scripts/producers/validate_inventory.py	function	.repo_studios.scripts.producers.validate_inventory.write_run_artifacts	486	missing docstring
.repo_studios/scripts/producers/validate_inventory.py	function	.repo_studios.scripts.producers.validate_inventory.compose_payload	493	missing docstring
.repo_studios/scripts/producers/validate_inventory.py	function	.repo_studios.scripts.producers.validate_inventory.compose_raw_payload	531	missing docstring
.repo_studios/scripts/producers/validate_inventory.py	function	.repo_studios.scripts.producers.validate_inventory.build_parser	545	missing docstring
.repo_studios/scripts/producers/validate_inventory.py	class	.repo_studios.scripts.producers.validate_inventory.Paths	570	missing docstring
.repo_studios/scripts/producers/validate_inventory.py	class	.repo_studios.scripts.producers.validate_inventory.BasePaths	579	missing docstring
.repo_studios/scripts/producers/validate_inventory.py	class	.repo_studios.scripts.producers.validate_inventory.Options	586	missing docstring
.repo_studios/scripts/producers/validate_inventory.py	class	.repo_studios.scripts.producers.validate_inventory.KeepOptions	621	missing docstring
.repo_studios/scripts/producers/validate_inventory.py	function	.repo_studios.scripts.producers.validate_inventory.build_paths	646	missing docstring
.repo_studios/scripts/producers/validate_inventory.py	function	.repo_studios.scripts.producers.validate_inventory.build_options	684	missing docstring
.repo_studios/scripts/producers/validate_inventory.py	function	.repo_studios.scripts.producers.validate_inventory.main	694	missing docstring
.repo_studios/scripts/producers/generate_anchor_inventory.py	class	.repo_studios.scripts.producers.generate_anchor_inventory.Paths	57	missing docstring
.repo_studios/scripts/producers/generate_anchor_inventory.py	class	.repo_studios.scripts.producers.generate_anchor_inventory.Options	64	missing docstring
.repo_studios/scripts/producers/generate_anchor_inventory.py	function	.repo_studios.scripts.producers.generate_anchor_inventory.slugify	91	missing docstring
.repo_studios/scripts/producers/generate_anchor_inventory.py	function	.repo_studios.scripts.producers.generate_anchor_inventory.iter_markdown_files	100	missing docstring
.repo_studios/scripts/producers/generate_anchor_inventory.py	class	.repo_studios.scripts.producers.generate_anchor_inventory.SlugStat	108	missing docstring
.repo_studios/scripts/producers/generate_anchor_inventory.py	class	.repo_studios.scripts.producers.generate_anchor_inventory.DocumentSummary	120	missing docstring
.repo_studios/scripts/producers/generate_anchor_inventory.py	method	.repo_studios.scripts.producers.generate_anchor_inventory.DocumentSummary.heading_count	126	missing docstring
.repo_studios/scripts/producers/generate_anchor_inventory.py	method	.repo_studios.scripts.producers.generate_anchor_inventory.DocumentSummary.unique_slugs	129	missing docstring
.repo_studios/scripts/producers/generate_anchor_inventory.py	method	.repo_studios.scripts.producers.generate_anchor_inventory.DocumentSummary.duplicate_slugs	132	missing docstring
.repo_studios/scripts/producers/generate_anchor_inventory.py	method	.repo_studios.scripts.producers.generate_anchor_inventory.DocumentSummary.missing_h1	135	missing docstring
.repo_studios/scripts/producers/generate_anchor_inventory.py	method	.repo_studios.scripts.producers.generate_anchor_inventory.DocumentSummary.missing_h2	138	missing docstring
.repo_studios/scripts/producers/generate_anchor_inventory.py	function	.repo_studios.scripts.producers.generate_anchor_inventory.collect	208	missing docstring
.repo_studios/scripts/producers/generate_anchor_inventory.py	function	.repo_studios.scripts.producers.generate_anchor_inventory.parse_args	238	missing docstring
.repo_studios/scripts/producers/generate_anchor_inventory.py	function	.repo_studios.scripts.producers.generate_anchor_inventory.extract_test_allowlist_size	276	missing docstring
.repo_studios/scripts/producers/generate_anchor_inventory.py	function	.repo_studios.scripts.producers.generate_anchor_inventory.build_summary	296	missing docstring
.repo_studios/scripts/producers/generate_anchor_inventory.py	function	.repo_studios.scripts.producers.generate_anchor_inventory.build_cross_file_duplicates	327	missing docstring
.repo_studios/scripts/producers/generate_anchor_inventory.py	function	.repo_studios.scripts.producers.generate_anchor_inventory.build_cross_file_membership	333	missing docstring
.repo_studios/scripts/producers/generate_anchor_inventory.py	function	.repo_studios.scripts.producers.generate_anchor_inventory.build_document_payload	343	missing docstring
.repo_studios/scripts/producers/generate_anchor_inventory.py	function	.repo_studios.scripts.producers.generate_anchor_inventory.build_report	368	missing docstring
.repo_studios/scripts/producers/generate_anchor_inventory.py	function	.repo_studios.scripts.producers.generate_anchor_inventory.render_markdown	398	missing docstring
.repo_studios/scripts/producers/generate_anchor_inventory.py	function	.repo_studios.scripts.producers.generate_anchor_inventory.render_tsv	499	missing docstring
.repo_studios/scripts/producers/generate_anchor_inventory.py	function	.repo_studios.scripts.producers.generate_anchor_inventory.render_documents_csv	508	missing docstring
.repo_studios/scripts/producers/generate_anchor_inventory.py	function	.repo_studios.scripts.producers.generate_anchor_inventory.emit_summary_log	539	missing docstring
.repo_studios/scripts/producers/generate_anchor_inventory.py	function	.repo_studios.scripts.producers.generate_anchor_inventory.load_allow_set	583	missing docstring
.repo_studios/scripts/producers/generate_anchor_inventory.py	function	.repo_studios.scripts.producers.generate_anchor_inventory.maybe_write_legacy_json	602	missing docstring
.repo_studios/scripts/producers/generate_anchor_inventory.py	function	.repo_studios.scripts.producers.generate_anchor_inventory.run	610	missing docstring
.repo_studios/scripts/producers/generate_anchor_inventory.py	function	.repo_studios.scripts.producers.generate_anchor_inventory.main	718	missing docstring
.repo_studios/command_center/scripts/aggregators/scan_duplicates.py	method	.repo_studios.command_center.scripts.aggregators.scan_duplicates.FunctionInfo.to_occurrence	95	missing docstring
.repo_studios/command_center/scripts/aggregators/scan_duplicates.py	function	.repo_studios.command_center.scripts.aggregators.scan_duplicates.parse_args	175	missing docstring
.repo_studios/command_center/scripts/aggregators/scan_duplicates.py	function	.repo_studios.command_center.scripts.aggregators.scan_duplicates.configure_logging	241	missing docstring
.repo_studios/command_center/scripts/aggregators/scan_duplicates.py	function	.repo_studios.command_center.scripts.aggregators.scan_duplicates.build_paths	245	missing docstring
.repo_studios/command_center/scripts/aggregators/scan_duplicates.py	function	.repo_studios.command_center.scripts.aggregators.scan_duplicates.build_options	267	missing docstring
.repo_studios/command_center/scripts/aggregators/scan_duplicates.py	function	.repo_studios.command_center.scripts.aggregators.scan_duplicates.orchestrate_upstream	349	missing docstring
.repo_studios/command_center/scripts/aggregators/scan_duplicates.py	method	.repo_studios.command_center.scripts.aggregators.scan_duplicates.FunctionExtractor.__init__	380	missing docstring
.repo_studios/command_center/scripts/aggregators/scan_duplicates.py	method	.repo_studios.command_center.scripts.aggregators.scan_duplicates.FunctionExtractor.visit_FunctionDef	387	missing docstring
.repo_studios/command_center/scripts/aggregators/scan_duplicates.py	method	.repo_studios.command_center.scripts.aggregators.scan_duplicates.FunctionExtractor.visit_AsyncFunctionDef	391	missing docstring
.repo_studios/command_center/scripts/aggregators/scan_duplicates.py	function	.repo_studios.command_center.scripts.aggregators.scan_duplicates.scan_python_files	442	missing docstring
.repo_studios/command_center/scripts/aggregators/scan_duplicates.py	function	.repo_studios.command_center.scripts.aggregators.scan_duplicates.extract_functions_from_file	456	missing docstring
.repo_studios/command_center/scripts/aggregators/scan_duplicates.py	function	.repo_studios.command_center.scripts.aggregators.scan_duplicates.compute_ast_similarity	468	missing docstring
.repo_studios/command_center/scripts/aggregators/scan_duplicates.py	function	.repo_studios.command_center.scripts.aggregators.scan_duplicates.group_duplicates	505	missing docstring
.repo_studios/command_center/scripts/aggregators/scan_duplicates.py	function	.repo_studios.command_center.scripts.aggregators.scan_duplicates.build_duplicate_groups	538	missing docstring
.repo_studios/command_center/scripts/aggregators/scan_duplicates.py	function	.repo_studios.command_center.scripts.aggregators.scan_duplicates.locate_analysis	589	missing docstring
.repo_studios/command_center/scripts/aggregators/scan_duplicates.py	function	.repo_studios.command_center.scripts.aggregators.scan_duplicates.load_source_duplicates	604	missing docstring
.repo_studios/command_center/scripts/aggregators/scan_duplicates.py	function	.repo_studios.command_center.scripts.aggregators.scan_duplicates.merge_duplicates	632	missing docstring
.repo_studios/command_center/scripts/aggregators/scan_duplicates.py	function	.repo_studios.command_center.scripts.aggregators.scan_duplicates.generate_summary	769	missing docstring
.repo_studios/command_center/scripts/aggregators/scan_duplicates.py	function	.repo_studios.command_center.scripts.aggregators.scan_duplicates.scan_target	838	missing docstring
.repo_studios/command_center/scripts/aggregators/scan_duplicates.py	function	.repo_studios.command_center.scripts.aggregators.scan_duplicates.compose_payload	855	missing docstring
.repo_studios/command_center/scripts/aggregators/scan_duplicates.py	function	.repo_studios.command_center.scripts.aggregators.scan_duplicates.write_outputs	912	missing docstring
.repo_studios/command_center/scripts/aggregators/scan_duplicates.py	function	.repo_studios.command_center.scripts.aggregators.scan_duplicates.run	964	missing docstring
.repo_studios/command_center/scripts/aggregators/scan_duplicates.py	function	.repo_studios.command_center.scripts.aggregators.scan_duplicates.main	1009	missing docstring
.repo_studios/scripts/producers/scan_code_placeholders.py	class	.repo_studios.scripts.producers.scan_code_placeholders.Paths	67	missing docstring
.repo_studios/scripts/producers/scan_code_placeholders.py	class	.repo_studios.scripts.producers.scan_code_placeholders.ScanOptions	74	missing docstring
.repo_studios/scripts/producers/scan_code_placeholders.py	class	.repo_studios.scripts.producers.scan_code_placeholders.Options	84	missing docstring
.repo_studios/scripts/producers/scan_code_placeholders.py	class	.repo_studios.scripts.producers.scan_code_placeholders.PlaceholderRecord	117	missing docstring
.repo_studios/scripts/producers/scan_code_placeholders.py	method	.repo_studios.scripts.producers.scan_code_placeholders.PlaceholderRecord.to_dict	124	missing docstring
.repo_studios/scripts/producers/scan_code_placeholders.py	function	.repo_studios.scripts.producers.scan_code_placeholders.parse_args	134	missing docstring
.repo_studios/scripts/producers/scan_code_placeholders.py	function	.repo_studios.scripts.producers.scan_code_placeholders.build_paths	185	missing docstring
.repo_studios/scripts/producers/scan_code_placeholders.py	function	.repo_studios.scripts.producers.scan_code_placeholders.load_allowlist	189	missing docstring
.repo_studios/scripts/producers/scan_code_placeholders.py	function	.repo_studios.scripts.producers.scan_code_placeholders.normalize_patterns	213	missing docstring
.repo_studios/scripts/producers/scan_code_placeholders.py	function	.repo_studios.scripts.producers.scan_code_placeholders.normalize_extensions	220	missing docstring
.repo_studios/scripts/producers/scan_code_placeholders.py	function	.repo_studios.scripts.producers.scan_code_placeholders.normalize_exclude_prefixes	230	missing docstring
.repo_studios/scripts/producers/scan_code_placeholders.py	function	.repo_studios.scripts.producers.scan_code_placeholders.compile_pattern_regex	256	missing docstring
.repo_studios/scripts/producers/scan_code_placeholders.py	function	.repo_studios.scripts.producers.scan_code_placeholders.scan_placeholders	263	missing docstring
.repo_studios/scripts/producers/scan_code_placeholders.py	function	.repo_studios.scripts.producers.scan_code_placeholders.compose_payload	328	missing docstring
.repo_studios/scripts/producers/scan_code_placeholders.py	function	.repo_studios.scripts.producers.scan_code_placeholders.render_markdown_report	360	missing docstring
.repo_studios/scripts/producers/scan_code_placeholders.py	function	.repo_studios.scripts.producers.scan_code_placeholders.render_log	390	missing docstring
.repo_studios/scripts/producers/scan_code_placeholders.py	function	.repo_studios.scripts.producers.scan_code_placeholders.ensure_run_directory	406	missing docstring
.repo_studios/scripts/producers/scan_code_placeholders.py	function	.repo_studios.scripts.producers.scan_code_placeholders.write_artifacts	412	missing docstring
.repo_studios/scripts/producers/scan_code_placeholders.py	function	.repo_studios.scripts.producers.scan_code_placeholders.prune_history	453	missing docstring
.repo_studios/scripts/producers/scan_code_placeholders.py	function	.repo_studios.scripts.producers.scan_code_placeholders.configure_logging	470	missing docstring
.repo_studios/scripts/producers/scan_code_placeholders.py	function	.repo_studios.scripts.producers.scan_code_placeholders.run	474	missing docstring
.repo_studios/scripts/producers/scan_code_placeholders.py	function	.repo_studios.scripts.producers.scan_code_placeholders.main	528	missing docstring
.repo_studios/scripts/producers/seed_standards_prompts.py	class	.repo_studios.scripts.producers.seed_standards_prompts.Paths	55	missing docstring
.repo_studios/scripts/producers/seed_standards_prompts.py	class	.repo_studios.scripts.producers.seed_standards_prompts.Options	62	missing docstring
.repo_studios/scripts/producers/seed_standards_prompts.py	class	.repo_studios.scripts.producers.seed_standards_prompts.KeepOptions	93	missing docstring
.repo_studios/scripts/producers/seed_standards_prompts.py	function	.repo_studios.scripts.producers.seed_standards_prompts.parse_args	103	missing docstring
.repo_studios/scripts/producers/seed_standards_prompts.py	function	.repo_studios.scripts.producers.seed_standards_prompts.configure_logging	151	missing docstring
.repo_studios/scripts/producers/seed_standards_prompts.py	function	.repo_studios.scripts.producers.seed_standards_prompts.build_paths	155	missing docstring
.repo_studios/scripts/producers/seed_standards_prompts.py	function	.repo_studios.scripts.producers.seed_standards_prompts.build_options	170	missing docstring
.repo_studios/scripts/producers/seed_standards_prompts.py	function	.repo_studios.scripts.producers.seed_standards_prompts.load_index	184	missing docstring
.repo_studios/scripts/producers/seed_standards_prompts.py	function	.repo_studios.scripts.producers.seed_standards_prompts.build_seed	192	missing docstring
.repo_studios/scripts/producers/seed_standards_prompts.py	function	.repo_studios.scripts.producers.seed_standards_prompts.summarize_seed	217	missing docstring
.repo_studios/scripts/producers/seed_standards_prompts.py	function	.repo_studios.scripts.producers.seed_standards_prompts.render_seed	245	missing docstring
.repo_studios/scripts/producers/seed_standards_prompts.py	function	.repo_studios.scripts.producers.seed_standards_prompts.ensure_run_directory	262	missing docstring
.repo_studios/scripts/producers/seed_standards_prompts.py	function	.repo_studios.scripts.producers.seed_standards_prompts.write_seed_files	268	missing docstring
.repo_studios/scripts/producers/seed_standards_prompts.py	function	.repo_studios.scripts.producers.seed_standards_prompts.render_markdown_report	283	missing docstring
.repo_studios/scripts/producers/seed_standards_prompts.py	function	.repo_studios.scripts.producers.seed_standards_prompts.render_log	315	missing docstring
.repo_studios/scripts/producers/seed_standards_prompts.py	function	.repo_studios.scripts.producers.seed_standards_prompts.write_artifacts	348	missing docstring
.repo_studios/scripts/producers/seed_standards_prompts.py	function	.repo_studios.scripts.producers.seed_standards_prompts.prune_history	370	missing docstring
.repo_studios/scripts/producers/seed_standards_prompts.py	function	.repo_studios.scripts.producers.seed_standards_prompts.emit_legacy_output	387	missing docstring
.repo_studios/scripts/producers/seed_standards_prompts.py	function	.repo_studios.scripts.producers.seed_standards_prompts.compose_payload	400	missing docstring
.repo_studios/scripts/producers/seed_standards_prompts.py	function	.repo_studios.scripts.producers.seed_standards_prompts.run	425	missing docstring
.repo_studios/scripts/producers/seed_standards_prompts.py	function	.repo_studios.scripts.producers.seed_standards_prompts.main	477	missing docstring
.repo_studios/command_center/scripts/producers/generate_commandview_inventory.py	class	.repo_studios.command_center.scripts.producers.generate_commandview_inventory.Paths	739	missing docstring
.repo_studios/command_center/scripts/producers/generate_commandview_inventory.py	class	.repo_studios.command_center.scripts.producers.generate_commandview_inventory.Options	747	missing docstring
.repo_studios/command_center/scripts/producers/generate_commandview_inventory.py	class	.repo_studios.command_center.scripts.producers.generate_commandview_inventory.CoverageInfo	754	missing docstring
.repo_studios/command_center/scripts/producers/generate_commandview_inventory.py	class	.repo_studios.command_center.scripts.producers.generate_commandview_inventory.CoverageIndex	761	missing docstring
.repo_studios/command_center/scripts/producers/generate_commandview_inventory.py	method	.repo_studios.command_center.scripts.producers.generate_commandview_inventory.CoverageIndex.__init__	762	missing docstring
.repo_studios/command_center/scripts/producers/generate_commandview_inventory.py	method	.repo_studios.command_center.scripts.producers.generate_commandview_inventory.CoverageIndex.register	769	missing docstring
.repo_studios/command_center/scripts/producers/generate_commandview_inventory.py	method	.repo_studios.command_center.scripts.producers.generate_commandview_inventory.CoverageIndex.get	796	missing docstring
.repo_studios/command_center/scripts/producers/generate_commandview_inventory.py	function	.repo_studios.command_center.scripts.producers.generate_commandview_inventory.parse_args	809	missing docstring
.repo_studios/command_center/scripts/producers/generate_commandview_inventory.py	function	.repo_studios.command_center.scripts.producers.generate_commandview_inventory.build_paths	854	missing docstring
.repo_studios/command_center/scripts/producers/generate_commandview_inventory.py	function	.repo_studios.command_center.scripts.producers.generate_commandview_inventory.build_options	886	missing docstring
.repo_studios/command_center/scripts/producers/generate_commandview_inventory.py	function	.repo_studios.command_center.scripts.producers.generate_commandview_inventory.configure_logging	891	missing docstring
.repo_studios/command_center/scripts/producers/generate_commandview_inventory.py	function	.repo_studios.command_center.scripts.producers.generate_commandview_inventory.load_coverage_reports	895	missing docstring
.repo_studios/command_center/scripts/producers/generate_commandview_inventory.py	function	.repo_studios.command_center.scripts.producers.generate_commandview_inventory.attach_git_churn	1007	missing docstring
.repo_studios/command_center/scripts/producers/generate_commandview_inventory.py	function	.repo_studios.command_center.scripts.producers.generate_commandview_inventory.discover_python_files	1068	missing docstring
.repo_studios/command_center/scripts/producers/generate_commandview_inventory.py	function	.repo_studios.command_center.scripts.producers.generate_commandview_inventory.analyze_python_file	2187	missing docstring
.repo_studios/command_center/scripts/producers/generate_commandview_inventory.py	function	.repo_studios.command_center.scripts.producers.generate_commandview_inventory.compose_inventory	2388	missing docstring
.repo_studios/command_center/scripts/producers/generate_commandview_inventory.py	function	.repo_studios.command_center.scripts.producers.generate_commandview_inventory.build_screening_summary	2739	missing docstring
.repo_studios/command_center/scripts/producers/generate_commandview_inventory.py	function	.repo_studios.command_center.scripts.producers.generate_commandview_inventory.write_inventory	2894	missing docstring
.repo_studios/command_center/scripts/producers/generate_commandview_inventory.py	function	.repo_studios.command_center.scripts.producers.generate_commandview_inventory.run	2908	missing docstring
.repo_studios/command_center/scripts/producers/generate_commandview_inventory.py	function	.repo_studios.command_center.scripts.producers.generate_commandview_inventory.main	2966	missing docstring
.repo_studios/scripts/producers/analyze_test_hardening.py	class	.repo_studios.scripts.producers.analyze_test_hardening.Paths	52	missing docstring
.repo_studios/scripts/producers/analyze_test_hardening.py	class	.repo_studios.scripts.producers.analyze_test_hardening.Options	58	missing docstring
.repo_studios/scripts/producers/analyze_test_hardening.py	class	.repo_studios.scripts.producers.analyze_test_hardening.TestIssue	86	missing docstring
.repo_studios/scripts/producers/analyze_test_hardening.py	class	.repo_studios.scripts.producers.analyze_test_hardening.TestFileAnalysis	94	missing docstring
.repo_studios/scripts/producers/analyze_test_hardening.py	method	.repo_studios.scripts.producers.analyze_test_hardening.TestFileAnalysis.severity_counts	103	missing docstring
.repo_studios/scripts/producers/analyze_test_hardening.py	method	.repo_studios.scripts.producers.analyze_test_hardening.TestFileAnalysis.priority_score	111	missing docstring
.repo_studios/scripts/producers/analyze_test_hardening.py	function	.repo_studios.scripts.producers.analyze_test_hardening.parse_args	116	missing docstring
.repo_studios/scripts/producers/analyze_test_hardening.py	function	.repo_studios.scripts.producers.analyze_test_hardening.build_paths	142	missing docstring
.repo_studios/scripts/producers/analyze_test_hardening.py	function	.repo_studios.scripts.producers.analyze_test_hardening.build_options	146	missing docstring
.repo_studios/scripts/producers/analyze_test_hardening.py	function	.repo_studios.scripts.producers.analyze_test_hardening.configure_logging	151	missing docstring
.repo_studios/scripts/producers/analyze_test_hardening.py	function	.repo_studios.scripts.producers.analyze_test_hardening.discover_test_files	155	missing docstring
.repo_studios/scripts/producers/analyze_test_hardening.py	function	.repo_studios.scripts.producers.analyze_test_hardening.analyze_file	168	missing docstring
.repo_studios/scripts/producers/analyze_test_hardening.py	function	.repo_studios.scripts.producers.analyze_test_hardening.analyze_all	390	missing docstring
.repo_studios/scripts/producers/analyze_test_hardening.py	function	.repo_studios.scripts.producers.analyze_test_hardening.compose_payload	402	missing docstring
.repo_studios/scripts/producers/analyze_test_hardening.py	function	.repo_studios.scripts.producers.analyze_test_hardening.render_markdown_report	487	missing docstring
.repo_studios/scripts/producers/analyze_test_hardening.py	function	.repo_studios.scripts.producers.analyze_test_hardening.render_log	559	missing docstring
.repo_studios/scripts/producers/analyze_test_hardening.py	function	.repo_studios.scripts.producers.analyze_test_hardening.write_artifacts	575	missing docstring
.repo_studios/scripts/producers/analyze_test_hardening.py	function	.repo_studios.scripts.producers.analyze_test_hardening.prune_history	607	missing docstring
.repo_studios/scripts/producers/analyze_test_hardening.py	function	.repo_studios.scripts.producers.analyze_test_hardening.run	631	missing docstring
.repo_studios/scripts/producers/analyze_test_hardening.py	function	.repo_studios.scripts.producers.analyze_test_hardening.main	653	missing docstring
.repo_studios/scripts/producers/render_inventory_views.py	class	.repo_studios.scripts.producers.render_inventory_views.ViewBundle	57	missing docstring
.repo_studios/scripts/producers/render_inventory_views.py	function	.repo_studios.scripts.producers.render_inventory_views.load_inventory	89	missing docstring
.repo_studios/scripts/producers/render_inventory_views.py	function	.repo_studios.scripts.producers.render_inventory_views.docs_view	108	missing docstring
.repo_studios/scripts/producers/render_inventory_views.py	function	.repo_studios.scripts.producers.render_inventory_views.scripts_view	128	missing docstring
.repo_studios/scripts/producers/render_inventory_views.py	function	.repo_studios.scripts.producers.render_inventory_views.tests_view	149	missing docstring
.repo_studios/scripts/producers/render_inventory_views.py	function	.repo_studios.scripts.producers.render_inventory_views.summary_view	167	missing docstring
.repo_studios/scripts/producers/render_inventory_views.py	function	.repo_studios.scripts.producers.render_inventory_views.summary_dashboard	201	missing docstring
.repo_studios/scripts/producers/render_inventory_views.py	function	.repo_studios.scripts.producers.render_inventory_views.build_views	219	missing docstring
.repo_studios/scripts/producers/render_inventory_views.py	function	.repo_studios.scripts.producers.render_inventory_views.write_yaml	229	missing docstring
.repo_studios/scripts/producers/render_inventory_views.py	function	.repo_studios.scripts.producers.render_inventory_views.write_json	234	missing docstring
.repo_studios/scripts/producers/render_inventory_views.py	function	.repo_studios.scripts.producers.render_inventory_views.ensure_report_topics	238	missing docstring
.repo_studios/scripts/producers/render_inventory_views.py	function	.repo_studios.scripts.producers.render_inventory_views.write_stub	259	missing docstring
.repo_studios/scripts/producers/render_inventory_views.py	function	.repo_studios.scripts.producers.render_inventory_views.compose_report_payload	276	missing docstring
.repo_studios/scripts/producers/render_inventory_views.py	function	.repo_studios.scripts.producers.render_inventory_views.render_markdown	334	missing docstring
.repo_studios/scripts/producers/render_inventory_views.py	function	.repo_studios.scripts.producers.render_inventory_views.render_log	364	missing docstring
.repo_studios/scripts/producers/render_inventory_views.py	class	.repo_studios.scripts.producers.render_inventory_views.Paths	401	missing docstring
.repo_studios/scripts/producers/render_inventory_views.py	class	.repo_studios.scripts.producers.render_inventory_views.Options	409	missing docstring
.repo_studios/scripts/producers/render_inventory_views.py	function	.repo_studios.scripts.producers.render_inventory_views.build_paths	441	missing docstring
.repo_studios/scripts/producers/render_inventory_views.py	function	.repo_studios.scripts.producers.render_inventory_views.build_options	445	missing docstring
.repo_studios/scripts/producers/render_inventory_views.py	function	.repo_studios.scripts.producers.render_inventory_views.main	453	missing docstring
.repo_studios/scripts/producers/verify_docs_integrity.py	class	.repo_studios.scripts.producers.verify_docs_integrity.JsonBlockResult	56	missing docstring
.repo_studios/scripts/producers/verify_docs_integrity.py	class	.repo_studios.scripts.producers.verify_docs_integrity.Paths	64	missing docstring
.repo_studios/scripts/producers/verify_docs_integrity.py	class	.repo_studios.scripts.producers.verify_docs_integrity.Options	71	missing docstring
.repo_studios/scripts/producers/verify_docs_integrity.py	class	.repo_studios.scripts.producers.verify_docs_integrity.DocumentProcessingResult	106	missing docstring
.repo_studios/scripts/producers/verify_docs_integrity.py	class	.repo_studios.scripts.producers.verify_docs_integrity.VerificationOutcome	116	missing docstring
.repo_studios/scripts/producers/verify_docs_integrity.py	function	.repo_studios.scripts.producers.verify_docs_integrity.parse_args	128	missing docstring
.repo_studios/scripts/producers/verify_docs_integrity.py	function	.repo_studios.scripts.producers.verify_docs_integrity.configure_logging	172	missing docstring
.repo_studios/scripts/producers/verify_docs_integrity.py	function	.repo_studios.scripts.producers.verify_docs_integrity.build_paths	176	missing docstring
.repo_studios/scripts/producers/verify_docs_integrity.py	function	.repo_studios.scripts.producers.verify_docs_integrity.build_options	180	missing docstring
.repo_studios/scripts/producers/verify_docs_integrity.py	function	.repo_studios.scripts.producers.verify_docs_integrity.compute_exit_codes_hash	205	missing docstring
.repo_studios/scripts/producers/verify_docs_integrity.py	function	.repo_studios.scripts.producers.verify_docs_integrity.process_file	234	missing docstring
.repo_studios/scripts/producers/verify_docs_integrity.py	function	.repo_studios.scripts.producers.verify_docs_integrity.regenerate_index_table	261	missing docstring
.repo_studios/scripts/producers/verify_docs_integrity.py	function	.repo_studios.scripts.producers.verify_docs_integrity.verify_all	345	missing docstring
.repo_studios/scripts/producers/verify_docs_integrity.py	function	.repo_studios.scripts.producers.verify_docs_integrity.compose_payload	396	missing docstring
.repo_studios/scripts/producers/verify_docs_integrity.py	function	.repo_studios.scripts.producers.verify_docs_integrity.render_markdown_report	471	missing docstring
.repo_studios/scripts/producers/verify_docs_integrity.py	function	.repo_studios.scripts.producers.verify_docs_integrity.render_log	502	missing docstring
.repo_studios/scripts/producers/verify_docs_integrity.py	function	.repo_studios.scripts.producers.verify_docs_integrity.write_artifacts	520	missing docstring
.repo_studios/scripts/producers/verify_docs_integrity.py	function	.repo_studios.scripts.producers.verify_docs_integrity.prune_history	552	missing docstring
.repo_studios/scripts/producers/verify_docs_integrity.py	function	.repo_studios.scripts.producers.verify_docs_integrity.run	569	missing docstring
.repo_studios/scripts/producers/verify_docs_integrity.py	function	.repo_studios.scripts.producers.verify_docs_integrity.main	624	missing docstring
.repo_studios/scripts/producers/generate_doc_index.py	class	.repo_studios.scripts.producers.generate_doc_index.Paths	83	missing docstring
.repo_studios/scripts/producers/generate_doc_index.py	class	.repo_studios.scripts.producers.generate_doc_index.Options	89	missing docstring
.repo_studios/scripts/producers/generate_doc_index.py	class	.repo_studios.scripts.producers.generate_doc_index.Heading	94	missing docstring
.repo_studios/scripts/producers/generate_doc_index.py	class	.repo_studios.scripts.producers.generate_doc_index.SubHeading	101	missing docstring
.repo_studios/scripts/producers/generate_doc_index.py	class	.repo_studios.scripts.producers.generate_doc_index.DocumentRecord	110	missing docstring
.repo_studios/scripts/producers/generate_doc_index.py	function	.repo_studios.scripts.producers.generate_doc_index.slugify	149	missing docstring
.repo_studios/scripts/producers/generate_doc_index.py	function	.repo_studios.scripts.producers.generate_doc_index.iter_markdown_files	170	missing docstring
.repo_studios/scripts/producers/generate_doc_index.py	function	.repo_studios.scripts.producers.generate_doc_index.parse_markdown_document	297	missing docstring
.repo_studios/scripts/producers/generate_doc_index.py	function	.repo_studios.scripts.producers.generate_doc_index.collect_documents	373	missing docstring
.repo_studios/scripts/producers/generate_doc_index.py	function	.repo_studios.scripts.producers.generate_doc_index.build_metrics	381	missing docstring
.repo_studios/scripts/producers/generate_doc_index.py	function	.repo_studios.scripts.producers.generate_doc_index.build_database_placeholder	432	missing docstring
.repo_studios/scripts/producers/generate_doc_index.py	function	.repo_studios.scripts.producers.generate_doc_index.build_payload	441	missing docstring
.repo_studios/scripts/producers/generate_doc_index.py	function	.repo_studios.scripts.producers.generate_doc_index.build_csv	485	missing docstring
.repo_studios/scripts/producers/generate_doc_index.py	function	.repo_studios.scripts.producers.generate_doc_index.render_bundle	570	missing docstring
.repo_studios/scripts/producers/generate_doc_index.py	function	.repo_studios.scripts.producers.generate_doc_index.handle_database_placeholder	692	missing docstring
.repo_studios/scripts/producers/generate_doc_index.py	function	.repo_studios.scripts.producers.generate_doc_index.parse_args	699	missing docstring
.repo_studios/scripts/producers/generate_doc_index.py	function	.repo_studios.scripts.producers.generate_doc_index.run	724	missing docstring
.repo_studios/scripts/producers/generate_doc_index.py	function	.repo_studios.scripts.producers.generate_doc_index.main	809	missing docstring
.repo_studios/scripts/producers/validate_metrics_anchor_stubs.py	class	.repo_studios.scripts.producers.validate_metrics_anchor_stubs.Paths	54	missing docstring
.repo_studios/scripts/producers/validate_metrics_anchor_stubs.py	class	.repo_studios.scripts.producers.validate_metrics_anchor_stubs.Options	62	missing docstring
.repo_studios/scripts/producers/validate_metrics_anchor_stubs.py	function	.repo_studios.scripts.producers.validate_metrics_anchor_stubs.parse_args	84	missing docstring
.repo_studios/scripts/producers/validate_metrics_anchor_stubs.py	function	.repo_studios.scripts.producers.validate_metrics_anchor_stubs.configure_logging	121	missing docstring
.repo_studios/scripts/producers/validate_metrics_anchor_stubs.py	function	.repo_studios.scripts.producers.validate_metrics_anchor_stubs.build_paths	125	missing docstring
.repo_studios/scripts/producers/validate_metrics_anchor_stubs.py	function	.repo_studios.scripts.producers.validate_metrics_anchor_stubs.build_options	129	missing docstring
.repo_studios/scripts/producers/validate_metrics_anchor_stubs.py	function	.repo_studios.scripts.producers.validate_metrics_anchor_stubs.iter_markdown_files	139	missing docstring
.repo_studios/scripts/producers/validate_metrics_anchor_stubs.py	function	.repo_studios.scripts.producers.validate_metrics_anchor_stubs.collect_referenced_anchors	149	missing docstring
.repo_studios/scripts/producers/validate_metrics_anchor_stubs.py	function	.repo_studios.scripts.producers.validate_metrics_anchor_stubs.collect_legacy_stub_anchors	162	missing docstring
.repo_studios/scripts/producers/validate_metrics_anchor_stubs.py	function	.repo_studios.scripts.producers.validate_metrics_anchor_stubs.load_allowlist	187	missing docstring
.repo_studios/scripts/producers/validate_metrics_anchor_stubs.py	function	.repo_studios.scripts.producers.validate_metrics_anchor_stubs.summarize_missing	198	missing docstring
.repo_studios/scripts/producers/validate_metrics_anchor_stubs.py	function	.repo_studios.scripts.producers.validate_metrics_anchor_stubs.compose_payload	215	missing docstring
.repo_studios/scripts/producers/validate_metrics_anchor_stubs.py	function	.repo_studios.scripts.producers.validate_metrics_anchor_stubs.render_markdown_report	254	missing docstring
.repo_studios/scripts/producers/validate_metrics_anchor_stubs.py	function	.repo_studios.scripts.producers.validate_metrics_anchor_stubs.render_log	285	missing docstring
.repo_studios/scripts/producers/validate_metrics_anchor_stubs.py	function	.repo_studios.scripts.producers.validate_metrics_anchor_stubs.write_artifacts	300	missing docstring
.repo_studios/scripts/producers/validate_metrics_anchor_stubs.py	function	.repo_studios.scripts.producers.validate_metrics_anchor_stubs.prune_history	332	missing docstring
.repo_studios/scripts/producers/validate_metrics_anchor_stubs.py	function	.repo_studios.scripts.producers.validate_metrics_anchor_stubs.run	349	missing docstring
.repo_studios/scripts/producers/validate_metrics_anchor_stubs.py	function	.repo_studios.scripts.producers.validate_metrics_anchor_stubs.main	404	missing docstring
.repo_studios/command_center/scripts/orchestrators/run_docs_health_overview.py	class	.repo_studios.command_center.scripts.orchestrators.run_docs_health_overview.Paths	87	missing docstring
.repo_studios/command_center/scripts/orchestrators/run_docs_health_overview.py	class	.repo_studios.command_center.scripts.orchestrators.run_docs_health_overview.KeepParameters	144	missing docstring
.repo_studios/command_center/scripts/orchestrators/run_docs_health_overview.py	class	.repo_studios.command_center.scripts.orchestrators.run_docs_health_overview.Options	173	missing docstring
.repo_studios/command_center/scripts/orchestrators/run_docs_health_overview.py	class	.repo_studios.command_center.scripts.orchestrators.run_docs_health_overview.DocIndexOutcome	197	missing docstring
.repo_studios/command_center/scripts/orchestrators/run_docs_health_overview.py	class	.repo_studios.command_center.scripts.orchestrators.run_docs_health_overview.AnchorInventoryOutcome	207	missing docstring
.repo_studios/command_center/scripts/orchestrators/run_docs_health_overview.py	class	.repo_studios.command_center.scripts.orchestrators.run_docs_health_overview.AnchorValidationOutcome	216	missing docstring
.repo_studios/command_center/scripts/orchestrators/run_docs_health_overview.py	class	.repo_studios.command_center.scripts.orchestrators.run_docs_health_overview.DocsIntegrityOutcome	224	missing docstring
.repo_studios/command_center/scripts/orchestrators/run_docs_health_overview.py	class	.repo_studios.command_center.scripts.orchestrators.run_docs_health_overview.MetricsStubOutcome	232	missing docstring
.repo_studios/command_center/scripts/orchestrators/run_docs_health_overview.py	class	.repo_studios.command_center.scripts.orchestrators.run_docs_health_overview.ChurnOutcome	240	missing docstring
.repo_studios/command_center/scripts/orchestrators/run_docs_health_overview.py	class	.repo_studios.command_center.scripts.orchestrators.run_docs_health_overview.UndocumentedOutcome	247	missing docstring
.repo_studios/command_center/scripts/orchestrators/run_docs_health_overview.py	class	.repo_studios.command_center.scripts.orchestrators.run_docs_health_overview.AggregatorOutcome	254	missing docstring
.repo_studios/command_center/scripts/orchestrators/run_docs_health_overview.py	function	.repo_studios.command_center.scripts.orchestrators.run_docs_health_overview.parse_args	264	missing docstring
.repo_studios/command_center/scripts/orchestrators/run_docs_health_overview.py	function	.repo_studios.command_center.scripts.orchestrators.run_docs_health_overview.build_paths	318	missing docstring
.repo_studios/command_center/scripts/orchestrators/run_docs_health_overview.py	function	.repo_studios.command_center.scripts.orchestrators.run_docs_health_overview.build_options	322	missing docstring
.repo_studios/command_center/scripts/orchestrators/run_docs_health_overview.py	function	.repo_studios.command_center.scripts.orchestrators.run_docs_health_overview.configure_logging	348	missing docstring
.repo_studios/command_center/scripts/orchestrators/run_docs_health_overview.py	function	.repo_studios.command_center.scripts.orchestrators.run_docs_health_overview.run	736	missing docstring
.repo_studios/command_center/scripts/orchestrators/run_docs_health_overview.py	function	.repo_studios.command_center.scripts.orchestrators.run_docs_health_overview.main	1075	missing docstring
.repo_studios/command_center/scripts/producers/analyze_standards_index_gaps.py	class	.repo_studios.command_center.scripts.producers.analyze_standards_index_gaps.GapCandidate	68	missing docstring
.repo_studios/command_center/scripts/producers/analyze_standards_index_gaps.py	method	.repo_studios.command_center.scripts.producers.analyze_standards_index_gaps.GapCandidate.to_dict	72	missing docstring
.repo_studios/command_center/scripts/producers/analyze_standards_index_gaps.py	class	.repo_studios.command_center.scripts.producers.analyze_standards_index_gaps.Paths	77	missing docstring
.repo_studios/command_center/scripts/producers/analyze_standards_index_gaps.py	class	.repo_studios.command_center.scripts.producers.analyze_standards_index_gaps.Options	85	missing docstring
.repo_studios/command_center/scripts/producers/analyze_standards_index_gaps.py	function	.repo_studios.command_center.scripts.producers.analyze_standards_index_gaps.parse_args	121	missing docstring
.repo_studios/command_center/scripts/producers/analyze_standards_index_gaps.py	function	.repo_studios.command_center.scripts.producers.analyze_standards_index_gaps.load_index	180	missing docstring
.repo_studios/command_center/scripts/producers/analyze_standards_index_gaps.py	function	.repo_studios.command_center.scripts.producers.analyze_standards_index_gaps.load_sources	189	missing docstring
.repo_studios/command_center/scripts/producers/analyze_standards_index_gaps.py	function	.repo_studios.command_center.scripts.producers.analyze_standards_index_gaps.sources_from_index	211	missing docstring
.repo_studios/command_center/scripts/producers/analyze_standards_index_gaps.py	function	.repo_studios.command_center.scripts.producers.analyze_standards_index_gaps.build_existing_tokens	229	missing docstring
.repo_studios/command_center/scripts/producers/analyze_standards_index_gaps.py	function	.repo_studios.command_center.scripts.producers.analyze_standards_index_gaps.scan_file	242	missing docstring
.repo_studios/command_center/scripts/producers/analyze_standards_index_gaps.py	function	.repo_studios.command_center.scripts.producers.analyze_standards_index_gaps.run_gap_detection	265	missing docstring
.repo_studios/command_center/scripts/producers/analyze_standards_index_gaps.py	function	.repo_studios.command_center.scripts.producers.analyze_standards_index_gaps.build_report	282	missing docstring
.repo_studios/command_center/scripts/producers/analyze_standards_index_gaps.py	function	.repo_studios.command_center.scripts.producers.analyze_standards_index_gaps.render_markdown	317	missing docstring
.repo_studios/command_center/scripts/producers/analyze_standards_index_gaps.py	function	.repo_studios.command_center.scripts.producers.analyze_standards_index_gaps.render_tsv	354	missing docstring
.repo_studios/command_center/scripts/producers/analyze_standards_index_gaps.py	function	.repo_studios.command_center.scripts.producers.analyze_standards_index_gaps.emit_runtime_log	363	missing docstring
.repo_studios/command_center/scripts/producers/analyze_standards_index_gaps.py	function	.repo_studios.command_center.scripts.producers.analyze_standards_index_gaps.run	377	missing docstring
.repo_studios/command_center/scripts/producers/analyze_standards_index_gaps.py	function	.repo_studios.command_center.scripts.producers.analyze_standards_index_gaps.main	457	missing docstring
.repo_studios/command_center/scripts/summarizers/summarize_test_execution_telemetry.py	method	.repo_studios.command_center.scripts.summarizers.summarize_test_execution_telemetry.StepRecord.duration_seconds	45	missing docstring
.repo_studios/command_center/scripts/summarizers/summarize_test_execution_telemetry.py	class	.repo_studios.command_center.scripts.summarizers.summarize_test_execution_telemetry.CollectSummary	50	missing docstring
.repo_studios/command_center/scripts/summarizers/summarize_test_execution_telemetry.py	class	.repo_studios.command_center.scripts.summarizers.summarize_test_execution_telemetry.CoverageSummary	58	missing docstring
.repo_studios/command_center/scripts/summarizers/summarize_test_execution_telemetry.py	class	.repo_studios.command_center.scripts.summarizers.summarize_test_execution_telemetry.HeatmapSummary	64	missing docstring
.repo_studios/command_center/scripts/summarizers/summarize_test_execution_telemetry.py	class	.repo_studios.command_center.scripts.summarizers.summarize_test_execution_telemetry.HardeningSummary	70	missing docstring
.repo_studios/command_center/scripts/summarizers/summarize_test_execution_telemetry.py	class	.repo_studios.command_center.scripts.summarizers.summarize_test_execution_telemetry.HealthSummary	76	missing docstring
.repo_studios/command_center/scripts/summarizers/summarize_test_execution_telemetry.py	class	.repo_studios.command_center.scripts.summarizers.summarize_test_execution_telemetry.SummaryInputs	83	missing docstring
.repo_studios/command_center/scripts/summarizers/summarize_test_execution_telemetry.py	class	.repo_studios.command_center.scripts.summarizers.summarize_test_execution_telemetry.SummaryResult	98	missing docstring
.repo_studios/command_center/scripts/summarizers/summarize_test_execution_telemetry.py	class	.repo_studios.command_center.scripts.summarizers.summarize_test_execution_telemetry.Paths	104	missing docstring
.repo_studios/command_center/scripts/summarizers/summarize_test_execution_telemetry.py	class	.repo_studios.command_center.scripts.summarizers.summarize_test_execution_telemetry.Options	123	missing docstring
.repo_studios/command_center/scripts/summarizers/summarize_test_execution_telemetry.py	class	.repo_studios.command_center.scripts.summarizers.summarize_test_execution_telemetry.KeepValues	129	missing docstring
.repo_studios/command_center/scripts/summarizers/summarize_test_execution_telemetry.py	function	.repo_studios.command_center.scripts.summarizers.summarize_test_execution_telemetry.configure_logging	164	missing docstring
.repo_studios/command_center/scripts/summarizers/summarize_test_execution_telemetry.py	function	.repo_studios.command_center.scripts.summarizers.summarize_test_execution_telemetry.build_paths	168	missing docstring
.repo_studios/command_center/scripts/summarizers/summarize_test_execution_telemetry.py	function	.repo_studios.command_center.scripts.summarizers.summarize_test_execution_telemetry.build_options	172	missing docstring
.repo_studios/command_center/scripts/summarizers/summarize_test_execution_telemetry.py	function	.repo_studios.command_center.scripts.summarizers.summarize_test_execution_telemetry.build_summary	219	missing docstring
.repo_studios/command_center/scripts/summarizers/summarize_test_execution_telemetry.py	function	.repo_studios.command_center.scripts.summarizers.summarize_test_execution_telemetry.run	564	missing docstring
.repo_studios/command_center/scripts/summarizers/summarize_test_execution_telemetry.py	function	.repo_studios.command_center.scripts.summarizers.summarize_test_execution_telemetry.main	599	missing docstring
.repo_studios/command_center/scripts/summarizers/generate_function_analysis.py	class	.repo_studios.command_center.scripts.summarizers.generate_function_analysis.Paths	45	missing docstring
.repo_studios/command_center/scripts/summarizers/generate_function_analysis.py	class	.repo_studios.command_center.scripts.summarizers.generate_function_analysis.Options	55	missing docstring
.repo_studios/command_center/scripts/summarizers/generate_function_analysis.py	function	.repo_studios.command_center.scripts.summarizers.generate_function_analysis.parse_args	70	missing docstring
.repo_studios/command_center/scripts/summarizers/generate_function_analysis.py	function	.repo_studios.command_center.scripts.summarizers.generate_function_analysis.build_paths	113	missing docstring
.repo_studios/command_center/scripts/summarizers/generate_function_analysis.py	function	.repo_studios.command_center.scripts.summarizers.generate_function_analysis.build_options	147	missing docstring
.repo_studios/command_center/scripts/summarizers/generate_function_analysis.py	function	.repo_studios.command_center.scripts.summarizers.generate_function_analysis.configure_logging	152	missing docstring
.repo_studios/command_center/scripts/summarizers/generate_function_analysis.py	function	.repo_studios.command_center.scripts.summarizers.generate_function_analysis.locate_inventory_file	156	missing docstring
.repo_studios/command_center/scripts/summarizers/generate_function_analysis.py	function	.repo_studios.command_center.scripts.summarizers.generate_function_analysis.read_inventory	172	missing docstring
.repo_studios/command_center/scripts/summarizers/generate_function_analysis.py	function	.repo_studios.command_center.scripts.summarizers.generate_function_analysis.collect_functions	179	missing docstring
.repo_studios/command_center/scripts/summarizers/generate_function_analysis.py	function	.repo_studios.command_center.scripts.summarizers.generate_function_analysis.identify_duplicate_groups	220	missing docstring
.repo_studios/command_center/scripts/summarizers/generate_function_analysis.py	function	.repo_studios.command_center.scripts.summarizers.generate_function_analysis.slugify	233	missing docstring
.repo_studios/command_center/scripts/summarizers/generate_function_analysis.py	function	.repo_studios.command_center.scripts.summarizers.generate_function_analysis.build_findings	237	missing docstring
.repo_studios/command_center/scripts/summarizers/generate_function_analysis.py	function	.repo_studios.command_center.scripts.summarizers.generate_function_analysis.compose_payload	276	missing docstring
.repo_studios/command_center/scripts/summarizers/generate_function_analysis.py	function	.repo_studios.command_center.scripts.summarizers.generate_function_analysis.write_analysis	331	missing docstring
.repo_studios/command_center/scripts/summarizers/generate_function_analysis.py	function	.repo_studios.command_center.scripts.summarizers.generate_function_analysis.run	366	missing docstring
.repo_studios/command_center/scripts/summarizers/generate_function_analysis.py	function	.repo_studios.command_center.scripts.summarizers.generate_function_analysis.main	406	missing docstring
.repo_studios/command_center/scripts/orchestrators/run_dependency_import_hygiene.py	class	.repo_studios.command_center.scripts.orchestrators.run_dependency_import_hygiene.Paths	82	missing docstring
.repo_studios/command_center/scripts/orchestrators/run_dependency_import_hygiene.py	class	.repo_studios.command_center.scripts.orchestrators.run_dependency_import_hygiene.KeepParameters	130	missing docstring
.repo_studios/command_center/scripts/orchestrators/run_dependency_import_hygiene.py	class	.repo_studios.command_center.scripts.orchestrators.run_dependency_import_hygiene.Options	155	missing docstring
.repo_studios/command_center/scripts/orchestrators/run_dependency_import_hygiene.py	class	.repo_studios.command_center.scripts.orchestrators.run_dependency_import_hygiene.DependencyOutcome	178	missing docstring
.repo_studios/command_center/scripts/orchestrators/run_dependency_import_hygiene.py	class	.repo_studios.command_center.scripts.orchestrators.run_dependency_import_hygiene.ImportGraphOutcome	188	missing docstring
.repo_studios/command_center/scripts/orchestrators/run_dependency_import_hygiene.py	class	.repo_studios.command_center.scripts.orchestrators.run_dependency_import_hygiene.PlaceholderOutcome	197	missing docstring
.repo_studios/command_center/scripts/orchestrators/run_dependency_import_hygiene.py	class	.repo_studios.command_center.scripts.orchestrators.run_dependency_import_hygiene.BatchCleanupOutcome	206	missing docstring
.repo_studios/command_center/scripts/orchestrators/run_dependency_import_hygiene.py	class	.repo_studios.command_center.scripts.orchestrators.run_dependency_import_hygiene.TypecheckOutcome	215	missing docstring
.repo_studios/command_center/scripts/orchestrators/run_dependency_import_hygiene.py	class	.repo_studios.command_center.scripts.orchestrators.run_dependency_import_hygiene.BaselineOutcome	225	missing docstring
.repo_studios/command_center/scripts/orchestrators/run_dependency_import_hygiene.py	function	.repo_studios.command_center.scripts.orchestrators.run_dependency_import_hygiene.parse_args	232	missing docstring
.repo_studios/command_center/scripts/orchestrators/run_dependency_import_hygiene.py	function	.repo_studios.command_center.scripts.orchestrators.run_dependency_import_hygiene.build_paths	319	missing docstring
.repo_studios/command_center/scripts/orchestrators/run_dependency_import_hygiene.py	function	.repo_studios.command_center.scripts.orchestrators.run_dependency_import_hygiene.build_options	329	missing docstring
.repo_studios/command_center/scripts/orchestrators/run_dependency_import_hygiene.py	function	.repo_studios.command_center.scripts.orchestrators.run_dependency_import_hygiene.configure_logging	360	missing docstring
.repo_studios/command_center/scripts/orchestrators/run_dependency_import_hygiene.py	function	.repo_studios.command_center.scripts.orchestrators.run_dependency_import_hygiene.run	734	missing docstring
.repo_studios/command_center/scripts/orchestrators/run_dependency_import_hygiene.py	function	.repo_studios.command_center.scripts.orchestrators.run_dependency_import_hygiene.main	961	missing docstring
.repo_studios/command_center/scripts/orchestrators/run_standards_integrity.py	class	.repo_studios.command_center.scripts.orchestrators.run_standards_integrity.Paths	81	missing docstring
.repo_studios/command_center/scripts/orchestrators/run_standards_integrity.py	class	.repo_studios.command_center.scripts.orchestrators.run_standards_integrity.KeepParameters	120	missing docstring
.repo_studios/command_center/scripts/orchestrators/run_standards_integrity.py	class	.repo_studios.command_center.scripts.orchestrators.run_standards_integrity.Options	141	missing docstring
.repo_studios/command_center/scripts/orchestrators/run_standards_integrity.py	class	.repo_studios.command_center.scripts.orchestrators.run_standards_integrity.IndexOutcome	157	missing docstring
.repo_studios/command_center/scripts/orchestrators/run_standards_integrity.py	class	.repo_studios.command_center.scripts.orchestrators.run_standards_integrity.GapOutcome	165	missing docstring
.repo_studios/command_center/scripts/orchestrators/run_standards_integrity.py	class	.repo_studios.command_center.scripts.orchestrators.run_standards_integrity.DiffOutcome	173	missing docstring
.repo_studios/command_center/scripts/orchestrators/run_standards_integrity.py	class	.repo_studios.command_center.scripts.orchestrators.run_standards_integrity.PromptOutcome	181	missing docstring
.repo_studios/command_center/scripts/orchestrators/run_standards_integrity.py	class	.repo_studios.command_center.scripts.orchestrators.run_standards_integrity.SummaryOutcome	187	missing docstring
.repo_studios/command_center/scripts/orchestrators/run_standards_integrity.py	function	.repo_studios.command_center.scripts.orchestrators.run_standards_integrity.parse_args	191	missing docstring
.repo_studios/command_center/scripts/orchestrators/run_standards_integrity.py	function	.repo_studios.command_center.scripts.orchestrators.run_standards_integrity.build_paths	256	missing docstring
.repo_studios/command_center/scripts/orchestrators/run_standards_integrity.py	function	.repo_studios.command_center.scripts.orchestrators.run_standards_integrity.build_options	260	missing docstring
.repo_studios/command_center/scripts/orchestrators/run_standards_integrity.py	function	.repo_studios.command_center.scripts.orchestrators.run_standards_integrity.configure_logging	282	missing docstring
.repo_studios/command_center/scripts/orchestrators/run_standards_integrity.py	function	.repo_studios.command_center.scripts.orchestrators.run_standards_integrity.run	576	missing docstring
.repo_studios/command_center/scripts/orchestrators/run_standards_integrity.py	function	.repo_studios.command_center.scripts.orchestrators.run_standards_integrity.main	809	missing docstring
.repo_studios/command_center/scripts/orchestrators/run_test_execution_telemetry.py	class	.repo_studios.command_center.scripts.orchestrators.run_test_execution_telemetry.Paths	78	missing docstring
.repo_studios/command_center/scripts/orchestrators/run_test_execution_telemetry.py	class	.repo_studios.command_center.scripts.orchestrators.run_test_execution_telemetry.KeepParameters	121	missing docstring
.repo_studios/command_center/scripts/orchestrators/run_test_execution_telemetry.py	class	.repo_studios.command_center.scripts.orchestrators.run_test_execution_telemetry.Options	144	missing docstring
.repo_studios/command_center/scripts/orchestrators/run_test_execution_telemetry.py	class	.repo_studios.command_center.scripts.orchestrators.run_test_execution_telemetry.CollectOutcome	158	missing docstring
.repo_studios/command_center/scripts/orchestrators/run_test_execution_telemetry.py	class	.repo_studios.command_center.scripts.orchestrators.run_test_execution_telemetry.CoverageOutcome	167	missing docstring
.repo_studios/command_center/scripts/orchestrators/run_test_execution_telemetry.py	class	.repo_studios.command_center.scripts.orchestrators.run_test_execution_telemetry.HeatmapOutcome	173	missing docstring
.repo_studios/command_center/scripts/orchestrators/run_test_execution_telemetry.py	class	.repo_studios.command_center.scripts.orchestrators.run_test_execution_telemetry.HardeningOutcome	179	missing docstring
.repo_studios/command_center/scripts/orchestrators/run_test_execution_telemetry.py	class	.repo_studios.command_center.scripts.orchestrators.run_test_execution_telemetry.HealthReportOutcome	185	missing docstring
.repo_studios/command_center/scripts/orchestrators/run_test_execution_telemetry.py	function	.repo_studios.command_center.scripts.orchestrators.run_test_execution_telemetry.parse_args	191	missing docstring
.repo_studios/command_center/scripts/orchestrators/run_test_execution_telemetry.py	function	.repo_studios.command_center.scripts.orchestrators.run_test_execution_telemetry.build_paths	245	missing docstring
.repo_studios/command_center/scripts/orchestrators/run_test_execution_telemetry.py	function	.repo_studios.command_center.scripts.orchestrators.run_test_execution_telemetry.build_options	249	missing docstring
.repo_studios/command_center/scripts/orchestrators/run_test_execution_telemetry.py	function	.repo_studios.command_center.scripts.orchestrators.run_test_execution_telemetry.configure_logging	268	missing docstring
.repo_studios/command_center/scripts/orchestrators/run_test_execution_telemetry.py	function	.repo_studios.command_center.scripts.orchestrators.run_test_execution_telemetry.run	470	missing docstring
.repo_studios/command_center/scripts/orchestrators/run_test_execution_telemetry.py	function	.repo_studios.command_center.scripts.orchestrators.run_test_execution_telemetry.main	665	missing docstring
.repo_studios/scripts/producers/check_inventory_health.py	class	.repo_studios.scripts.producers.check_inventory_health.Paths	69	missing docstring
.repo_studios/scripts/producers/check_inventory_health.py	class	.repo_studios.scripts.producers.check_inventory_health.Options	77	missing docstring
.repo_studios/scripts/producers/check_inventory_health.py	function	.repo_studios.scripts.producers.check_inventory_health.load_json	113	missing docstring
.repo_studios/scripts/producers/check_inventory_health.py	function	.repo_studios.scripts.producers.check_inventory_health.compute_deltas	124	missing docstring
.repo_studios/scripts/producers/check_inventory_health.py	function	.repo_studios.scripts.producers.check_inventory_health.check_thresholds	135	missing docstring
.repo_studios/scripts/producers/check_inventory_health.py	function	.repo_studios.scripts.producers.check_inventory_health.evaluate	159	missing docstring
.repo_studios/scripts/producers/check_inventory_health.py	function	.repo_studios.scripts.producers.check_inventory_health.parse_timestamp	166	missing docstring
.repo_studios/scripts/producers/check_inventory_health.py	function	.repo_studios.scripts.producers.check_inventory_health.build_report	175	missing docstring
.repo_studios/scripts/producers/check_inventory_health.py	function	.repo_studios.scripts.producers.check_inventory_health.write_markdown	211	missing docstring
.repo_studios/scripts/producers/check_inventory_health.py	function	.repo_studios.scripts.producers.check_inventory_health.write_log	247	missing docstring
.repo_studios/scripts/producers/check_inventory_health.py	function	.repo_studios.scripts.producers.check_inventory_health.configure_logging	264	missing docstring
.repo_studios/scripts/producers/check_inventory_health.py	function	.repo_studios.scripts.producers.check_inventory_health.build_paths	269	missing docstring
.repo_studios/scripts/producers/check_inventory_health.py	function	.repo_studios.scripts.producers.check_inventory_health.build_options	273	missing docstring
.repo_studios/scripts/producers/check_inventory_health.py	function	.repo_studios.scripts.producers.check_inventory_health.main	281	missing docstring
.repo_studios/scripts/producers/validate_import_boundaries.py	class	.repo_studios.scripts.producers.validate_import_boundaries.Paths	51	missing docstring
.repo_studios/scripts/producers/validate_import_boundaries.py	class	.repo_studios.scripts.producers.validate_import_boundaries.Options	59	missing docstring
.repo_studios/scripts/producers/validate_import_boundaries.py	class	.repo_studios.scripts.producers.validate_import_boundaries.Violation	93	missing docstring
.repo_studios/scripts/producers/validate_import_boundaries.py	function	.repo_studios.scripts.producers.validate_import_boundaries.parse_args	99	missing docstring
.repo_studios/scripts/producers/validate_import_boundaries.py	function	.repo_studios.scripts.producers.validate_import_boundaries.configure_logging	138	missing docstring
.repo_studios/scripts/producers/validate_import_boundaries.py	function	.repo_studios.scripts.producers.validate_import_boundaries.build_paths	142	missing docstring
.repo_studios/scripts/producers/validate_import_boundaries.py	function	.repo_studios.scripts.producers.validate_import_boundaries.build_options	156	missing docstring
.repo_studios/scripts/producers/validate_import_boundaries.py	function	.repo_studios.scripts.producers.validate_import_boundaries.render_markdown_report	298	missing docstring
.repo_studios/scripts/producers/validate_import_boundaries.py	function	.repo_studios.scripts.producers.validate_import_boundaries.render_log	334	missing docstring
.repo_studios/scripts/producers/validate_import_boundaries.py	function	.repo_studios.scripts.producers.validate_import_boundaries.write_artifacts	365	missing docstring
.repo_studios/scripts/producers/validate_import_boundaries.py	function	.repo_studios.scripts.producers.validate_import_boundaries.prune_history	385	missing docstring
.repo_studios/scripts/producers/validate_import_boundaries.py	function	.repo_studios.scripts.producers.validate_import_boundaries.compose_payload	402	missing docstring
.repo_studios/scripts/producers/validate_import_boundaries.py	function	.repo_studios.scripts.producers.validate_import_boundaries.run	432	missing docstring
.repo_studios/scripts/producers/validate_import_boundaries.py	function	.repo_studios.scripts.producers.validate_import_boundaries.main	497	missing docstring
.repo_studios/scripts/producers/validate_markdown_anchors.py	class	.repo_studios.scripts.producers.validate_markdown_anchors.Issue	78	missing docstring
.repo_studios/scripts/producers/validate_markdown_anchors.py	class	.repo_studios.scripts.producers.validate_markdown_anchors.Paths	86	missing docstring
.repo_studios/scripts/producers/validate_markdown_anchors.py	class	.repo_studios.scripts.producers.validate_markdown_anchors.Options	92	missing docstring
.repo_studios/scripts/producers/validate_markdown_anchors.py	function	.repo_studios.scripts.producers.validate_markdown_anchors.build_report	132	missing docstring
.repo_studios/scripts/producers/validate_markdown_anchors.py	function	.repo_studios.scripts.producers.validate_markdown_anchors.write_artifacts	162	missing docstring
.repo_studios/scripts/producers/validate_markdown_anchors.py	function	.repo_studios.scripts.producers.validate_markdown_anchors.prune_old_runs	208	missing docstring
.repo_studios/scripts/producers/validate_markdown_anchors.py	function	.repo_studios.scripts.producers.validate_markdown_anchors.slugify	221	missing docstring
.repo_studios/scripts/producers/validate_markdown_anchors.py	function	.repo_studios.scripts.producers.validate_markdown_anchors.collect_anchors	232	missing docstring
.repo_studios/scripts/producers/validate_markdown_anchors.py	function	.repo_studios.scripts.producers.validate_markdown_anchors.iter_files	242	missing docstring
.repo_studios/scripts/producers/validate_markdown_anchors.py	function	.repo_studios.scripts.producers.validate_markdown_anchors.parse_links	251	missing docstring
.repo_studios/scripts/producers/validate_markdown_anchors.py	function	.repo_studios.scripts.producers.validate_markdown_anchors.check_file	257	missing docstring
.repo_studios/scripts/producers/validate_markdown_anchors.py	function	.repo_studios.scripts.producers.validate_markdown_anchors.build_paths	317	missing docstring
.repo_studios/scripts/producers/validate_markdown_anchors.py	function	.repo_studios.scripts.producers.validate_markdown_anchors.build_options	321	missing docstring
.repo_studios/scripts/producers/validate_markdown_anchors.py	function	.repo_studios.scripts.producers.validate_markdown_anchors.main	332	missing docstring
.repo_studios/command_center/scripts/orchestrators/run_monkey_patch_oversight.py	class	.repo_studios.command_center.scripts.orchestrators.run_monkey_patch_oversight.Paths	72	missing docstring
.repo_studios/command_center/scripts/orchestrators/run_monkey_patch_oversight.py	class	.repo_studios.command_center.scripts.orchestrators.run_monkey_patch_oversight.KeepParameters	107	missing docstring
.repo_studios/command_center/scripts/orchestrators/run_monkey_patch_oversight.py	class	.repo_studios.command_center.scripts.orchestrators.run_monkey_patch_oversight.Options	128	missing docstring
.repo_studios/command_center/scripts/orchestrators/run_monkey_patch_oversight.py	class	.repo_studios.command_center.scripts.orchestrators.run_monkey_patch_oversight.ProducerOutcome	151	missing docstring
.repo_studios/command_center/scripts/orchestrators/run_monkey_patch_oversight.py	class	.repo_studios.command_center.scripts.orchestrators.run_monkey_patch_oversight.ConsumerOutcome	162	missing docstring
.repo_studios/command_center/scripts/orchestrators/run_monkey_patch_oversight.py	class	.repo_studios.command_center.scripts.orchestrators.run_monkey_patch_oversight.AggregatorOutcome	172	missing docstring
.repo_studios/command_center/scripts/orchestrators/run_monkey_patch_oversight.py	class	.repo_studios.command_center.scripts.orchestrators.run_monkey_patch_oversight.SummarizerOutcome	183	missing docstring
.repo_studios/command_center/scripts/orchestrators/run_monkey_patch_oversight.py	function	.repo_studios.command_center.scripts.orchestrators.run_monkey_patch_oversight.parse_args	190	missing docstring
.repo_studios/command_center/scripts/orchestrators/run_monkey_patch_oversight.py	function	.repo_studios.command_center.scripts.orchestrators.run_monkey_patch_oversight.build_paths	251	missing docstring
.repo_studios/command_center/scripts/orchestrators/run_monkey_patch_oversight.py	function	.repo_studios.command_center.scripts.orchestrators.run_monkey_patch_oversight.build_options	255	missing docstring
.repo_studios/command_center/scripts/orchestrators/run_monkey_patch_oversight.py	function	.repo_studios.command_center.scripts.orchestrators.run_monkey_patch_oversight.configure_logging	283	missing docstring
.repo_studios/command_center/scripts/orchestrators/run_monkey_patch_oversight.py	function	.repo_studios.command_center.scripts.orchestrators.run_monkey_patch_oversight.run	541	missing docstring
.repo_studios/command_center/scripts/orchestrators/run_monkey_patch_oversight.py	function	.repo_studios.command_center.scripts.orchestrators.run_monkey_patch_oversight.main	730	missing docstring
.repo_studios/command_center/scripts/orchestrators/orchestrate_full_diagnostic.py	class	.repo_studios.command_center.scripts.orchestrators.orchestrate_full_diagnostic.TopicDefinition	38	missing docstring
.repo_studios/command_center/scripts/orchestrators/orchestrate_full_diagnostic.py	class	.repo_studios.command_center.scripts.orchestrators.orchestrate_full_diagnostic.Paths	79	missing docstring
.repo_studios/command_center/scripts/orchestrators/orchestrate_full_diagnostic.py	class	.repo_studios.command_center.scripts.orchestrators.orchestrate_full_diagnostic.KeepValues	99	missing docstring
.repo_studios/command_center/scripts/orchestrators/orchestrate_full_diagnostic.py	class	.repo_studios.command_center.scripts.orchestrators.orchestrate_full_diagnostic.Options	110	missing docstring
.repo_studios/command_center/scripts/orchestrators/orchestrate_full_diagnostic.py	class	.repo_studios.command_center.scripts.orchestrators.orchestrate_full_diagnostic.TopicRunRecord	120	missing docstring
.repo_studios/command_center/scripts/orchestrators/orchestrate_full_diagnostic.py	method	.repo_studios.command_center.scripts.orchestrators.orchestrate_full_diagnostic.TopicRunRecord.duration_seconds	134	missing docstring
.repo_studios/command_center/scripts/orchestrators/orchestrate_full_diagnostic.py	function	.repo_studios.command_center.scripts.orchestrators.orchestrate_full_diagnostic.configure_logging	140	missing docstring
.repo_studios/command_center/scripts/orchestrators/orchestrate_full_diagnostic.py	function	.repo_studios.command_center.scripts.orchestrators.orchestrate_full_diagnostic.parse_args	167	missing docstring
.repo_studios/command_center/scripts/orchestrators/orchestrate_full_diagnostic.py	function	.repo_studios.command_center.scripts.orchestrators.orchestrate_full_diagnostic.build_paths	192	missing docstring
.repo_studios/command_center/scripts/orchestrators/orchestrate_full_diagnostic.py	function	.repo_studios.command_center.scripts.orchestrators.orchestrate_full_diagnostic.build_options	196	missing docstring
.repo_studios/command_center/scripts/orchestrators/orchestrate_full_diagnostic.py	function	.repo_studios.command_center.scripts.orchestrators.orchestrate_full_diagnostic.run	299	missing docstring
.repo_studios/command_center/scripts/orchestrators/orchestrate_full_diagnostic.py	function	.repo_studios.command_center.scripts.orchestrators.orchestrate_full_diagnostic.main	542	missing docstring
.repo_studios/command_center/scripts/orchestrators/run_fault_diagnostics_overview.py	class	.repo_studios.command_center.scripts.orchestrators.run_fault_diagnostics_overview.Paths	70	missing docstring
.repo_studios/command_center/scripts/orchestrators/run_fault_diagnostics_overview.py	class	.repo_studios.command_center.scripts.orchestrators.run_fault_diagnostics_overview.KeepValues	109	missing docstring
.repo_studios/command_center/scripts/orchestrators/run_fault_diagnostics_overview.py	class	.repo_studios.command_center.scripts.orchestrators.run_fault_diagnostics_overview.Options	128	missing docstring
.repo_studios/command_center/scripts/orchestrators/run_fault_diagnostics_overview.py	function	.repo_studios.command_center.scripts.orchestrators.run_fault_diagnostics_overview.parse_args	143	missing docstring
.repo_studios/command_center/scripts/orchestrators/run_fault_diagnostics_overview.py	function	.repo_studios.command_center.scripts.orchestrators.run_fault_diagnostics_overview.build_paths	194	missing docstring
.repo_studios/command_center/scripts/orchestrators/run_fault_diagnostics_overview.py	function	.repo_studios.command_center.scripts.orchestrators.run_fault_diagnostics_overview.build_options	198	missing docstring
.repo_studios/command_center/scripts/orchestrators/run_fault_diagnostics_overview.py	function	.repo_studios.command_center.scripts.orchestrators.run_fault_diagnostics_overview.configure_logging	216	missing docstring
.repo_studios/command_center/scripts/orchestrators/run_fault_diagnostics_overview.py	class	.repo_studios.command_center.scripts.orchestrators.run_fault_diagnostics_overview.ProducerOutcome	247	missing docstring
.repo_studios/command_center/scripts/orchestrators/run_fault_diagnostics_overview.py	class	.repo_studios.command_center.scripts.orchestrators.run_fault_diagnostics_overview.ConsumerOutcome	256	missing docstring
.repo_studios/command_center/scripts/orchestrators/run_fault_diagnostics_overview.py	class	.repo_studios.command_center.scripts.orchestrators.run_fault_diagnostics_overview.SummarizerOutcome	267	missing docstring
.repo_studios/command_center/scripts/orchestrators/run_fault_diagnostics_overview.py	function	.repo_studios.command_center.scripts.orchestrators.run_fault_diagnostics_overview.run	437	missing docstring
.repo_studios/command_center/scripts/orchestrators/run_fault_diagnostics_overview.py	function	.repo_studios.command_center.scripts.orchestrators.run_fault_diagnostics_overview.main	599	missing docstring
.repo_studios/scripts/producers/generate_code_doc_churn_report.py	class	.repo_studios.scripts.producers.generate_code_doc_churn_report.Paths	74	missing docstring
.repo_studios/scripts/producers/generate_code_doc_churn_report.py	class	.repo_studios.scripts.producers.generate_code_doc_churn_report.Options	83	missing docstring
.repo_studios/scripts/producers/generate_code_doc_churn_report.py	class	.repo_studios.scripts.producers.generate_code_doc_churn_report.ModuleActivity	128	missing docstring
.repo_studios/scripts/producers/generate_code_doc_churn_report.py	method	.repo_studios.scripts.producers.generate_code_doc_churn_report.ModuleActivity.to_payload	136	missing docstring
.repo_studios/scripts/producers/generate_code_doc_churn_report.py	class	.repo_studios.scripts.producers.generate_code_doc_churn_report.GitMetadata	149	missing docstring
.repo_studios/scripts/producers/generate_code_doc_churn_report.py	method	.repo_studios.scripts.producers.generate_code_doc_churn_report.GitMetadata.to_payload	155	missing docstring
.repo_studios/scripts/producers/generate_code_doc_churn_report.py	function	.repo_studios.scripts.producers.generate_code_doc_churn_report.parse_args	165	missing docstring
.repo_studios/scripts/producers/generate_code_doc_churn_report.py	function	.repo_studios.scripts.producers.generate_code_doc_churn_report.build_report	369	missing docstring
.repo_studios/scripts/producers/generate_code_doc_churn_report.py	function	.repo_studios.scripts.producers.generate_code_doc_churn_report.render_markdown	411	missing docstring
.repo_studios/scripts/producers/generate_code_doc_churn_report.py	function	.repo_studios.scripts.producers.generate_code_doc_churn_report.render_tsv	475	missing docstring
.repo_studios/scripts/producers/generate_code_doc_churn_report.py	function	.repo_studios.scripts.producers.generate_code_doc_churn_report.run	512	missing docstring
.repo_studios/scripts/producers/generate_code_doc_churn_report.py	function	.repo_studios.scripts.producers.generate_code_doc_churn_report.main	598	missing docstring
.repo_studios/scripts/producers/generate_standards_index.py	class	.repo_studios.scripts.producers.generate_standards_index.Category	51	missing docstring
.repo_studios/scripts/producers/generate_standards_index.py	class	.repo_studios.scripts.producers.generate_standards_index.Source	59	missing docstring
.repo_studios/scripts/producers/generate_standards_index.py	class	.repo_studios.scripts.producers.generate_standards_index.Paths	65	missing docstring
.repo_studios/scripts/producers/generate_standards_index.py	class	.repo_studios.scripts.producers.generate_standards_index.BuildStats	76	missing docstring
.repo_studios/scripts/producers/generate_standards_index.py	class	.repo_studios.scripts.producers.generate_standards_index.ExtractDiagnostics	88	missing docstring
.repo_studios/scripts/producers/generate_standards_index.py	function	.repo_studios.scripts.producers.generate_standards_index.build_index	312	missing docstring
.repo_studios/scripts/producers/generate_standards_index.py	function	.repo_studios.scripts.producers.generate_standards_index.write_index	373	missing docstring
.repo_studios/scripts/producers/generate_standards_index.py	function	.repo_studios.scripts.producers.generate_standards_index.prune_old_runs	421	missing docstring
.repo_studios/scripts/producers/generate_standards_index.py	function	.repo_studios.scripts.producers.generate_standards_index.write_artifacts	573	missing docstring
.repo_studios/scripts/producers/generate_standards_index.py	function	.repo_studios.scripts.producers.generate_standards_index.configure_logging	628	missing docstring
.repo_studios/scripts/producers/generate_standards_index.py	function	.repo_studios.scripts.producers.generate_standards_index.build_parser	633	missing docstring
.repo_studios/scripts/producers/generate_standards_index.py	function	.repo_studios.scripts.producers.generate_standards_index.main	675	missing docstring
.repo_studios/command_center/scripts/libraries/cli.py	class	.repo_studios.command_center.scripts.libraries.cli.PathSpec	12	missing docstring
.repo_studios/command_center/scripts/libraries/cli.py	class	.repo_studios.command_center.scripts.libraries.cli.KeepSpec	23	missing docstring
.repo_studios/command_center/scripts/libraries/cli.py	class	.repo_studios.command_center.scripts.libraries.cli.PathsConfig	34	missing docstring
.repo_studios/command_center/scripts/libraries/cli.py	class	.repo_studios.command_center.scripts.libraries.cli.OptionsConfig	43	missing docstring
.repo_studios/command_center/scripts/libraries/cli.py	function	.repo_studios.command_center.scripts.libraries.cli.resolve_repo_root	54	missing docstring
.repo_studios/command_center/scripts/libraries/cli.py	function	.repo_studios.command_center.scripts.libraries.cli.resolve_path	64	missing docstring
.repo_studios/command_center/scripts/libraries/cli.py	function	.repo_studios.command_center.scripts.libraries.cli.normalize_keep_count	87	missing docstring
.repo_studios/command_center/scripts/libraries/cli.py	function	.repo_studios.command_center.scripts.libraries.cli.build_paths	100	missing docstring
.repo_studios/command_center/scripts/libraries/cli.py	function	.repo_studios.command_center.scripts.libraries.cli.build_keep_counts	114	missing docstring
.repo_studios/command_center/scripts/libraries/cli.py	function	.repo_studios.command_center.scripts.libraries.cli.build_standard_paths	124	missing docstring
.repo_studios/command_center/scripts/libraries/cli.py	function	.repo_studios.command_center.scripts.libraries.cli.build_standard_options	137	missing docstring
.repo_studios/scripts/orchestrators/run_pytest_log_capture.py	class	.repo_studios.scripts.orchestrators.run_pytest_log_capture.Paths	194	missing docstring
.repo_studios/scripts/orchestrators/run_pytest_log_capture.py	class	.repo_studios.scripts.orchestrators.run_pytest_log_capture.Options	201	missing docstring
.repo_studios/scripts/orchestrators/run_pytest_log_capture.py	function	.repo_studios.scripts.orchestrators.run_pytest_log_capture.timestamp	226	missing docstring
.repo_studios/scripts/orchestrators/run_pytest_log_capture.py	function	.repo_studios.scripts.orchestrators.run_pytest_log_capture.ensure_dirs	240	missing docstring
.repo_studios/scripts/orchestrators/run_pytest_log_capture.py	function	.repo_studios.scripts.orchestrators.run_pytest_log_capture.run_pytest_and_capture	258	missing docstring
.repo_studios/scripts/orchestrators/run_pytest_log_capture.py	function	.repo_studios.scripts.orchestrators.run_pytest_log_capture.group_by_file	478	missing docstring
.repo_studios/scripts/orchestrators/run_pytest_log_capture.py	function	.repo_studios.scripts.orchestrators.run_pytest_log_capture.render_summary_text	486	missing docstring
.repo_studios/scripts/orchestrators/run_pytest_log_capture.py	function	.repo_studios.scripts.orchestrators.run_pytest_log_capture.write_summary	513	missing docstring
.repo_studios/scripts/orchestrators/run_pytest_log_capture.py	function	.repo_studios.scripts.orchestrators.run_pytest_log_capture.parse_args	645	missing docstring
.repo_studios/scripts/orchestrators/run_pytest_log_capture.py	function	.repo_studios.scripts.orchestrators.run_pytest_log_capture.run	1003	missing docstring
.repo_studios/scripts/orchestrators/run_pytest_log_capture.py	function	.repo_studios.scripts.orchestrators.run_pytest_log_capture.main	1009	missing docstring
.repo_studios/scripts/producers/generate_import_graph_report.py	function	.repo_studios.scripts.producers.generate_import_graph_report.iter_py_files	39	missing docstring
.repo_studios/scripts/producers/generate_import_graph_report.py	function	.repo_studios.scripts.producers.generate_import_graph_report.parse_imports	46	missing docstring
.repo_studios/scripts/producers/generate_import_graph_report.py	function	.repo_studios.scripts.producers.generate_import_graph_report.build_graph	87	missing docstring
.repo_studios/scripts/producers/generate_import_graph_report.py	function	.repo_studios.scripts.producers.generate_import_graph_report.fan_metrics	116	missing docstring
.repo_studios/scripts/producers/generate_import_graph_report.py	function	.repo_studios.scripts.producers.generate_import_graph_report.find_cycles	125	missing docstring
.repo_studios/scripts/producers/generate_import_graph_report.py	function	.repo_studios.scripts.producers.generate_import_graph_report.build_report	171	missing docstring
.repo_studios/scripts/producers/generate_import_graph_report.py	function	.repo_studios.scripts.producers.generate_import_graph_report.write_markdown	221	missing docstring
.repo_studios/scripts/producers/generate_import_graph_report.py	function	.repo_studios.scripts.producers.generate_import_graph_report.write_log	268	missing docstring
.repo_studios/scripts/producers/generate_import_graph_report.py	function	.repo_studios.scripts.producers.generate_import_graph_report.write_import_graph_artifacts	290	missing docstring
.repo_studios/scripts/producers/generate_import_graph_report.py	function	.repo_studios.scripts.producers.generate_import_graph_report.configure_logging	342	missing docstring
.repo_studios/scripts/producers/generate_import_graph_report.py	function	.repo_studios.scripts.producers.generate_import_graph_report.main	347	missing docstring
.repo_studios/scripts/consumers/generate_anchor_health_report.py	method	.repo_studios.scripts.consumers.generate_anchor_health_report.Cluster.__init__	75	missing docstring
.repo_studios/scripts/consumers/generate_anchor_health_report.py	method	.repo_studios.scripts.consumers.generate_anchor_health_report.Cluster.file_count	81	missing docstring
.repo_studios/scripts/consumers/generate_anchor_health_report.py	function	.repo_studios.scripts.consumers.generate_anchor_health_report.collect_h1_h2_slugs	95	missing docstring
.repo_studios/scripts/consumers/generate_anchor_health_report.py	function	.repo_studios.scripts.consumers.generate_anchor_health_report.multi_file_duplicates	116	missing docstring
.repo_studios/scripts/consumers/generate_anchor_health_report.py	function	.repo_studios.scripts.consumers.generate_anchor_health_report.load_baseline	125	missing docstring
.repo_studios/scripts/consumers/generate_anchor_health_report.py	function	.repo_studios.scripts.consumers.generate_anchor_health_report.build_report	206	missing docstring
.repo_studios/scripts/consumers/generate_anchor_health_report.py	function	.repo_studios.scripts.consumers.generate_anchor_health_report.write_artifacts	378	missing docstring
.repo_studios/scripts/consumers/generate_anchor_health_report.py	function	.repo_studios.scripts.consumers.generate_anchor_health_report.parse_args	461	missing docstring
.repo_studios/scripts/consumers/generate_anchor_health_report.py	function	.repo_studios.scripts.consumers.generate_anchor_health_report.run	486	missing docstring
.repo_studios/scripts/consumers/generate_anchor_health_report.py	function	.repo_studios.scripts.consumers.generate_anchor_health_report.main	531	missing docstring
.repo_studios/scripts/producers/diff_standards_index.py	function	.repo_studios.scripts.producers.diff_standards_index.prune_old_runs	92	missing docstring
.repo_studios/scripts/producers/diff_standards_index.py	function	.repo_studios.scripts.producers.diff_standards_index.load	132	missing docstring
.repo_studios/scripts/producers/diff_standards_index.py	function	.repo_studios.scripts.producers.diff_standards_index.index_rules	141	missing docstring
.repo_studios/scripts/producers/diff_standards_index.py	function	.repo_studios.scripts.producers.diff_standards_index.classify	145	missing docstring
.repo_studios/scripts/producers/diff_standards_index.py	function	.repo_studios.scripts.producers.diff_standards_index.generate_diff	193	missing docstring
.repo_studios/scripts/producers/diff_standards_index.py	function	.repo_studios.scripts.producers.diff_standards_index.build_parser	214	missing docstring
.repo_studios/scripts/producers/diff_standards_index.py	function	.repo_studios.scripts.producers.diff_standards_index.should_fail	259	missing docstring
.repo_studios/scripts/producers/diff_standards_index.py	function	.repo_studios.scripts.producers.diff_standards_index.write_artifacts	412	missing docstring
.repo_studios/scripts/producers/diff_standards_index.py	function	.repo_studios.scripts.producers.diff_standards_index.configure_logging	443	missing docstring
.repo_studios/scripts/producers/diff_standards_index.py	function	.repo_studios.scripts.producers.diff_standards_index.main	448	missing docstring
.repo_studios/scripts/utilities/refresh_mypy_baselines.py	class	.repo_studios.scripts.utilities.refresh_mypy_baselines.TargetSpec	54	missing docstring
.repo_studios/scripts/utilities/refresh_mypy_baselines.py	class	.repo_studios.scripts.utilities.refresh_mypy_baselines.Paths	66	missing docstring
.repo_studios/scripts/utilities/refresh_mypy_baselines.py	class	.repo_studios.scripts.utilities.refresh_mypy_baselines.Options	71	missing docstring
.repo_studios/scripts/utilities/refresh_mypy_baselines.py	class	.repo_studios.scripts.utilities.refresh_mypy_baselines.TargetOutcome	106	missing docstring
.repo_studios/scripts/utilities/refresh_mypy_baselines.py	method	.repo_studios.scripts.utilities.refresh_mypy_baselines.TargetOutcome.succeeded	114	missing docstring
.repo_studios/scripts/utilities/refresh_mypy_baselines.py	function	.repo_studios.scripts.utilities.refresh_mypy_baselines.build_parser	165	missing docstring
.repo_studios/scripts/utilities/refresh_mypy_baselines.py	function	.repo_studios.scripts.utilities.refresh_mypy_baselines.build_paths	205	missing docstring
.repo_studios/scripts/utilities/refresh_mypy_baselines.py	function	.repo_studios.scripts.utilities.refresh_mypy_baselines.build_options	209	missing docstring
.repo_studios/scripts/utilities/refresh_mypy_baselines.py	function	.repo_studios.scripts.utilities.refresh_mypy_baselines.run	393	missing docstring
.repo_studios/scripts/utilities/refresh_mypy_baselines.py	function	.repo_studios.scripts.utilities.refresh_mypy_baselines.main	452	missing docstring
.repo_studios/command_center/scripts/orchestrators/run_command_center_pipeline.py	class	.repo_studios.command_center.scripts.orchestrators.run_command_center_pipeline.StepResult	16	missing docstring
.repo_studios/command_center/scripts/orchestrators/run_command_center_pipeline.py	class	.repo_studios.command_center.scripts.orchestrators.run_command_center_pipeline.Paths	27	missing docstring
.repo_studios/command_center/scripts/orchestrators/run_command_center_pipeline.py	class	.repo_studios.command_center.scripts.orchestrators.run_command_center_pipeline.Options	33	missing docstring
.repo_studios/command_center/scripts/orchestrators/run_command_center_pipeline.py	function	.repo_studios.command_center.scripts.orchestrators.run_command_center_pipeline.parse_args	37	missing docstring
.repo_studios/command_center/scripts/orchestrators/run_command_center_pipeline.py	function	.repo_studios.command_center.scripts.orchestrators.run_command_center_pipeline.build_options	60	missing docstring
.repo_studios/command_center/scripts/orchestrators/run_command_center_pipeline.py	function	.repo_studios.command_center.scripts.orchestrators.run_command_center_pipeline.configure_logging	64	missing docstring
.repo_studios/command_center/scripts/orchestrators/run_command_center_pipeline.py	function	.repo_studios.command_center.scripts.orchestrators.run_command_center_pipeline.build_paths	78	missing docstring
.repo_studios/command_center/scripts/orchestrators/run_command_center_pipeline.py	function	.repo_studios.command_center.scripts.orchestrators.run_command_center_pipeline.run	197	missing docstring
.repo_studios/command_center/scripts/orchestrators/run_command_center_pipeline.py	function	.repo_studios.command_center.scripts.orchestrators.run_command_center_pipeline.main	261	missing docstring
.repo_studios/scripts/orchestrators/run_standards_index_cli.py	class	.repo_studios.scripts.orchestrators.run_standards_index_cli.Paths	65	missing docstring
.repo_studios/scripts/orchestrators/run_standards_index_cli.py	class	.repo_studios.scripts.orchestrators.run_standards_index_cli.Options	72	missing docstring
.repo_studios/scripts/orchestrators/run_standards_index_cli.py	method	.repo_studios.scripts.orchestrators.run_standards_index_cli.StandardsCliError.__init__	149	missing docstring
.repo_studios/scripts/orchestrators/run_standards_index_cli.py	function	.repo_studios.scripts.orchestrators.run_standards_index_cli.parse_args	174	missing docstring
.repo_studios/scripts/orchestrators/run_standards_index_cli.py	function	.repo_studios.scripts.orchestrators.run_standards_index_cli.validate_args	226	missing docstring
.repo_studios/scripts/orchestrators/run_standards_index_cli.py	function	.repo_studios.scripts.orchestrators.run_standards_index_cli.load_index	234	missing docstring
.repo_studios/scripts/orchestrators/run_standards_index_cli.py	function	.repo_studios.scripts.orchestrators.run_standards_index_cli.filter_rules	244	missing docstring
.repo_studios/scripts/orchestrators/run_standards_index_cli.py	function	.repo_studios.scripts.orchestrators.run_standards_index_cli.run	419	missing docstring
.repo_studios/scripts/orchestrators/run_standards_index_cli.py	function	.repo_studios.scripts.orchestrators.run_standards_index_cli.main	584	missing docstring
.repo_studios/scripts/producers/generate_typecheck_report.py	class	.repo_studios.scripts.producers.generate_typecheck_report.ErrorSample	57	missing docstring
.repo_studios/scripts/producers/generate_typecheck_report.py	class	.repo_studios.scripts.producers.generate_typecheck_report.BuildStats	65	missing docstring
.repo_studios/scripts/producers/generate_typecheck_report.py	function	.repo_studios.scripts.producers.generate_typecheck_report.configure_logging	322	missing docstring
.repo_studios/scripts/producers/generate_typecheck_report.py	function	.repo_studios.scripts.producers.generate_typecheck_report.build_parser	326	missing docstring
.repo_studios/scripts/producers/generate_typecheck_report.py	class	.repo_studios.scripts.producers.generate_typecheck_report.Paths	345	missing docstring
.repo_studios/scripts/producers/generate_typecheck_report.py	class	.repo_studios.scripts.producers.generate_typecheck_report.Options	350	missing docstring
.repo_studios/scripts/producers/generate_typecheck_report.py	function	.repo_studios.scripts.producers.generate_typecheck_report.build_paths	379	missing docstring
.repo_studios/scripts/producers/generate_typecheck_report.py	function	.repo_studios.scripts.producers.generate_typecheck_report.build_options	383	missing docstring
.repo_studios/scripts/producers/generate_typecheck_report.py	function	.repo_studios.scripts.producers.generate_typecheck_report.main	391	missing docstring
.repo_studios/command_center/scripts/libraries/catalog_registry.py	method	.repo_studios.command_center.scripts.libraries.catalog_registry.CatalogRegistry.__init__	23	missing docstring
.repo_studios/command_center/scripts/libraries/catalog_registry.py	method	.repo_studios.command_center.scripts.libraries.catalog_registry.CatalogRegistry.register	26	missing docstring
.repo_studios/command_center/scripts/libraries/catalog_registry.py	method	.repo_studios.command_center.scripts.libraries.catalog_registry.CatalogRegistry.get	35	missing docstring
.repo_studios/command_center/scripts/libraries/catalog_registry.py	method	.repo_studios.command_center.scripts.libraries.catalog_registry.CatalogRegistry.entries_for_topic	38	missing docstring
.repo_studios/command_center/scripts/libraries/catalog_registry.py	method	.repo_studios.command_center.scripts.libraries.catalog_registry.CatalogRegistry.topics	41	missing docstring
.repo_studios/command_center/scripts/libraries/catalog_registry.py	method	.repo_studios.command_center.scripts.libraries.catalog_registry.CatalogRegistry.roles	44	missing docstring
.repo_studios/command_center/scripts/libraries/catalog_registry.py	method	.repo_studios.command_center.scripts.libraries.catalog_registry.CatalogRegistry.all_entries	47	missing docstring
.repo_studios/command_center/scripts/libraries/catalog_registry.py	method	.repo_studios.command_center.scripts.libraries.catalog_registry.CatalogRegistry.extend	50	missing docstring
.repo_studios/command_center/scripts/libraries/manifest.py	class	.repo_studios.command_center.scripts.libraries.manifest.ManifestFile	22	missing docstring
.repo_studios/command_center/scripts/libraries/manifest.py	method	.repo_studios.command_center.scripts.libraries.manifest.ManifestFile.to_dict	30	missing docstring
.repo_studios/command_center/scripts/libraries/manifest.py	class	.repo_studios.command_center.scripts.libraries.manifest.GuardrailState	38	missing docstring
.repo_studios/command_center/scripts/libraries/manifest.py	method	.repo_studios.command_center.scripts.libraries.manifest.GuardrailState.to_dict	46	missing docstring
.repo_studios/command_center/scripts/libraries/manifest.py	class	.repo_studios.command_center.scripts.libraries.manifest.AutomationManifest	62	missing docstring
.repo_studios/command_center/scripts/libraries/manifest.py	method	.repo_studios.command_center.scripts.libraries.manifest.AutomationManifest.to_dict	93	missing docstring
.repo_studios/command_center/scripts/libraries/manifest.py	function	.repo_studios.command_center.scripts.libraries.manifest.build_automation_manifest	110	missing docstring
.repo_studios/command_center/scripts/libraries/manifest.py	function	.repo_studios.command_center.scripts.libraries.manifest.write_automation_manifest	141	missing docstring
.repo_studios/command_center/scripts/orchestrators/run_automation_dry_run.py	class	.repo_studios.command_center.scripts.orchestrators.run_automation_dry_run.Paths	22	missing docstring
.repo_studios/command_center/scripts/orchestrators/run_automation_dry_run.py	class	.repo_studios.command_center.scripts.orchestrators.run_automation_dry_run.Options	29	missing docstring
.repo_studios/command_center/scripts/orchestrators/run_automation_dry_run.py	function	.repo_studios.command_center.scripts.orchestrators.run_automation_dry_run.parse_args	79	missing docstring
.repo_studios/command_center/scripts/orchestrators/run_automation_dry_run.py	function	.repo_studios.command_center.scripts.orchestrators.run_automation_dry_run.build_paths	121	missing docstring
.repo_studios/command_center/scripts/orchestrators/run_automation_dry_run.py	function	.repo_studios.command_center.scripts.orchestrators.run_automation_dry_run.build_options	131	missing docstring
.repo_studios/command_center/scripts/orchestrators/run_automation_dry_run.py	function	.repo_studios.command_center.scripts.orchestrators.run_automation_dry_run.configure_logging	136	missing docstring
.repo_studios/command_center/scripts/orchestrators/run_automation_dry_run.py	function	.repo_studios.command_center.scripts.orchestrators.run_automation_dry_run.run	318	missing docstring
.repo_studios/command_center/scripts/orchestrators/run_automation_dry_run.py	function	.repo_studios.command_center.scripts.orchestrators.run_automation_dry_run.main	461	missing docstring
.repo_studios/command_center/scripts/summarizers/summarize_fault_diagnostics_overview.py	class	.repo_studios.command_center.scripts.summarizers.summarize_fault_diagnostics_overview.Paths	38	missing docstring
.repo_studios/command_center/scripts/summarizers/summarize_fault_diagnostics_overview.py	class	.repo_studios.command_center.scripts.summarizers.summarize_fault_diagnostics_overview.Options	61	missing docstring
.repo_studios/command_center/scripts/summarizers/summarize_fault_diagnostics_overview.py	class	.repo_studios.command_center.scripts.summarizers.summarize_fault_diagnostics_overview.KeepValues	71	missing docstring
.repo_studios/command_center/scripts/summarizers/summarize_fault_diagnostics_overview.py	function	.repo_studios.command_center.scripts.summarizers.summarize_fault_diagnostics_overview.build_paths	125	missing docstring
.repo_studios/command_center/scripts/summarizers/summarize_fault_diagnostics_overview.py	function	.repo_studios.command_center.scripts.summarizers.summarize_fault_diagnostics_overview.build_options	129	missing docstring
.repo_studios/command_center/scripts/summarizers/summarize_fault_diagnostics_overview.py	function	.repo_studios.command_center.scripts.summarizers.summarize_fault_diagnostics_overview.configure_logging	143	missing docstring
.repo_studios/command_center/scripts/summarizers/summarize_fault_diagnostics_overview.py	function	.repo_studios.command_center.scripts.summarizers.summarize_fault_diagnostics_overview.run	307	missing docstring
.repo_studios/command_center/scripts/summarizers/summarize_fault_diagnostics_overview.py	function	.repo_studios.command_center.scripts.summarizers.summarize_fault_diagnostics_overview.main	435	missing docstring
.repo_studios/command_center/scripts/summarizers/summarize_monkey_patch_overview.py	class	.repo_studios.command_center.scripts.summarizers.summarize_monkey_patch_overview.Paths	37	missing docstring
.repo_studios/command_center/scripts/summarizers/summarize_monkey_patch_overview.py	class	.repo_studios.command_center.scripts.summarizers.summarize_monkey_patch_overview.Options	64	missing docstring
.repo_studios/command_center/scripts/summarizers/summarize_monkey_patch_overview.py	class	.repo_studios.command_center.scripts.summarizers.summarize_monkey_patch_overview.KeepValues	79	missing docstring
.repo_studios/command_center/scripts/summarizers/summarize_monkey_patch_overview.py	function	.repo_studios.command_center.scripts.summarizers.summarize_monkey_patch_overview.build_paths	139	missing docstring
.repo_studios/command_center/scripts/summarizers/summarize_monkey_patch_overview.py	function	.repo_studios.command_center.scripts.summarizers.summarize_monkey_patch_overview.build_options	143	missing docstring
.repo_studios/command_center/scripts/summarizers/summarize_monkey_patch_overview.py	function	.repo_studios.command_center.scripts.summarizers.summarize_monkey_patch_overview.configure_logging	165	missing docstring
.repo_studios/command_center/scripts/summarizers/summarize_monkey_patch_overview.py	function	.repo_studios.command_center.scripts.summarizers.summarize_monkey_patch_overview.run	307	missing docstring
.repo_studios/command_center/scripts/summarizers/summarize_monkey_patch_overview.py	function	.repo_studios.command_center.scripts.summarizers.summarize_monkey_patch_overview.main	470	missing docstring
.repo_studios/scripts/orchestrators/run_fault_pipeline.py	class	.repo_studios.scripts.orchestrators.run_fault_pipeline.Paths	58	missing docstring
.repo_studios/scripts/orchestrators/run_fault_pipeline.py	class	.repo_studios.scripts.orchestrators.run_fault_pipeline.KeepOptions	70	missing docstring
.repo_studios/scripts/orchestrators/run_fault_pipeline.py	class	.repo_studios.scripts.orchestrators.run_fault_pipeline.Options	77	missing docstring
.repo_studios/scripts/orchestrators/run_fault_pipeline.py	function	.repo_studios.scripts.orchestrators.run_fault_pipeline.parse_args	264	missing docstring
.repo_studios/scripts/orchestrators/run_fault_pipeline.py	function	.repo_studios.scripts.orchestrators.run_fault_pipeline.build_paths	317	missing docstring
.repo_studios/scripts/orchestrators/run_fault_pipeline.py	function	.repo_studios.scripts.orchestrators.run_fault_pipeline.build_options	321	missing docstring
.repo_studios/scripts/orchestrators/run_fault_pipeline.py	function	.repo_studios.scripts.orchestrators.run_fault_pipeline.run	785	missing docstring
.repo_studios/scripts/orchestrators/run_fault_pipeline.py	function	.repo_studios.scripts.orchestrators.run_fault_pipeline.main	791	missing docstring
.repo_studios/scripts/orchestrators/run_standards_gap_suite.py	class	.repo_studios.scripts.orchestrators.run_standards_gap_suite.Paths	61	missing docstring
.repo_studios/scripts/orchestrators/run_standards_gap_suite.py	class	.repo_studios.scripts.orchestrators.run_standards_gap_suite.KeepValues	70	missing docstring
.repo_studios/scripts/orchestrators/run_standards_gap_suite.py	class	.repo_studios.scripts.orchestrators.run_standards_gap_suite.Options	76	missing docstring
.repo_studios/scripts/orchestrators/run_standards_gap_suite.py	class	.repo_studios.scripts.orchestrators.run_standards_gap_suite.StepOutcome	87	missing docstring
.repo_studios/scripts/orchestrators/run_standards_gap_suite.py	method	.repo_studios.scripts.orchestrators.run_standards_gap_suite.StepOutcome.to_dict	94	missing docstring
.repo_studios/scripts/orchestrators/run_standards_gap_suite.py	function	.repo_studios.scripts.orchestrators.run_standards_gap_suite.parse_args	220	missing docstring
.repo_studios/scripts/orchestrators/run_standards_gap_suite.py	function	.repo_studios.scripts.orchestrators.run_standards_gap_suite.run	422	missing docstring
.repo_studios/scripts/orchestrators/run_standards_gap_suite.py	function	.repo_studios.scripts.orchestrators.run_standards_gap_suite.main	428	missing docstring
.repo_studios/scripts/producers/collect_faulthandler_reports.py	class	.repo_studios.scripts.producers.collect_faulthandler_reports.Paths	74	missing docstring
.repo_studios/scripts/producers/collect_faulthandler_reports.py	class	.repo_studios.scripts.producers.collect_faulthandler_reports.Options	82	missing docstring
.repo_studios/scripts/producers/collect_faulthandler_reports.py	function	.repo_studios.scripts.producers.collect_faulthandler_reports.parse_args	118	missing docstring
.repo_studios/scripts/producers/collect_faulthandler_reports.py	function	.repo_studios.scripts.producers.collect_faulthandler_reports.build_paths	158	missing docstring
.repo_studios/scripts/producers/collect_faulthandler_reports.py	function	.repo_studios.scripts.producers.collect_faulthandler_reports.build_options	162	missing docstring
.repo_studios/scripts/producers/collect_faulthandler_reports.py	function	.repo_studios.scripts.producers.collect_faulthandler_reports.configure_logging	172	missing docstring
.repo_studios/scripts/producers/collect_faulthandler_reports.py	function	.repo_studios.scripts.producers.collect_faulthandler_reports.run	478	missing docstring
.repo_studios/scripts/producers/collect_faulthandler_reports.py	function	.repo_studios.scripts.producers.collect_faulthandler_reports.main	531	missing docstring
.repo_studios/scripts/producers/generate_undocumented_logic_report.py	class	.repo_studios.scripts.producers.generate_undocumented_logic_report.Paths	52	missing docstring
.repo_studios/scripts/producers/generate_undocumented_logic_report.py	class	.repo_studios.scripts.producers.generate_undocumented_logic_report.Options	61	missing docstring
.repo_studios/scripts/producers/generate_undocumented_logic_report.py	class	.repo_studios.scripts.producers.generate_undocumented_logic_report.EntityFinding	109	missing docstring
.repo_studios/scripts/producers/generate_undocumented_logic_report.py	class	.repo_studios.scripts.producers.generate_undocumented_logic_report.ModuleScan	118	missing docstring
.repo_studios/scripts/producers/generate_undocumented_logic_report.py	method	.repo_studios.scripts.producers.generate_undocumented_logic_report.ModuleScan.coverage	124	missing docstring
.repo_studios/scripts/producers/generate_undocumented_logic_report.py	function	.repo_studios.scripts.producers.generate_undocumented_logic_report.parse_args	134	missing docstring
.repo_studios/scripts/producers/generate_undocumented_logic_report.py	function	.repo_studios.scripts.producers.generate_undocumented_logic_report.run	541	missing docstring
.repo_studios/scripts/producers/generate_undocumented_logic_report.py	function	.repo_studios.scripts.producers.generate_undocumented_logic_report.main	647	missing docstring
.repo_studios/scripts/summarizers/summarize_health_suite.py	class	.repo_studios.scripts.summarizers.summarize_health_suite.Paths	45	missing docstring
.repo_studios/scripts/summarizers/summarize_health_suite.py	class	.repo_studios.scripts.summarizers.summarize_health_suite.Options	62	missing docstring
.repo_studios/scripts/summarizers/summarize_health_suite.py	class	.repo_studios.scripts.summarizers.summarize_health_suite.KeepValues	70	missing docstring
.repo_studios/scripts/summarizers/summarize_health_suite.py	function	.repo_studios.scripts.summarizers.summarize_health_suite.configure_logging	146	missing docstring
.repo_studios/scripts/summarizers/summarize_health_suite.py	function	.repo_studios.scripts.summarizers.summarize_health_suite.build_paths	150	missing docstring
.repo_studios/scripts/summarizers/summarize_health_suite.py	function	.repo_studios.scripts.summarizers.summarize_health_suite.build_options	154	missing docstring
.repo_studios/scripts/summarizers/summarize_health_suite.py	function	.repo_studios.scripts.summarizers.summarize_health_suite.run	702	missing docstring
.repo_studios/scripts/summarizers/summarize_health_suite.py	function	.repo_studios.scripts.summarizers.summarize_health_suite.main	916	missing docstring
.repo_studios/scripts/summarizers/summarize_standards.py	class	.repo_studios.scripts.summarizers.summarize_standards.Paths	46	missing docstring
.repo_studios/scripts/summarizers/summarize_standards.py	class	.repo_studios.scripts.summarizers.summarize_standards.Options	65	missing docstring
.repo_studios/scripts/summarizers/summarize_standards.py	class	.repo_studios.scripts.summarizers.summarize_standards.KeepValues	73	missing docstring
.repo_studios/scripts/summarizers/summarize_standards.py	function	.repo_studios.scripts.summarizers.summarize_standards.configure_logging	133	missing docstring
.repo_studios/scripts/summarizers/summarize_standards.py	function	.repo_studios.scripts.summarizers.summarize_standards.build_paths	137	missing docstring
.repo_studios/scripts/summarizers/summarize_standards.py	function	.repo_studios.scripts.summarizers.summarize_standards.build_options	141	missing docstring
.repo_studios/scripts/summarizers/summarize_standards.py	function	.repo_studios.scripts.summarizers.summarize_standards.run	245	missing docstring
.repo_studios/scripts/summarizers/summarize_standards.py	function	.repo_studios.scripts.summarizers.summarize_standards.main	347	missing docstring
.repo_studios/command_center/scripts/libraries/test_log_analysis.py	class	.repo_studios.command_center.scripts.libraries.test_log_analysis.TestHealth	30	missing docstring
.repo_studios/command_center/scripts/libraries/test_log_analysis.py	class	.repo_studios.command_center.scripts.libraries.test_log_analysis.TestLogAnalysisResult	40	missing docstring
.repo_studios/command_center/scripts/libraries/test_log_analysis.py	function	.repo_studios.command_center.scripts.libraries.test_log_analysis.read_text	55	missing docstring
.repo_studios/command_center/scripts/libraries/test_log_analysis.py	function	.repo_studios.command_center.scripts.libraries.test_log_analysis.select_junit_artifact	107	missing docstring
.repo_studios/command_center/scripts/libraries/test_log_analysis.py	function	.repo_studios.command_center.scripts.libraries.test_log_analysis.select_full_log	157	missing docstring
.repo_studios/command_center/scripts/libraries/test_log_analysis.py	function	.repo_studios.command_center.scripts.libraries.test_log_analysis.build_test_log_report	204	missing docstring
.repo_studios/command_center/scripts/libraries/test_log_analysis.py	function	.repo_studios.command_center.scripts.libraries.test_log_analysis.render_markdown	253	missing docstring
.repo_studios/scripts/orchestrators/orchestrate_health_suite.py	function	.repo_studios.scripts.orchestrators.orchestrate_health_suite.exe	158	missing docstring
.repo_studios/scripts/orchestrators/orchestrate_health_suite.py	function	.repo_studios.scripts.orchestrators.orchestrate_health_suite.find_script	188	missing docstring
.repo_studios/scripts/orchestrators/orchestrate_health_suite.py	class	.repo_studios.scripts.orchestrators.orchestrate_health_suite.Step	197	missing docstring
.repo_studios/scripts/orchestrators/orchestrate_health_suite.py	function	.repo_studios.scripts.orchestrators.orchestrate_health_suite.make_steps	206	missing docstring
.repo_studios/scripts/orchestrators/orchestrate_health_suite.py	function	.repo_studios.scripts.orchestrators.orchestrate_health_suite.run_step	604	missing docstring
.repo_studios/scripts/orchestrators/orchestrate_health_suite.py	function	.repo_studios.scripts.orchestrators.orchestrate_health_suite.write_status	779	missing docstring
.repo_studios/scripts/orchestrators/orchestrate_health_suite.py	function	.repo_studios.scripts.orchestrators.orchestrate_health_suite.main	816	missing docstring
.repo_studios/scripts/orchestrators/run_batch_cleanup.py	function	.repo_studios.scripts.orchestrators.run_batch_cleanup.ruff_format_cmd	37	missing docstring
.repo_studios/scripts/orchestrators/run_batch_cleanup.py	function	.repo_studios.scripts.orchestrators.run_batch_cleanup.ruff_fix_cmd	41	missing docstring
.repo_studios/scripts/orchestrators/run_batch_cleanup.py	class	.repo_studios.scripts.orchestrators.run_batch_cleanup.CleanupOptions	46	missing docstring
.repo_studios/scripts/orchestrators/run_batch_cleanup.py	class	.repo_studios.scripts.orchestrators.run_batch_cleanup.CommandResult	59	missing docstring
.repo_studios/scripts/orchestrators/run_batch_cleanup.py	method	.repo_studios.scripts.orchestrators.run_batch_cleanup.CommandResult.to_dict	69	missing docstring
.repo_studios/scripts/orchestrators/run_batch_cleanup.py	function	.repo_studios.scripts.orchestrators.run_batch_cleanup.run	696	missing docstring
.repo_studios/scripts/orchestrators/run_batch_cleanup.py	function	.repo_studios.scripts.orchestrators.run_batch_cleanup.main	809	missing docstring
.repo_studios/scripts/producers/generate_test_coverage_inventory.py	class	.repo_studios.scripts.producers.generate_test_coverage_inventory.Paths	66	missing docstring
.repo_studios/scripts/producers/generate_test_coverage_inventory.py	class	.repo_studios.scripts.producers.generate_test_coverage_inventory.Options	73	missing docstring
.repo_studios/scripts/producers/generate_test_coverage_inventory.py	class	.repo_studios.scripts.producers.generate_test_coverage_inventory.FunctionStat	105	missing docstring
.repo_studios/scripts/producers/generate_test_coverage_inventory.py	class	.repo_studios.scripts.producers.generate_test_coverage_inventory.FileCoverage	112	missing docstring
.repo_studios/scripts/producers/generate_test_coverage_inventory.py	function	.repo_studios.scripts.producers.generate_test_coverage_inventory.parse_args	129	missing docstring
.repo_studios/scripts/producers/generate_test_coverage_inventory.py	function	.repo_studios.scripts.producers.generate_test_coverage_inventory.run	456	missing docstring
.repo_studios/scripts/producers/generate_test_coverage_inventory.py	function	.repo_studios.scripts.producers.generate_test_coverage_inventory.main	569	missing docstring
.repo_studios/command_center/scripts/aggregators/generate_automation_manifest.py	class	.repo_studios.command_center.scripts.aggregators.generate_automation_manifest.Paths	74	missing docstring
.repo_studios/command_center/scripts/aggregators/generate_automation_manifest.py	class	.repo_studios.command_center.scripts.aggregators.generate_automation_manifest.Options	80	missing docstring
.repo_studios/command_center/scripts/aggregators/generate_automation_manifest.py	function	.repo_studios.command_center.scripts.aggregators.generate_automation_manifest.configure_logging	207	missing docstring
.repo_studios/command_center/scripts/aggregators/generate_automation_manifest.py	function	.repo_studios.command_center.scripts.aggregators.generate_automation_manifest.build_parser	212	missing docstring
.repo_studios/command_center/scripts/aggregators/generate_automation_manifest.py	function	.repo_studios.command_center.scripts.aggregators.generate_automation_manifest.run	259	missing docstring
.repo_studios/command_center/scripts/aggregators/generate_automation_manifest.py	function	.repo_studios.command_center.scripts.aggregators.generate_automation_manifest.main	383	missing docstring
.repo_studios/command_center/scripts/aggregators/generate_metrics_summary.py	class	.repo_studios.command_center.scripts.aggregators.generate_metrics_summary.Paths	57	missing docstring
.repo_studios/command_center/scripts/aggregators/generate_metrics_summary.py	class	.repo_studios.command_center.scripts.aggregators.generate_metrics_summary.Options	63	missing docstring
.repo_studios/command_center/scripts/aggregators/generate_metrics_summary.py	function	.repo_studios.command_center.scripts.aggregators.generate_metrics_summary.configure_logging	135	missing docstring
.repo_studios/command_center/scripts/aggregators/generate_metrics_summary.py	function	.repo_studios.command_center.scripts.aggregators.generate_metrics_summary.build_parser	140	missing docstring
.repo_studios/command_center/scripts/aggregators/generate_metrics_summary.py	function	.repo_studios.command_center.scripts.aggregators.generate_metrics_summary.run	199	missing docstring
.repo_studios/command_center/scripts/aggregators/generate_metrics_summary.py	function	.repo_studios.command_center.scripts.aggregators.generate_metrics_summary.main	257	missing docstring
.repo_studios/command_center/scripts/libraries/metrics.py	class	.repo_studios.command_center.scripts.libraries.metrics.TestRunResult	19	missing docstring
.repo_studios/command_center/scripts/libraries/metrics.py	method	.repo_studios.command_center.scripts.libraries.metrics.TestRunResult.to_dict	30	missing docstring
.repo_studios/command_center/scripts/libraries/metrics.py	class	.repo_studios.command_center.scripts.libraries.metrics.MetricsSummary	39	missing docstring
.repo_studios/command_center/scripts/libraries/metrics.py	method	.repo_studios.command_center.scripts.libraries.metrics.MetricsSummary.to_dict	65	missing docstring
.repo_studios/command_center/scripts/libraries/metrics.py	function	.repo_studios.command_center.scripts.libraries.metrics.build_metrics_summary	79	missing docstring
.repo_studios/command_center/scripts/libraries/metrics.py	function	.repo_studios.command_center.scripts.libraries.metrics.write_metrics_summary	104	missing docstring
.repo_studios/command_center/scripts/producers/audit_helper_adoption.py	class	.repo_studios.command_center.scripts.producers.audit_helper_adoption.Paths	70	missing docstring
.repo_studios/command_center/scripts/producers/audit_helper_adoption.py	class	.repo_studios.command_center.scripts.producers.audit_helper_adoption.Options	76	missing docstring
.repo_studios/command_center/scripts/producers/audit_helper_adoption.py	class	.repo_studios.command_center.scripts.producers.audit_helper_adoption.TargetScope	81	missing docstring
.repo_studios/command_center/scripts/producers/audit_helper_adoption.py	function	.repo_studios.command_center.scripts.producers.audit_helper_adoption.build_parser	369	missing docstring
.repo_studios/command_center/scripts/producers/audit_helper_adoption.py	function	.repo_studios.command_center.scripts.producers.audit_helper_adoption.run	394	missing docstring
.repo_studios/command_center/scripts/producers/audit_helper_adoption.py	function	.repo_studios.command_center.scripts.producers.audit_helper_adoption.main	456	missing docstring
.repo_studios/scripts/aggregators/aggregate_docs_health_signals.py	class	.repo_studios.scripts.aggregators.aggregate_docs_health_signals.Paths	74	missing docstring
.repo_studios/scripts/aggregators/aggregate_docs_health_signals.py	class	.repo_studios.scripts.aggregators.aggregate_docs_health_signals.Options	88	missing docstring
.repo_studios/scripts/aggregators/aggregate_docs_health_signals.py	class	.repo_studios.scripts.aggregators.aggregate_docs_health_signals.SignalResult	116	missing docstring
.repo_studios/scripts/aggregators/aggregate_docs_health_signals.py	function	.repo_studios.scripts.aggregators.aggregate_docs_health_signals.parse_args	128	missing docstring
.repo_studios/scripts/aggregators/aggregate_docs_health_signals.py	function	.repo_studios.scripts.aggregators.aggregate_docs_health_signals.run	519	missing docstring
.repo_studios/scripts/aggregators/aggregate_docs_health_signals.py	function	.repo_studios.scripts.aggregators.aggregate_docs_health_signals.main	751	missing docstring
.repo_studios/scripts/consumers/classify_monkey_patches.py	class	.repo_studios.scripts.consumers.classify_monkey_patches.Finding	129	missing docstring
.repo_studios/scripts/consumers/classify_monkey_patches.py	method	.repo_studios.scripts.consumers.classify_monkey_patches.Finding.from_obj	138	missing docstring
.repo_studios/scripts/consumers/classify_monkey_patches.py	function	.repo_studios.scripts.consumers.classify_monkey_patches.classify	175	missing docstring
.repo_studios/scripts/consumers/classify_monkey_patches.py	function	.repo_studios.scripts.consumers.classify_monkey_patches.aggregate	185	missing docstring
.repo_studios/scripts/consumers/classify_monkey_patches.py	function	.repo_studios.scripts.consumers.classify_monkey_patches.run	378	missing docstring
.repo_studios/scripts/consumers/classify_monkey_patches.py	function	.repo_studios.scripts.consumers.classify_monkey_patches.main	435	missing docstring
.repo_studios/scripts/producers/generate_dependency_hygiene_report.py	class	.repo_studios.scripts.producers.generate_dependency_hygiene_report.Issue	56	missing docstring
.repo_studios/scripts/producers/generate_dependency_hygiene_report.py	function	.repo_studios.scripts.producers.generate_dependency_hygiene_report.build_report	162	missing docstring
.repo_studios/scripts/producers/generate_dependency_hygiene_report.py	function	.repo_studios.scripts.producers.generate_dependency_hygiene_report.write_markdown	194	missing docstring
.repo_studios/scripts/producers/generate_dependency_hygiene_report.py	function	.repo_studios.scripts.producers.generate_dependency_hygiene_report.write_log	230	missing docstring
.repo_studios/scripts/producers/generate_dependency_hygiene_report.py	function	.repo_studios.scripts.producers.generate_dependency_hygiene_report.configure_logging	258	missing docstring
.repo_studios/scripts/producers/generate_dependency_hygiene_report.py	function	.repo_studios.scripts.producers.generate_dependency_hygiene_report.main	263	missing docstring
.repo_studios/command_center/scripts/libraries/topic_pipeline.py	method	.repo_studios.command_center.scripts.libraries.topic_pipeline.SkipTopicStep.__init__	46	missing docstring
.repo_studios/command_center/scripts/libraries/topic_pipeline.py	method	.repo_studios.command_center.scripts.libraries.topic_pipeline.TopicContext.add_metadata	59	missing docstring
.repo_studios/command_center/scripts/libraries/topic_pipeline.py	method	.repo_studios.command_center.scripts.libraries.topic_pipeline.TopicPipelineResult.failed_steps	95	missing docstring
.repo_studios/command_center/scripts/libraries/topic_pipeline.py	method	.repo_studios.command_center.scripts.libraries.topic_pipeline.TopicPipelineResult.raise_for_failure	98	missing docstring
.repo_studios/command_center/scripts/libraries/topic_pipeline.py	method	.repo_studios.command_center.scripts.libraries.topic_pipeline.TopicPipeline.run	112	missing docstring
.repo_studios/command_center/scripts/orchestrators/run_inventory_update.py	class	.repo_studios.command_center.scripts.orchestrators.run_inventory_update.Paths	27	missing docstring
.repo_studios/command_center/scripts/orchestrators/run_inventory_update.py	function	.repo_studios.command_center.scripts.orchestrators.run_inventory_update.build_parser	41	missing docstring
.repo_studios/command_center/scripts/orchestrators/run_inventory_update.py	function	.repo_studios.command_center.scripts.orchestrators.run_inventory_update.configure_logging	60	missing docstring
.repo_studios/command_center/scripts/orchestrators/run_inventory_update.py	function	.repo_studios.command_center.scripts.orchestrators.run_inventory_update.run	73	missing docstring
.repo_studios/command_center/scripts/orchestrators/run_inventory_update.py	function	.repo_studios.command_center.scripts.orchestrators.run_inventory_update.main	102	missing docstring
.repo_studios/command_center/scripts/utilities/reports_naming_audit.py	class	.repo_studios.command_center.scripts.utilities.reports_naming_audit.AuditEntry	33	missing docstring
.repo_studios/command_center/scripts/utilities/reports_naming_audit.py	method	.repo_studios.command_center.scripts.utilities.reports_naming_audit.AuditEntry.is_compliant	38	missing docstring
.repo_studios/command_center/scripts/utilities/reports_naming_audit.py	function	.repo_studios.command_center.scripts.utilities.reports_naming_audit.audit_reports	190	missing docstring
.repo_studios/command_center/scripts/utilities/reports_naming_audit.py	function	.repo_studios.command_center.scripts.utilities.reports_naming_audit.run	331	missing docstring
.repo_studios/command_center/scripts/utilities/reports_naming_audit.py	function	.repo_studios.command_center.scripts.utilities.reports_naming_audit.main	366	missing docstring
.repo_studios/scripts/producers/generate_lizard_report.py	class	.repo_studios.scripts.producers.generate_lizard_report.Offender	108	missing docstring
.repo_studios/scripts/producers/generate_lizard_report.py	method	.repo_studios.scripts.producers.generate_lizard_report.Offender.to_payload	116	missing docstring
.repo_studios/scripts/producers/generate_lizard_report.py	function	.repo_studios.scripts.producers.generate_lizard_report.configure_logging	564	missing docstring
.repo_studios/scripts/producers/generate_lizard_report.py	function	.repo_studios.scripts.producers.generate_lizard_report.main	569	missing docstring
.repo_studios/command_center/scripts/libraries/guardrails.py	class	.repo_studios.command_center.scripts.libraries.guardrails.GuardrailConstraints	22	missing docstring
.repo_studios/command_center/scripts/libraries/guardrails.py	class	.repo_studios.command_center.scripts.libraries.guardrails.GuardrailConfig	30	missing docstring
.repo_studios/command_center/scripts/libraries/guardrails.py	function	.repo_studios.command_center.scripts.libraries.guardrails.enforce_report_naming	127	missing docstring
.repo_studios/scripts/aggregators/analyze_monkey_patch_trends.py	class	.repo_studios.scripts.aggregators.analyze_monkey_patch_trends.TrendRun	50	missing docstring
.repo_studios/scripts/aggregators/analyze_monkey_patch_trends.py	function	.repo_studios.scripts.aggregators.analyze_monkey_patch_trends.run	406	missing docstring
.repo_studios/scripts/aggregators/analyze_monkey_patch_trends.py	function	.repo_studios.scripts.aggregators.analyze_monkey_patch_trends.main	514	missing docstring
.repo_studios/scripts/aggregators/generate_churn_complexity_heatmap.py	class	.repo_studios.scripts.aggregators.generate_churn_complexity_heatmap.MetricRecord	51	missing docstring
.repo_studios/scripts/aggregators/generate_churn_complexity_heatmap.py	function	.repo_studios.scripts.aggregators.generate_churn_complexity_heatmap.run	492	missing docstring
.repo_studios/scripts/aggregators/generate_churn_complexity_heatmap.py	function	.repo_studios.scripts.aggregators.generate_churn_complexity_heatmap.main	622	missing docstring
.repo_studios/scripts/producers/extract_standards_rules.py	class	.repo_studios.scripts.producers.extract_standards_rules.ParsedRule	76	missing docstring
.repo_studios/scripts/producers/extract_standards_rules.py	method	.repo_studios.scripts.producers.extract_standards_rules.ParsedRule.to_dict	87	missing docstring
.repo_studios/scripts/producers/extract_standards_rules.py	function	.repo_studios.scripts.producers.extract_standards_rules.extract_rules	105	missing docstring
.repo_studios/scripts/utilities/dump_faulthandler_snapshot.py	class	.repo_studios.scripts.utilities.dump_faulthandler_snapshot.SnapshotSettings	60	missing docstring
.repo_studios/scripts/utilities/dump_faulthandler_snapshot.py	function	.repo_studios.scripts.utilities.dump_faulthandler_snapshot.dump_snapshot	112	missing docstring
.repo_studios/scripts/utilities/dump_faulthandler_snapshot.py	function	.repo_studios.scripts.utilities.dump_faulthandler_snapshot.main	244	missing docstring
.repo_studios/command_center/scripts/libraries/telemetry_emitters.py	method	.repo_studios.command_center.scripts.libraries.telemetry_emitters.ArtifactMetrics.as_dict	20	missing docstring
.repo_studios/command_center/scripts/libraries/telemetry_emitters.py	method	.repo_studios.command_center.scripts.libraries.telemetry_emitters.TopicTelemetry.as_dict	40	missing docstring
.repo_studios/scripts/consumers/generate_fault_artifacts.py	function	.repo_studios.scripts.consumers.generate_fault_artifacts.run	481	missing docstring
.repo_studios/scripts/consumers/generate_fault_artifacts.py	function	.repo_studios.scripts.consumers.generate_fault_artifacts.main	575	missing docstring
.repo_studios/scripts/consumers/generate_test_log_health_report.py	function	.repo_studios.scripts.consumers.generate_test_log_health_report.run	399	missing docstring
.repo_studios/scripts/consumers/generate_test_log_health_report.py	function	.repo_studios.scripts.consumers.generate_test_log_health_report.main	496	missing docstring
.repo_studios/scripts/producers/collect_test_log_reports.py	function	.repo_studios.scripts.producers.collect_test_log_reports.run	229	missing docstring
.repo_studios/scripts/producers/collect_test_log_reports.py	function	.repo_studios.scripts.producers.collect_test_log_reports.main	276	missing docstring
.repo_studios/scripts/utilities/configure_faulthandler_runtime.py	class	.repo_studios.scripts.utilities.configure_faulthandler_runtime.FaultSettings	83	missing docstring
.repo_studios/scripts/utilities/configure_faulthandler_runtime.py	function	.repo_studios.scripts.utilities.configure_faulthandler_runtime.bootstrap	263	missing docstring
