slug	file_count	files	locations
testing	28	.repo_studios/docs/automation\analyze_test_hardening.md,.repo_studios/docs/automation\classify_monkey_patches.md,.repo_studios/docs/automation\collect_test_log_reports.md,.repo_studios/docs/automation\configure_faulthandler_runtime.md,.repo_studios/docs/automation\diff_standards_index.md,.repo_studios/docs/automation\dump_faulthandler_snapshot.md,.repo_studios/docs/automation\extract_standards_rules.md,.repo_studios/docs/automation\generate_anchor_health_report.md,.repo_studios/docs/automation\generate_code_doc_churn_report.md,.repo_studios/docs/automation\generate_dependency_hygiene_report.md,.repo_studios/docs/automation\generate_import_graph_report.md,.repo_studios/docs/automation\generate_standards_index.md,.repo_studios/docs/automation\generate_test_coverage_inventory.md,.repo_studios/docs/automation\generate_test_log_health_report.md,.repo_studios/docs/automation\generate_typecheck_report.md,.repo_studios/docs/automation\render_inventory_views.md,.repo_studios/docs/automation\run_fault_pipeline.md,.repo_studios/docs/automation\run_pytest_log_capture.md,.repo_studios/docs/automation\run_standards_index_cli.md,.repo_studios/docs/automation\scan_code_placeholders.md,.repo_studios/docs/automation\scan_monkey_patches.md,.repo_studios/docs/automation\seed_standards_prompts.md,.repo_studios/docs/automation\summarize_standards.md,.repo_studios/docs/automation\validate_import_boundaries.md,.repo_studios/docs/automation\validate_inventory.md,.repo_studios/docs/automation\validate_markdown_anchors.md,.repo_studios/docs/automation\validate_metrics_anchor_stubs.md,.repo_studios/docs/pipeline\tier3_index\IMPLEMENTATION_SUMMARY.md	.repo_studios/docs/automation\analyze_test_hardening.md:47;.repo_studios/docs/automation\classify_monkey_patches.md:73;.repo_studios/docs/automation\collect_test_log_reports.md:79;.repo_studios/docs/automation\configure_faulthandler_runtime.md:46;.repo_studios/docs/automation\diff_standards_index.md:98;.repo_studios/docs/automation\dump_faulthandler_snapshot.md:44;.repo_studios/docs/automation\extract_standards_rules.md:86;.repo_studios/docs/automation\generate_anchor_health_report.md:40;.repo_studios/docs/automation\generate_code_doc_churn_report.md:81;.repo_studios/docs/automation\generate_dependency_hygiene_report.md:81;.repo_studios/docs/automation\generate_import_graph_report.md:82;.repo_studios/docs/automation\generate_standards_index.md:68;.repo_studios/docs/automation\generate_test_coverage_inventory.md:112;.repo_studios/docs/automation\generate_test_log_health_report.md:94;.repo_studios/docs/automation\generate_typecheck_report.md:84;.repo_studios/docs/automation\render_inventory_views.md:58;.repo_studios/docs/automation\run_fault_pipeline.md:70;.repo_studios/docs/automation\run_pytest_log_capture.md:84;.repo_studios/docs/automation\run_standards_index_cli.md:29;.repo_studios/docs/automation\scan_code_placeholders.md:92;.repo_studios/docs/automation\scan_monkey_patches.md:90;.repo_studios/docs/automation\seed_standards_prompts.md:55;.repo_studios/docs/automation\summarize_standards.md:49;.repo_studios/docs/automation\validate_import_boundaries.md:55;.repo_studios/docs/automation\validate_inventory.md:46;.repo_studios/docs/automation\validate_markdown_anchors.md:70;.repo_studios/docs/automation\validate_metrics_anchor_stubs.md:78;.repo_studios/docs/pipeline\tier3_index\IMPLEMENTATION_SUMMARY.md:215
purpose	27	.repo_studios/docs/automation\aggregate_docs_health_signals.md,.repo_studios/docs/automation\analyze_test_hardening.md,.repo_studios/docs/automation\classify_monkey_patches.md,.repo_studios/docs/automation\collect_test_log_reports.md,.repo_studios/docs/automation\extract_standards_rules.md,.repo_studios/docs/automation\generate_anchor_health_report.md,.repo_studios/docs/automation\generate_anchor_inventory.md,.repo_studios/docs/automation\generate_code_doc_churn_report.md,.repo_studios/docs/automation\generate_dependency_hygiene_report.md,.repo_studios/docs/automation\generate_import_graph_report.md,.repo_studios/docs/automation\generate_standards_index.md,.repo_studios/docs/automation\generate_test_coverage_inventory.md,.repo_studios/docs/automation\generate_test_log_health_report.md,.repo_studios/docs/automation\healthview_onboarding.md,.repo_studios/docs/automation\refresh_mypy_baselines.md,.repo_studios/docs/automation\scan_code_placeholders.md,.repo_studios/docs/automation\scan_monkey_patches.md,.repo_studios/docs/automation\seed_standards_prompts.md,.repo_studios/docs/automation\summarize_standards.md,.repo_studios/docs/automation\traceability\aggregator_dependency_audit.md,.repo_studios/docs/automation\traceability\fault_pipeline_aggregator_plan.md,.repo_studios/docs/automation\validate_import_boundaries.md,.repo_studios/docs/automation\validate_markdown_anchors.md,.repo_studios/docs/automation\validate_metrics_anchor_stubs.md,.repo_studios/docs/pipeline\healthview_orchestration_pipeline\implementation_plans\stage_11_1_implementation_plan.md,.repo_studios/docs/standards\global\std-global-prompt-engineering.md,docs/automation\orchestrator_legacy_cleanup_checklist.md	.repo_studios/docs/automation\aggregate_docs_health_signals.md:3;.repo_studios/docs/automation\analyze_test_hardening.md:5;.repo_studios/docs/automation\classify_monkey_patches.md:5;.repo_studios/docs/automation\collect_test_log_reports.md:24;.repo_studios/docs/automation\extract_standards_rules.md:5;.repo_studios/docs/automation\generate_anchor_health_report.md:3;.repo_studios/docs/automation\generate_anchor_inventory.md:5;.repo_studios/docs/automation\generate_code_doc_churn_report.md:23;.repo_studios/docs/automation\generate_dependency_hygiene_report.md:23;.repo_studios/docs/automation\generate_import_graph_report.md:24;.repo_studios/docs/automation\generate_standards_index.md:5;.repo_studios/docs/automation\generate_test_coverage_inventory.md:20;.repo_studios/docs/automation\generate_test_log_health_report.md:24;.repo_studios/docs/automation\healthview_onboarding.md:5;.repo_studios/docs/automation\refresh_mypy_baselines.md:3;.repo_studios/docs/automation\scan_code_placeholders.md:25;.repo_studios/docs/automation\scan_monkey_patches.md:26;.repo_studios/docs/automation\seed_standards_prompts.md:5;.repo_studios/docs/automation\summarize_standards.md:5;.repo_studios/docs/automation\traceability\aggregator_dependency_audit.md:3;.repo_studios/docs/automation\traceability\fault_pipeline_aggregator_plan.md:9;.repo_studios/docs/automation\validate_import_boundaries.md:5;.repo_studios/docs/automation\validate_markdown_anchors.md:19;.repo_studios/docs/automation\validate_metrics_anchor_stubs.md:19;.repo_studios/docs/pipeline\healthview_orchestration_pipeline\implementation_plans\stage_11_1_implementation_plan.md:10;.repo_studios/docs/standards\global\std-global-prompt-engineering.md:29;docs/automation\orchestrator_legacy_cleanup_checklist.md:5
invocation	23	.repo_studios/docs/automation\analyze_test_hardening.md,.repo_studios/docs/automation\classify_monkey_patches.md,.repo_studios/docs/automation\collect_test_log_reports.md,.repo_studios/docs/automation\extract_standards_rules.md,.repo_studios/docs/automation\generate_dependency_hygiene_report.md,.repo_studios/docs/automation\generate_import_graph_report.md,.repo_studios/docs/automation\generate_lizard_report.md,.repo_studios/docs/automation\generate_standards_index.md,.repo_studios/docs/automation\generate_test_coverage_inventory.md,.repo_studios/docs/automation\generate_typecheck_report.md,.repo_studios/docs/automation\refresh_mypy_baselines.md,.repo_studios/docs/automation\render_inventory_views.md,.repo_studios/docs/automation\run_fault_pipeline.md,.repo_studios/docs/automation\run_pytest_log_capture.md,.repo_studios/docs/automation\scan_code_placeholders.md,.repo_studios/docs/automation\scan_monkey_patches.md,.repo_studios/docs/automation\seed_standards_prompts.md,.repo_studios/docs/automation\summarize_standards.md,.repo_studios/docs/automation\validate_import_boundaries.md,.repo_studios/docs/automation\validate_inventory.md,.repo_studios/docs/automation\validate_markdown_anchors.md,.repo_studios/docs/automation\validate_metrics_anchor_stubs.md,.repo_studios/docs/automation\verify_docs_integrity.md	.repo_studios/docs/automation\analyze_test_hardening.md:9;.repo_studios/docs/automation\classify_monkey_patches.md:28;.repo_studios/docs/automation\collect_test_log_reports.md:28;.repo_studios/docs/automation\extract_standards_rules.md:50;.repo_studios/docs/automation\generate_dependency_hygiene_report.md:30;.repo_studios/docs/automation\generate_import_graph_report.md:37;.repo_studios/docs/automation\generate_lizard_report.md:46;.repo_studios/docs/automation\generate_standards_index.md:9;.repo_studios/docs/automation\generate_test_coverage_inventory.md:30;.repo_studios/docs/automation\generate_typecheck_report.md:35;.repo_studios/docs/automation\refresh_mypy_baselines.md:9;.repo_studios/docs/automation\render_inventory_views.md:22;.repo_studios/docs/automation\run_fault_pipeline.md:15;.repo_studios/docs/automation\run_pytest_log_capture.md:23;.repo_studios/docs/automation\scan_code_placeholders.md:29;.repo_studios/docs/automation\scan_monkey_patches.md:32;.repo_studios/docs/automation\seed_standards_prompts.md:9;.repo_studios/docs/automation\summarize_standards.md:14;.repo_studios/docs/automation\validate_import_boundaries.md:9;.repo_studios/docs/automation\validate_inventory.md:5;.repo_studios/docs/automation\validate_markdown_anchors.md:26;.repo_studios/docs/automation\validate_metrics_anchor_stubs.md:28;.repo_studios/docs/automation\verify_docs_integrity.md:21
outputs	23	.repo_studios/docs/automation\analyze_test_hardening.md,.repo_studios/docs/automation\classify_monkey_patches.md,.repo_studios/docs/automation\collect_test_log_reports.md,.repo_studios/docs/automation\diff_standards_index.md,.repo_studios/docs/automation\generate_code_doc_churn_report.md,.repo_studios/docs/automation\generate_dependency_hygiene_report.md,.repo_studios/docs/automation\generate_import_graph_report.md,.repo_studios/docs/automation\generate_standards_index.md,.repo_studios/docs/automation\generate_test_coverage_inventory.md,.repo_studios/docs/automation\generate_test_log_health_report.md,.repo_studios/docs/automation\refresh_mypy_baselines.md,.repo_studios/docs/automation\render_inventory_views.md,.repo_studios/docs/automation\run_fault_pipeline.md,.repo_studios/docs/automation\run_pytest_log_capture.md,.repo_studios/docs/automation\scan_code_placeholders.md,.repo_studios/docs/automation\scan_monkey_patches.md,.repo_studios/docs/automation\seed_standards_prompts.md,.repo_studios/docs/automation\summarize_standards.md,.repo_studios/docs/automation\validate_import_boundaries.md,.repo_studios/docs/automation\validate_inventory.md,.repo_studios/docs/automation\validate_markdown_anchors.md,.repo_studios/docs/automation\validate_metrics_anchor_stubs.md,.repo_studios/docs/playbooks\playbook-memory-refresh.md	.repo_studios/docs/automation\analyze_test_hardening.md:30;.repo_studios/docs/automation\classify_monkey_patches.md:55;.repo_studios/docs/automation\collect_test_log_reports.md:53;.repo_studios/docs/automation\diff_standards_index.md:83;.repo_studios/docs/automation\generate_code_doc_churn_report.md:46;.repo_studios/docs/automation\generate_dependency_hygiene_report.md:53;.repo_studios/docs/automation\generate_import_graph_report.md:60;.repo_studios/docs/automation\generate_standards_index.md:41;.repo_studios/docs/automation\generate_test_coverage_inventory.md:88;.repo_studios/docs/automation\generate_test_log_health_report.md:52;.repo_studios/docs/automation\refresh_mypy_baselines.md:27;.repo_studios/docs/automation\render_inventory_views.md:38;.repo_studios/docs/automation\run_fault_pipeline.md:56;.repo_studios/docs/automation\run_pytest_log_capture.md:55;.repo_studios/docs/automation\scan_code_placeholders.md:58;.repo_studios/docs/automation\scan_monkey_patches.md:63;.repo_studios/docs/automation\seed_standards_prompts.md:32;.repo_studios/docs/automation\summarize_standards.md:28;.repo_studios/docs/automation\validate_import_boundaries.md:30;.repo_studios/docs/automation\validate_inventory.md:22;.repo_studios/docs/automation\validate_markdown_anchors.md:46;.repo_studios/docs/automation\validate_metrics_anchor_stubs.md:53;.repo_studios/docs/playbooks\playbook-memory-refresh.md:64
update-log	23	.repo_studios/docs/automation\check_inventory_health.md,.repo_studios/docs/automation\collect_faulthandler_reports.md,.repo_studios/docs/automation\diff_standards_index.md,.repo_studios/docs/automation\generate_doc_index.md,.repo_studios/docs/automation\generate_import_graph_report.md,.repo_studios/docs/automation\generate_lizard_report.md,.repo_studios/docs/automation\generate_typecheck_report.md,.repo_studios/docs/automation\generate_undocumented_logic_report.md,.repo_studios/docs/automation\scan_monkey_patches.md,.repo_studios/docs/automation\validate_markdown_anchors.md,.repo_studios/docs/pipeline\README.md,.repo_studios/docs/pipeline\checkbox_report\outputs\checkbox_report.md,.repo_studios/docs/pipeline\healthview_orchestration_pipeline\implementation_plans\docstring_compliance_plan.md,.repo_studios/docs/pipeline\healthview_orchestration_pipeline\implementation_plans\stage_11_1_implementation_plan.md,.repo_studios/docs/pipeline\healthview_orchestration_pipeline\implementation_plans\stage_3_1_implementation_plan.md,.repo_studios/docs/pipeline\healthview_orchestration_pipeline\tier2_roster\README.md,.repo_studios/docs/pipeline\healthview_orchestration_pipeline\tier2_roster\tier2_onboarding_tools_roster.md,.repo_studios/docs/pipeline\healthview_orchestration_pipeline\workflows\healthview_agent_loop_implementation_plan.md,.repo_studios/docs/pipeline\pipeline_doc_map.md,docs/automation\reviews\standards_integrity_output_review-2026-01-21.md,docs/db_integrations\README.md,docs/pipeline\healthview_orchestration_pipeline\implementation_plans\stage_2_1_docs_health_expectations_temp.md,docs/templates\meta_prompt_markdown_lint_hygiene.md	.repo_studios/docs/automation\check_inventory_health.md:101;.repo_studios/docs/automation\collect_faulthandler_reports.md:115;.repo_studios/docs/automation\diff_standards_index.md:102;.repo_studios/docs/automation\generate_doc_index.md:86;.repo_studios/docs/automation\generate_import_graph_report.md:87;.repo_studios/docs/automation\generate_lizard_report.md:81;.repo_studios/docs/automation\generate_typecheck_report.md:90;.repo_studios/docs/automation\generate_undocumented_logic_report.md:88;.repo_studios/docs/automation\scan_monkey_patches.md:104;.repo_studios/docs/automation\validate_markdown_anchors.md:87;.repo_studios/docs/pipeline\README.md:142;.repo_studios/docs/pipeline\checkbox_report\outputs\checkbox_report.md:133;.repo_studios/docs/pipeline\healthview_orchestration_pipeline\implementation_plans\docstring_compliance_plan.md:392;.repo_studios/docs/pipeline\healthview_orchestration_pipeline\implementation_plans\stage_11_1_implementation_plan.md:173;.repo_studios/docs/pipeline\healthview_orchestration_pipeline\implementation_plans\stage_3_1_implementation_plan.md:418;.repo_studios/docs/pipeline\healthview_orchestration_pipeline\tier2_roster\README.md:46;.repo_studios/docs/pipeline\healthview_orchestration_pipeline\tier2_roster\tier2_onboarding_tools_roster.md:220;.repo_studios/docs/pipeline\healthview_orchestration_pipeline\workflows\healthview_agent_loop_implementation_plan.md:492;.repo_studios/docs/pipeline\pipeline_doc_map.md:158;docs/automation\reviews\standards_integrity_output_review-2026-01-21.md:534;docs/db_integrations\README.md:44;docs/pipeline\healthview_orchestration_pipeline\implementation_plans\stage_2_1_docs_health_expectations_temp.md:361;docs/templates\meta_prompt_markdown_lint_hygiene.md:174
goals	17	.repo_studios/docs/automation\check_inventory_health.md,.repo_studios/docs/automation\ci_metrics_checks.md,.repo_studios/docs/automation\collect_faulthandler_reports.md,.repo_studios/docs/automation\diff_standards_index.md,.repo_studios/docs/automation\generate_doc_index.md,.repo_studios/docs/automation\generate_lizard_report.md,.repo_studios/docs/automation\generate_typecheck_report.md,.repo_studios/docs/automation\generate_undocumented_logic_report.md,.repo_studios/docs/automation\standards-extraction-spec.md,.repo_studios/docs/pipeline\README.md,.repo_studios/docs/pipeline\checkbox_report\outputs\checkbox_report.md,.repo_studios/docs/pipeline\healthview_orchestration_pipeline\tier2_roster\README.md,.repo_studios/docs/pipeline\healthview_orchestration_pipeline\workflows\healthview_agent_loop_implementation_plan.md,.repo_studios/docs/pipeline\pipeline_doc_map.md,docs/automation\reviews\standards_integrity_output_review-2026-01-21.md,docs/db_integrations\README.md,docs/pipeline\healthview_orchestration_pipeline\implementation_plans\stage_2_1_docs_health_expectations_temp.md	.repo_studios/docs/automation\check_inventory_health.md:21;.repo_studios/docs/automation\ci_metrics_checks.md:7;.repo_studios/docs/automation\collect_faulthandler_reports.md:23;.repo_studios/docs/automation\diff_standards_index.md:29;.repo_studios/docs/automation\generate_doc_index.md:20;.repo_studios/docs/automation\generate_lizard_report.md:23;.repo_studios/docs/automation\generate_typecheck_report.md:20;.repo_studios/docs/automation\generate_undocumented_logic_report.md:24;.repo_studios/docs/automation\standards-extraction-spec.md:27;.repo_studios/docs/pipeline\README.md:33;.repo_studios/docs/pipeline\checkbox_report\outputs\checkbox_report.md:23;.repo_studios/docs/pipeline\healthview_orchestration_pipeline\tier2_roster\README.md:31;.repo_studios/docs/pipeline\healthview_orchestration_pipeline\workflows\healthview_agent_loop_implementation_plan.md:43;.repo_studios/docs/pipeline\pipeline_doc_map.md:31;docs/automation\reviews\standards_integrity_output_review-2026-01-21.md:23;docs/db_integrations\README.md:16;docs/pipeline\healthview_orchestration_pipeline\implementation_plans\stage_2_1_docs_health_expectations_temp.md:36
operational-notes	16	.repo_studios/docs/automation\analyze_test_hardening.md,.repo_studios/docs/automation\classify_monkey_patches.md,.repo_studios/docs/automation\collect_test_log_reports.md,.repo_studios/docs/automation\generate_dependency_hygiene_report.md,.repo_studios/docs/automation\generate_standards_index.md,.repo_studios/docs/automation\generate_test_coverage_inventory.md,.repo_studios/docs/automation\healthview_onboarding.md,.repo_studios/docs/automation\run_pytest_log_capture.md,.repo_studios/docs/automation\run_standards_index_cli.md,.repo_studios/docs/automation\scan_code_placeholders.md,.repo_studios/docs/automation\scan_monkey_patches.md,.repo_studios/docs/automation\seed_standards_prompts.md,.repo_studios/docs/automation\validate_import_boundaries.md,.repo_studios/docs/automation\validate_markdown_anchors.md,.repo_studios/docs/automation\validate_metrics_anchor_stubs.md,.repo_studios/docs/directory_layout.md	.repo_studios/docs/automation\analyze_test_hardening.md:53;.repo_studios/docs/automation\classify_monkey_patches.md:77;.repo_studios/docs/automation\collect_test_log_reports.md:85;.repo_studios/docs/automation\generate_dependency_hygiene_report.md:86;.repo_studios/docs/automation\generate_standards_index.md:73;.repo_studios/docs/automation\generate_test_coverage_inventory.md:118;.repo_studios/docs/automation\healthview_onboarding.md:105;.repo_studios/docs/automation\run_pytest_log_capture.md:94;.repo_studios/docs/automation\run_standards_index_cli.md:40;.repo_studios/docs/automation\scan_code_placeholders.md:98;.repo_studios/docs/automation\scan_monkey_patches.md:96;.repo_studios/docs/automation\seed_standards_prompts.md:61;.repo_studios/docs/automation\validate_import_boundaries.md:61;.repo_studios/docs/automation\validate_markdown_anchors.md:78;.repo_studios/docs/automation\validate_metrics_anchor_stubs.md:85;.repo_studios/docs/directory_layout.md:25
0-instruction-block-for-editors-ai-assistants	15	.repo_studios/docs/pipeline\healthview_orchestration_pipeline\tier1_healthview_orchestration_pipeline.md,.repo_studios/docs/pipeline\healthview_orchestration_pipeline\tier2_roster\tier2_available_scripts_orchestrator_roster.md,.repo_studios/docs/pipeline\healthview_orchestration_pipeline\tier2_roster\tier2_available_scripts_roster.md,.repo_studios/docs/pipeline\healthview_orchestration_pipeline\tier2_roster\tier2_dependency_import_hygiene_roster.md,.repo_studios/docs/pipeline\healthview_orchestration_pipeline\tier2_roster\tier2_docs_health_overview_roster.md,.repo_studios/docs/pipeline\healthview_orchestration_pipeline\tier2_roster\tier2_fault_diagnostics_overview_roster.md,.repo_studios/docs/pipeline\healthview_orchestration_pipeline\tier2_roster\tier2_full_suite_overview_roster.md,.repo_studios/docs/pipeline\healthview_orchestration_pipeline\tier2_roster\tier2_healthview_roster_template.md,.repo_studios/docs/pipeline\healthview_orchestration_pipeline\tier2_roster\tier2_monkey_patch_oversight_roster.md,.repo_studios/docs/pipeline\healthview_orchestration_pipeline\tier2_roster\tier2_onboarding_tools_roster.md,.repo_studios/docs/pipeline\healthview_orchestration_pipeline\tier2_roster\tier2_standards_integrity_roster.md,.repo_studios/docs/pipeline\healthview_orchestration_pipeline\tier2_roster\tier2_test_execution_telemetry_roster.md,.repo_studios/docs/pipeline\pipeline_templates\tier1_pipeline_template.md,.repo_studios/docs/pipeline\pipeline_templates\tier2_pipeline_template.md,.repo_studios/docs/pipeline\pipeline_templates\tier3_pipeline_template.md	.repo_studios/docs/pipeline\healthview_orchestration_pipeline\tier1_healthview_orchestration_pipeline.md:35;.repo_studios/docs/pipeline\healthview_orchestration_pipeline\tier2_roster\tier2_available_scripts_orchestrator_roster.md:55;.repo_studios/docs/pipeline\healthview_orchestration_pipeline\tier2_roster\tier2_available_scripts_roster.md:51;.repo_studios/docs/pipeline\healthview_orchestration_pipeline\tier2_roster\tier2_dependency_import_hygiene_roster.md:48;.repo_studios/docs/pipeline\healthview_orchestration_pipeline\tier2_roster\tier2_docs_health_overview_roster.md:48;.repo_studios/docs/pipeline\healthview_orchestration_pipeline\tier2_roster\tier2_fault_diagnostics_overview_roster.md:49;.repo_studios/docs/pipeline\healthview_orchestration_pipeline\tier2_roster\tier2_full_suite_overview_roster.md:49;.repo_studios/docs/pipeline\healthview_orchestration_pipeline\tier2_roster\tier2_healthview_roster_template.md:45;.repo_studios/docs/pipeline\healthview_orchestration_pipeline\tier2_roster\tier2_monkey_patch_oversight_roster.md:46;.repo_studios/docs/pipeline\healthview_orchestration_pipeline\tier2_roster\tier2_onboarding_tools_roster.md:51;.repo_studios/docs/pipeline\healthview_orchestration_pipeline\tier2_roster\tier2_standards_integrity_roster.md:46;.repo_studios/docs/pipeline\healthview_orchestration_pipeline\tier2_roster\tier2_test_execution_telemetry_roster.md:51;.repo_studios/docs/pipeline\pipeline_templates\tier1_pipeline_template.md:9;.repo_studios/docs/pipeline\pipeline_templates\tier2_pipeline_template.md:32;.repo_studios/docs/pipeline\pipeline_templates\tier3_pipeline_template.md:36
system-context	15	.repo_studios/docs/automation\check_inventory_health.md,.repo_studios/docs/automation\collect_faulthandler_reports.md,.repo_studios/docs/automation\diff_standards_index.md,.repo_studios/docs/automation\generate_doc_index.md,.repo_studios/docs/automation\generate_lizard_report.md,.repo_studios/docs/automation\generate_typecheck_report.md,.repo_studios/docs/automation\generate_undocumented_logic_report.md,.repo_studios/docs/pipeline\README.md,.repo_studios/docs/pipeline\checkbox_report\outputs\checkbox_report.md,.repo_studios/docs/pipeline\healthview_orchestration_pipeline\tier2_roster\README.md,.repo_studios/docs/pipeline\healthview_orchestration_pipeline\workflows\healthview_agent_loop_implementation_plan.md,.repo_studios/docs/pipeline\pipeline_doc_map.md,docs/automation\reviews\standards_integrity_output_review-2026-01-21.md,docs/db_integrations\README.md,docs/pipeline\healthview_orchestration_pipeline\implementation_plans\stage_2_1_docs_health_expectations_temp.md	.repo_studios/docs/automation\check_inventory_health.md:27;.repo_studios/docs/automation\collect_faulthandler_reports.md:29;.repo_studios/docs/automation\diff_standards_index.md:34;.repo_studios/docs/automation\generate_doc_index.md:25;.repo_studios/docs/automation\generate_lizard_report.md:29;.repo_studios/docs/automation\generate_typecheck_report.md:26;.repo_studios/docs/automation\generate_undocumented_logic_report.md:30;.repo_studios/docs/pipeline\README.md:42;.repo_studios/docs/pipeline\checkbox_report\outputs\checkbox_report.md:29;.repo_studios/docs/pipeline\healthview_orchestration_pipeline\tier2_roster\README.md:36;.repo_studios/docs/pipeline\healthview_orchestration_pipeline\workflows\healthview_agent_loop_implementation_plan.md:51;.repo_studios/docs/pipeline\pipeline_doc_map.md:37;docs/automation\reviews\standards_integrity_output_review-2026-01-21.md:29;docs/db_integrations\README.md:21;docs/pipeline\healthview_orchestration_pipeline\implementation_plans\stage_2_1_docs_health_expectations_temp.md:76
agent-instructions	13	.repo_studios/docs/automation\check_inventory_health.md,.repo_studios/docs/automation\collect_faulthandler_reports.md,.repo_studios/docs/automation\diff_standards_index.md,.repo_studios/docs/automation\generate_doc_index.md,.repo_studios/docs/automation\generate_lizard_report.md,.repo_studios/docs/automation\generate_typecheck_report.md,.repo_studios/docs/automation\generate_undocumented_logic_report.md,.repo_studios/docs/pipeline\README.md,.repo_studios/docs/pipeline\healthview_orchestration_pipeline\workflows\healthview_agent_loop_implementation_plan.md,.repo_studios/docs/pipeline\pipeline_doc_map.md,docs/automation\reviews\standards_integrity_output_review-2026-01-21.md,docs/db_integrations\README.md,docs/pipeline\healthview_orchestration_pipeline\implementation_plans\stage_2_1_docs_health_expectations_temp.md	.repo_studios/docs/automation\check_inventory_health.md:55;.repo_studios/docs/automation\collect_faulthandler_reports.md:48;.repo_studios/docs/automation\diff_standards_index.md:44;.repo_studios/docs/automation\generate_doc_index.md:31;.repo_studios/docs/automation\generate_lizard_report.md:40;.repo_studios/docs/automation\generate_typecheck_report.md:78;.repo_studios/docs/automation\generate_undocumented_logic_report.md:35;.repo_studios/docs/pipeline\README.md:88;.repo_studios/docs/pipeline\healthview_orchestration_pipeline\workflows\healthview_agent_loop_implementation_plan.md:83;.repo_studios/docs/pipeline\pipeline_doc_map.md:115;docs/automation\reviews\standards_integrity_output_review-2026-01-21.md:47;docs/db_integrations\README.md:38;docs/pipeline\healthview_orchestration_pipeline\implementation_plans\stage_2_1_docs_health_expectations_temp.md:327
1-goals-success-criteria	12	.repo_studios/docs/pipeline\healthview_orchestration_pipeline\tier2_roster\tier2_available_scripts_orchestrator_roster.md,.repo_studios/docs/pipeline\healthview_orchestration_pipeline\tier2_roster\tier2_available_scripts_roster.md,.repo_studios/docs/pipeline\healthview_orchestration_pipeline\tier2_roster\tier2_dependency_import_hygiene_roster.md,.repo_studios/docs/pipeline\healthview_orchestration_pipeline\tier2_roster\tier2_docs_health_overview_roster.md,.repo_studios/docs/pipeline\healthview_orchestration_pipeline\tier2_roster\tier2_fault_diagnostics_overview_roster.md,.repo_studios/docs/pipeline\healthview_orchestration_pipeline\tier2_roster\tier2_full_suite_overview_roster.md,.repo_studios/docs/pipeline\healthview_orchestration_pipeline\tier2_roster\tier2_healthview_roster_template.md,.repo_studios/docs/pipeline\healthview_orchestration_pipeline\tier2_roster\tier2_monkey_patch_oversight_roster.md,.repo_studios/docs/pipeline\healthview_orchestration_pipeline\tier2_roster\tier2_onboarding_tools_roster.md,.repo_studios/docs/pipeline\healthview_orchestration_pipeline\tier2_roster\tier2_standards_integrity_roster.md,.repo_studios/docs/pipeline\healthview_orchestration_pipeline\tier2_roster\tier2_test_execution_telemetry_roster.md,.repo_studios/docs/pipeline\pipeline_templates\tier2_pipeline_template.md	.repo_studios/docs/pipeline\healthview_orchestration_pipeline\tier2_roster\tier2_available_scripts_orchestrator_roster.md:74;.repo_studios/docs/pipeline\healthview_orchestration_pipeline\tier2_roster\tier2_available_scripts_roster.md:76;.repo_studios/docs/pipeline\healthview_orchestration_pipeline\tier2_roster\tier2_dependency_import_hygiene_roster.md:72;.repo_studios/docs/pipeline\healthview_orchestration_pipeline\tier2_roster\tier2_docs_health_overview_roster.md:72;.repo_studios/docs/pipeline\healthview_orchestration_pipeline\tier2_roster\tier2_fault_diagnostics_overview_roster.md:73;.repo_studios/docs/pipeline\healthview_orchestration_pipeline\tier2_roster\tier2_full_suite_overview_roster.md:73;.repo_studios/docs/pipeline\healthview_orchestration_pipeline\tier2_roster\tier2_healthview_roster_template.md:69;.repo_studios/docs/pipeline\healthview_orchestration_pipeline\tier2_roster\tier2_monkey_patch_oversight_roster.md:70;.repo_studios/docs/pipeline\healthview_orchestration_pipeline\tier2_roster\tier2_onboarding_tools_roster.md:68;.repo_studios/docs/pipeline\healthview_orchestration_pipeline\tier2_roster\tier2_standards_integrity_roster.md:70;.repo_studios/docs/pipeline\healthview_orchestration_pipeline\tier2_roster\tier2_test_execution_telemetry_roster.md:78;.repo_studios/docs/pipeline\pipeline_templates\tier2_pipeline_template.md:52
2-system-context	11	.repo_studios/docs/pipeline\healthview_orchestration_pipeline\tier2_roster\tier2_available_scripts_roster.md,.repo_studios/docs/pipeline\healthview_orchestration_pipeline\tier2_roster\tier2_dependency_import_hygiene_roster.md,.repo_studios/docs/pipeline\healthview_orchestration_pipeline\tier2_roster\tier2_docs_health_overview_roster.md,.repo_studios/docs/pipeline\healthview_orchestration_pipeline\tier2_roster\tier2_fault_diagnostics_overview_roster.md,.repo_studios/docs/pipeline\healthview_orchestration_pipeline\tier2_roster\tier2_full_suite_overview_roster.md,.repo_studios/docs/pipeline\healthview_orchestration_pipeline\tier2_roster\tier2_healthview_roster_template.md,.repo_studios/docs/pipeline\healthview_orchestration_pipeline\tier2_roster\tier2_monkey_patch_oversight_roster.md,.repo_studios/docs/pipeline\healthview_orchestration_pipeline\tier2_roster\tier2_onboarding_tools_roster.md,.repo_studios/docs/pipeline\healthview_orchestration_pipeline\tier2_roster\tier2_standards_integrity_roster.md,.repo_studios/docs/pipeline\healthview_orchestration_pipeline\tier2_roster\tier2_test_execution_telemetry_roster.md,.repo_studios/docs/pipeline\pipeline_templates\tier2_pipeline_template.md	.repo_studios/docs/pipeline\healthview_orchestration_pipeline\tier2_roster\tier2_available_scripts_roster.md:95;.repo_studios/docs/pipeline\healthview_orchestration_pipeline\tier2_roster\tier2_dependency_import_hygiene_roster.md:92;.repo_studios/docs/pipeline\healthview_orchestration_pipeline\tier2_roster\tier2_docs_health_overview_roster.md:92;.repo_studios/docs/pipeline\healthview_orchestration_pipeline\tier2_roster\tier2_fault_diagnostics_overview_roster.md:94;.repo_studios/docs/pipeline\healthview_orchestration_pipeline\tier2_roster\tier2_full_suite_overview_roster.md:93;.repo_studios/docs/pipeline\healthview_orchestration_pipeline\tier2_roster\tier2_healthview_roster_template.md:89;.repo_studios/docs/pipeline\healthview_orchestration_pipeline\tier2_roster\tier2_monkey_patch_oversight_roster.md:90;.repo_studios/docs/pipeline\healthview_orchestration_pipeline\tier2_roster\tier2_onboarding_tools_roster.md:85;.repo_studios/docs/pipeline\healthview_orchestration_pipeline\tier2_roster\tier2_standards_integrity_roster.md:90;.repo_studios/docs/pipeline\healthview_orchestration_pipeline\tier2_roster\tier2_test_execution_telemetry_roster.md:96;.repo_studios/docs/pipeline\pipeline_templates\tier2_pipeline_template.md:63
7-agent-automation-block	11	.repo_studios/docs/pipeline\healthview_orchestration_pipeline\tier2_roster\tier2_available_scripts_roster.md,.repo_studios/docs/pipeline\healthview_orchestration_pipeline\tier2_roster\tier2_dependency_import_hygiene_roster.md,.repo_studios/docs/pipeline\healthview_orchestration_pipeline\tier2_roster\tier2_docs_health_overview_roster.md,.repo_studios/docs/pipeline\healthview_orchestration_pipeline\tier2_roster\tier2_fault_diagnostics_overview_roster.md,.repo_studios/docs/pipeline\healthview_orchestration_pipeline\tier2_roster\tier2_full_suite_overview_roster.md,.repo_studios/docs/pipeline\healthview_orchestration_pipeline\tier2_roster\tier2_healthview_roster_template.md,.repo_studios/docs/pipeline\healthview_orchestration_pipeline\tier2_roster\tier2_monkey_patch_oversight_roster.md,.repo_studios/docs/pipeline\healthview_orchestration_pipeline\tier2_roster\tier2_standards_integrity_roster.md,.repo_studios/docs/pipeline\healthview_orchestration_pipeline\tier2_roster\tier2_test_execution_telemetry_roster.md,.repo_studios/docs/pipeline\pipeline_templates\tier2_pipeline_template.md,.repo_studios/docs/pipeline\pipeline_templates\tier_doc_system_instructions.md	.repo_studios/docs/pipeline\healthview_orchestration_pipeline\tier2_roster\tier2_available_scripts_roster.md:1293;.repo_studios/docs/pipeline\healthview_orchestration_pipeline\tier2_roster\tier2_dependency_import_hygiene_roster.md:1112;.repo_studios/docs/pipeline\healthview_orchestration_pipeline\tier2_roster\tier2_docs_health_overview_roster.md:1756;.repo_studios/docs/pipeline\healthview_orchestration_pipeline\tier2_roster\tier2_fault_diagnostics_overview_roster.md:896;.repo_studios/docs/pipeline\healthview_orchestration_pipeline\tier2_roster\tier2_full_suite_overview_roster.md:1052;.repo_studios/docs/pipeline\healthview_orchestration_pipeline\tier2_roster\tier2_healthview_roster_template.md:419;.repo_studios/docs/pipeline\healthview_orchestration_pipeline\tier2_roster\tier2_monkey_patch_oversight_roster.md:954;.repo_studios/docs/pipeline\healthview_orchestration_pipeline\tier2_roster\tier2_standards_integrity_roster.md:1079;.repo_studios/docs/pipeline\healthview_orchestration_pipeline\tier2_roster\tier2_test_execution_telemetry_roster.md:1209;.repo_studios/docs/pipeline\pipeline_templates\tier2_pipeline_template.md:174;.repo_studios/docs/pipeline\pipeline_templates\tier_doc_system_instructions.md:145
8-update-log	11	.repo_studios/docs/archives\temp_check_inventory_health_build.md,.repo_studios/docs/pipeline\healthview_orchestration_pipeline\tier2_roster\tier2_available_scripts_roster.md,.repo_studios/docs/pipeline\healthview_orchestration_pipeline\tier2_roster\tier2_dependency_import_hygiene_roster.md,.repo_studios/docs/pipeline\healthview_orchestration_pipeline\tier2_roster\tier2_docs_health_overview_roster.md,.repo_studios/docs/pipeline\healthview_orchestration_pipeline\tier2_roster\tier2_fault_diagnostics_overview_roster.md,.repo_studios/docs/pipeline\healthview_orchestration_pipeline\tier2_roster\tier2_full_suite_overview_roster.md,.repo_studios/docs/pipeline\healthview_orchestration_pipeline\tier2_roster\tier2_healthview_roster_template.md,.repo_studios/docs/pipeline\healthview_orchestration_pipeline\tier2_roster\tier2_monkey_patch_oversight_roster.md,.repo_studios/docs/pipeline\healthview_orchestration_pipeline\tier2_roster\tier2_standards_integrity_roster.md,.repo_studios/docs/pipeline\pipeline_templates\tier2_pipeline_template.md,.repo_studios/docs/pipeline\pipeline_templates\tier_doc_system_instructions.md	.repo_studios/docs/archives\temp_check_inventory_health_build.md:211;.repo_studios/docs/pipeline\healthview_orchestration_pipeline\tier2_roster\tier2_available_scripts_roster.md:1322;.repo_studios/docs/pipeline\healthview_orchestration_pipeline\tier2_roster\tier2_dependency_import_hygiene_roster.md:1141;.repo_studios/docs/pipeline\healthview_orchestration_pipeline\tier2_roster\tier2_docs_health_overview_roster.md:1787;.repo_studios/docs/pipeline\healthview_orchestration_pipeline\tier2_roster\tier2_fault_diagnostics_overview_roster.md:925;.repo_studios/docs/pipeline\healthview_orchestration_pipeline\tier2_roster\tier2_full_suite_overview_roster.md:1081;.repo_studios/docs/pipeline\healthview_orchestration_pipeline\tier2_roster\tier2_healthview_roster_template.md:448;.repo_studios/docs/pipeline\healthview_orchestration_pipeline\tier2_roster\tier2_monkey_patch_oversight_roster.md:983;.repo_studios/docs/pipeline\healthview_orchestration_pipeline\tier2_roster\tier2_standards_integrity_roster.md:1108;.repo_studios/docs/pipeline\pipeline_templates\tier2_pipeline_template.md:197;.repo_studios/docs/pipeline\pipeline_templates\tier_doc_system_instructions.md:166
4-signals-telemetry	10	.repo_studios/docs/pipeline\healthview_orchestration_pipeline\tier2_roster\tier2_available_scripts_roster.md,.repo_studios/docs/pipeline\healthview_orchestration_pipeline\tier2_roster\tier2_dependency_import_hygiene_roster.md,.repo_studios/docs/pipeline\healthview_orchestration_pipeline\tier2_roster\tier2_docs_health_overview_roster.md,.repo_studios/docs/pipeline\healthview_orchestration_pipeline\tier2_roster\tier2_fault_diagnostics_overview_roster.md,.repo_studios/docs/pipeline\healthview_orchestration_pipeline\tier2_roster\tier2_full_suite_overview_roster.md,.repo_studios/docs/pipeline\healthview_orchestration_pipeline\tier2_roster\tier2_healthview_roster_template.md,.repo_studios/docs/pipeline\healthview_orchestration_pipeline\tier2_roster\tier2_monkey_patch_oversight_roster.md,.repo_studios/docs/pipeline\healthview_orchestration_pipeline\tier2_roster\tier2_standards_integrity_roster.md,.repo_studios/docs/pipeline\healthview_orchestration_pipeline\tier2_roster\tier2_test_execution_telemetry_roster.md,.repo_studios/docs/pipeline\pipeline_templates\tier2_pipeline_template.md	.repo_studios/docs/pipeline\healthview_orchestration_pipeline\tier2_roster\tier2_available_scripts_roster.md:1259;.repo_studios/docs/pipeline\healthview_orchestration_pipeline\tier2_roster\tier2_dependency_import_hygiene_roster.md:1061;.repo_studios/docs/pipeline\healthview_orchestration_pipeline\tier2_roster\tier2_docs_health_overview_roster.md:1705;.repo_studios/docs/pipeline\healthview_orchestration_pipeline\tier2_roster\tier2_fault_diagnostics_overview_roster.md:845;.repo_studios/docs/pipeline\healthview_orchestration_pipeline\tier2_roster\tier2_full_suite_overview_roster.md:994;.repo_studios/docs/pipeline\healthview_orchestration_pipeline\tier2_roster\tier2_healthview_roster_template.md:368;.repo_studios/docs/pipeline\healthview_orchestration_pipeline\tier2_roster\tier2_monkey_patch_oversight_roster.md:903;.repo_studios/docs/pipeline\healthview_orchestration_pipeline\tier2_roster\tier2_standards_integrity_roster.md:1026;.repo_studios/docs/pipeline\healthview_orchestration_pipeline\tier2_roster\tier2_test_execution_telemetry_roster.md:1166;.repo_studios/docs/pipeline\pipeline_templates\tier2_pipeline_template.md:127
5-dependencies-stop-gates	10	.repo_studios/docs/pipeline\healthview_orchestration_pipeline\tier2_roster\tier2_available_scripts_roster.md,.repo_studios/docs/pipeline\healthview_orchestration_pipeline\tier2_roster\tier2_dependency_import_hygiene_roster.md,.repo_studios/docs/pipeline\healthview_orchestration_pipeline\tier2_roster\tier2_docs_health_overview_roster.md,.repo_studios/docs/pipeline\healthview_orchestration_pipeline\tier2_roster\tier2_fault_diagnostics_overview_roster.md,.repo_studios/docs/pipeline\healthview_orchestration_pipeline\tier2_roster\tier2_full_suite_overview_roster.md,.repo_studios/docs/pipeline\healthview_orchestration_pipeline\tier2_roster\tier2_healthview_roster_template.md,.repo_studios/docs/pipeline\healthview_orchestration_pipeline\tier2_roster\tier2_monkey_patch_oversight_roster.md,.repo_studios/docs/pipeline\healthview_orchestration_pipeline\tier2_roster\tier2_standards_integrity_roster.md,.repo_studios/docs/pipeline\healthview_orchestration_pipeline\tier2_roster\tier2_test_execution_telemetry_roster.md,.repo_studios/docs/pipeline\pipeline_templates\tier2_pipeline_template.md	.repo_studios/docs/pipeline\healthview_orchestration_pipeline\tier2_roster\tier2_available_scripts_roster.md:1273;.repo_studios/docs/pipeline\healthview_orchestration_pipeline\tier2_roster\tier2_dependency_import_hygiene_roster.md:1079;.repo_studios/docs/pipeline\healthview_orchestration_pipeline\tier2_roster\tier2_docs_health_overview_roster.md:1723;.repo_studios/docs/pipeline\healthview_orchestration_pipeline\tier2_roster\tier2_fault_diagnostics_overview_roster.md:863;.repo_studios/docs/pipeline\healthview_orchestration_pipeline\tier2_roster\tier2_full_suite_overview_roster.md:1020;.repo_studios/docs/pipeline\healthview_orchestration_pipeline\tier2_roster\tier2_healthview_roster_template.md:386;.repo_studios/docs/pipeline\healthview_orchestration_pipeline\tier2_roster\tier2_monkey_patch_oversight_roster.md:921;.repo_studios/docs/pipeline\healthview_orchestration_pipeline\tier2_roster\tier2_standards_integrity_roster.md:1046;.repo_studios/docs/pipeline\healthview_orchestration_pipeline\tier2_roster\tier2_test_execution_telemetry_roster.md:1184;.repo_studios/docs/pipeline\pipeline_templates\tier2_pipeline_template.md:141
agent-block-machine-readable	10	.repo_studios/docs/playbooks\playbook-agent-operations.md,.repo_studios/docs/playbooks\playbook-memory-refresh.md,.repo_studios/docs/playbooks\playbook-migration.md,.repo_studios/docs/playbooks\playbook-prompt-library.md,.repo_studios/docs/standards\global\std-global-html-coding.md,.repo_studios/docs/standards\global\std-global-markdown-authoring.md,.repo_studios/docs/standards\global\std-global-monkey-patching.md,.repo_studios/docs/standards\global\std-global-prompt-engineering.md,.repo_studios/docs/standards\global\std-global-python-engineering.md,.repo_studios/docs/standards\project\std-project-operating-standard.md	.repo_studios/docs/playbooks\playbook-agent-operations.md:96;.repo_studios/docs/playbooks\playbook-memory-refresh.md:113;.repo_studios/docs/playbooks\playbook-migration.md:76;.repo_studios/docs/playbooks\playbook-prompt-library.md:74;.repo_studios/docs/standards\global\std-global-html-coding.md:126;.repo_studios/docs/standards\global\std-global-markdown-authoring.md:152;.repo_studios/docs/standards\global\std-global-monkey-patching.md:178;.repo_studios/docs/standards\global\std-global-prompt-engineering.md:143;.repo_studios/docs/standards\global\std-global-python-engineering.md:280;.repo_studios/docs/standards\project\std-project-operating-standard.md:132
human-notes	10	.repo_studios/docs/automation\check_inventory_health.md,.repo_studios/docs/automation\collect_faulthandler_reports.md,.repo_studios/docs/automation\diff_standards_index.md,.repo_studios/docs/automation\generate_lizard_report.md,.repo_studios/docs/automation\generate_undocumented_logic_report.md,.repo_studios/docs/pipeline\README.md,.repo_studios/docs/pipeline\healthview_orchestration_pipeline\workflows\healthview_agent_loop_implementation_plan.md,.repo_studios/docs/pipeline\pipeline_doc_map.md,docs/automation\reviews\standards_integrity_output_review-2026-01-21.md,docs/pipeline\healthview_orchestration_pipeline\implementation_plans\stage_2_1_docs_health_expectations_temp.md	.repo_studios/docs/automation\check_inventory_health.md:78;.repo_studios/docs/automation\collect_faulthandler_reports.md:72;.repo_studios/docs/automation\diff_standards_index.md:50;.repo_studios/docs/automation\generate_lizard_report.md:75;.repo_studios/docs/automation\generate_undocumented_logic_report.md:42;.repo_studios/docs/pipeline\README.md:126;.repo_studios/docs/pipeline\healthview_orchestration_pipeline\workflows\healthview_agent_loop_implementation_plan.md:344;.repo_studios/docs/pipeline\pipeline_doc_map.md:144;docs/automation\reviews\standards_integrity_output_review-2026-01-21.md:79;docs/pipeline\healthview_orchestration_pipeline\implementation_plans\stage_2_1_docs_health_expectations_temp.md:350
1-script-identity	9	.repo_studios/docs/archives\temp_check_inventory_health_build.md,.repo_studios/docs/archives\temp_validate_import_boundaries_build.md,.repo_studios/docs/pipeline\healthview_orchestration_pipeline\tier2_roster\templates\tier2_aggregator_template.md,.repo_studios/docs/pipeline\healthview_orchestration_pipeline\tier2_roster\templates\tier2_consumer_template.md,.repo_studios/docs/pipeline\healthview_orchestration_pipeline\tier2_roster\templates\tier2_orchestrator_template.md,.repo_studios/docs/pipeline\healthview_orchestration_pipeline\tier2_roster\templates\tier2_producer_template.md,.repo_studios/docs/pipeline\healthview_orchestration_pipeline\tier2_roster\templates\tier2_summarizer_template.md,.repo_studios/docs/pipeline\healthview_orchestration_pipeline\tier2_roster\templates\tier2_utility_template.md,.repo_studios/docs/pipeline\healthview_orchestration_pipeline\tier2_roster\working_docs\ASR-011_generate_lizard_report_build.md	.repo_studios/docs/archives\temp_check_inventory_health_build.md:38;.repo_studios/docs/archives\temp_validate_import_boundaries_build.md:40;.repo_studios/docs/pipeline\healthview_orchestration_pipeline\tier2_roster\templates\tier2_aggregator_template.md:45;.repo_studios/docs/pipeline\healthview_orchestration_pipeline\tier2_roster\templates\tier2_consumer_template.md:45;.repo_studios/docs/pipeline\healthview_orchestration_pipeline\tier2_roster\templates\tier2_orchestrator_template.md:49;.repo_studios/docs/pipeline\healthview_orchestration_pipeline\tier2_roster\templates\tier2_producer_template.md:45;.repo_studios/docs/pipeline\healthview_orchestration_pipeline\tier2_roster\templates\tier2_summarizer_template.md:45;.repo_studios/docs/pipeline\healthview_orchestration_pipeline\tier2_roster\templates\tier2_utility_template.md:49;.repo_studios/docs/pipeline\healthview_orchestration_pipeline\tier2_roster\working_docs\ASR-011_generate_lizard_report_build.md:46
2-current-state-analysis	9	.repo_studios/docs/archives\temp_check_inventory_health_build.md,.repo_studios/docs/archives\temp_validate_import_boundaries_build.md,.repo_studios/docs/pipeline\healthview_orchestration_pipeline\tier2_roster\templates\tier2_aggregator_template.md,.repo_studios/docs/pipeline\healthview_orchestration_pipeline\tier2_roster\templates\tier2_consumer_template.md,.repo_studios/docs/pipeline\healthview_orchestration_pipeline\tier2_roster\templates\tier2_orchestrator_template.md,.repo_studios/docs/pipeline\healthview_orchestration_pipeline\tier2_roster\templates\tier2_producer_template.md,.repo_studios/docs/pipeline\healthview_orchestration_pipeline\tier2_roster\templates\tier2_summarizer_template.md,.repo_studios/docs/pipeline\healthview_orchestration_pipeline\tier2_roster\templates\tier2_utility_template.md,.repo_studios/docs/pipeline\healthview_orchestration_pipeline\tier2_roster\working_docs\ASR-011_generate_lizard_report_build.md	.repo_studios/docs/archives\temp_check_inventory_health_build.md:64;.repo_studios/docs/archives\temp_validate_import_boundaries_build.md:68;.repo_studios/docs/pipeline\healthview_orchestration_pipeline\tier2_roster\templates\tier2_aggregator_template.md:69;.repo_studios/docs/pipeline\healthview_orchestration_pipeline\tier2_roster\templates\tier2_consumer_template.md:69;.repo_studios/docs/pipeline\healthview_orchestration_pipeline\tier2_roster\templates\tier2_orchestrator_template.md:74;.repo_studios/docs/pipeline\healthview_orchestration_pipeline\tier2_roster\templates\tier2_producer_template.md:76;.repo_studios/docs/pipeline\healthview_orchestration_pipeline\tier2_roster\templates\tier2_summarizer_template.md:69;.repo_studios/docs/pipeline\healthview_orchestration_pipeline\tier2_roster\templates\tier2_utility_template.md:91;.repo_studios/docs/pipeline\healthview_orchestration_pipeline\tier2_roster\working_docs\ASR-011_generate_lizard_report_build.md:84
6-instruction-block-required-by-tier-rules	9	.repo_studios/docs/pipeline\healthview_orchestration_pipeline\tier2_roster\tier2_dependency_import_hygiene_roster.md,.repo_studios/docs/pipeline\healthview_orchestration_pipeline\tier2_roster\tier2_docs_health_overview_roster.md,.repo_studios/docs/pipeline\healthview_orchestration_pipeline\tier2_roster\tier2_fault_diagnostics_overview_roster.md,.repo_studios/docs/pipeline\healthview_orchestration_pipeline\tier2_roster\tier2_full_suite_overview_roster.md,.repo_studios/docs/pipeline\healthview_orchestration_pipeline\tier2_roster\tier2_healthview_roster_template.md,.repo_studios/docs/pipeline\healthview_orchestration_pipeline\tier2_roster\tier2_monkey_patch_oversight_roster.md,.repo_studios/docs/pipeline\healthview_orchestration_pipeline\tier2_roster\tier2_standards_integrity_roster.md,.repo_studios/docs/pipeline\healthview_orchestration_pipeline\tier2_roster\tier2_test_execution_telemetry_roster.md,.repo_studios/docs/pipeline\pipeline_templates\tier2_pipeline_template.md	.repo_studios/docs/pipeline\healthview_orchestration_pipeline\tier2_roster\tier2_dependency_import_hygiene_roster.md:1100;.repo_studios/docs/pipeline\healthview_orchestration_pipeline\tier2_roster\tier2_docs_health_overview_roster.md:1744;.repo_studios/docs/pipeline\healthview_orchestration_pipeline\tier2_roster\tier2_fault_diagnostics_overview_roster.md:884;.repo_studios/docs/pipeline\healthview_orchestration_pipeline\tier2_roster\tier2_full_suite_overview_roster.md:1040;.repo_studios/docs/pipeline\healthview_orchestration_pipeline\tier2_roster\tier2_healthview_roster_template.md:407;.repo_studios/docs/pipeline\healthview_orchestration_pipeline\tier2_roster\tier2_monkey_patch_oversight_roster.md:942;.repo_studios/docs/pipeline\healthview_orchestration_pipeline\tier2_roster\tier2_standards_integrity_roster.md:1067;.repo_studios/docs/pipeline\healthview_orchestration_pipeline\tier2_roster\tier2_test_execution_telemetry_roster.md:1201;.repo_studios/docs/pipeline\pipeline_templates\tier2_pipeline_template.md:157
reference-prompts	9	.repo_studios/docs/automation\check_inventory_health.md,.repo_studios/docs/automation\collect_faulthandler_reports.md,.repo_studios/docs/automation\diff_standards_index.md,.repo_studios/docs/automation\generate_undocumented_logic_report.md,.repo_studios/docs/pipeline\README.md,.repo_studios/docs/pipeline\healthview_orchestration_pipeline\workflows\healthview_agent_loop_implementation_plan.md,.repo_studios/docs/pipeline\pipeline_doc_map.md,docs/automation\reviews\standards_integrity_output_review-2026-01-21.md,docs/pipeline\healthview_orchestration_pipeline\implementation_plans\stage_2_1_docs_health_expectations_temp.md	.repo_studios/docs/automation\check_inventory_health.md:96;.repo_studios/docs/automation\collect_faulthandler_reports.md:110;.repo_studios/docs/automation\diff_standards_index.md:93;.repo_studios/docs/automation\generate_undocumented_logic_report.md:67;.repo_studios/docs/pipeline\README.md:133;.repo_studios/docs/pipeline\healthview_orchestration_pipeline\workflows\healthview_agent_loop_implementation_plan.md:193;.repo_studios/docs/pipeline\pipeline_doc_map.md:150;docs/automation\reviews\standards_integrity_output_review-2026-01-21.md:382;docs/pipeline\healthview_orchestration_pipeline\implementation_plans\stage_2_1_docs_health_expectations_temp.md:355
3-gap-analysis	7	.repo_studios/docs/pipeline\healthview_orchestration_pipeline\tier2_roster\templates\tier2_aggregator_template.md,.repo_studios/docs/pipeline\healthview_orchestration_pipeline\tier2_roster\templates\tier2_consumer_template.md,.repo_studios/docs/pipeline\healthview_orchestration_pipeline\tier2_roster\templates\tier2_orchestrator_template.md,.repo_studios/docs/pipeline\healthview_orchestration_pipeline\tier2_roster\templates\tier2_producer_template.md,.repo_studios/docs/pipeline\healthview_orchestration_pipeline\tier2_roster\templates\tier2_summarizer_template.md,.repo_studios/docs/pipeline\healthview_orchestration_pipeline\tier2_roster\templates\tier2_utility_template.md,.repo_studios/docs/pipeline\healthview_orchestration_pipeline\tier2_roster\working_docs\ASR-011_generate_lizard_report_build.md	.repo_studios/docs/pipeline\healthview_orchestration_pipeline\tier2_roster\templates\tier2_aggregator_template.md:395;.repo_studios/docs/pipeline\healthview_orchestration_pipeline\tier2_roster\templates\tier2_consumer_template.md:382;.repo_studios/docs/pipeline\healthview_orchestration_pipeline\tier2_roster\templates\tier2_orchestrator_template.md:450;.repo_studios/docs/pipeline\healthview_orchestration_pipeline\tier2_roster\templates\tier2_producer_template.md:397;.repo_studios/docs/pipeline\healthview_orchestration_pipeline\tier2_roster\templates\tier2_summarizer_template.md:382;.repo_studios/docs/pipeline\healthview_orchestration_pipeline\tier2_roster\templates\tier2_utility_template.md:468;.repo_studios/docs/pipeline\healthview_orchestration_pipeline\tier2_roster\working_docs\ASR-011_generate_lizard_report_build.md:410
4-changes-made	7	.repo_studios/docs/pipeline\healthview_orchestration_pipeline\tier2_roster\templates\tier2_aggregator_template.md,.repo_studios/docs/pipeline\healthview_orchestration_pipeline\tier2_roster\templates\tier2_consumer_template.md,.repo_studios/docs/pipeline\healthview_orchestration_pipeline\tier2_roster\templates\tier2_orchestrator_template.md,.repo_studios/docs/pipeline\healthview_orchestration_pipeline\tier2_roster\templates\tier2_producer_template.md,.repo_studios/docs/pipeline\healthview_orchestration_pipeline\tier2_roster\templates\tier2_summarizer_template.md,.repo_studios/docs/pipeline\healthview_orchestration_pipeline\tier2_roster\templates\tier2_utility_template.md,.repo_studios/docs/pipeline\healthview_orchestration_pipeline\tier2_roster\working_docs\ASR-011_generate_lizard_report_build.md	.repo_studios/docs/pipeline\healthview_orchestration_pipeline\tier2_roster\templates\tier2_aggregator_template.md:440;.repo_studios/docs/pipeline\healthview_orchestration_pipeline\tier2_roster\templates\tier2_consumer_template.md:427;.repo_studios/docs/pipeline\healthview_orchestration_pipeline\tier2_roster\templates\tier2_orchestrator_template.md:497;.repo_studios/docs/pipeline\healthview_orchestration_pipeline\tier2_roster\templates\tier2_producer_template.md:441;.repo_studios/docs/pipeline\healthview_orchestration_pipeline\tier2_roster\templates\tier2_summarizer_template.md:427;.repo_studios/docs/pipeline\healthview_orchestration_pipeline\tier2_roster\templates\tier2_utility_template.md:513;.repo_studios/docs/pipeline\healthview_orchestration_pipeline\tier2_roster\working_docs\ASR-011_generate_lizard_report_build.md:447
5-evidence	7	.repo_studios/docs/pipeline\healthview_orchestration_pipeline\tier2_roster\templates\tier2_aggregator_template.md,.repo_studios/docs/pipeline\healthview_orchestration_pipeline\tier2_roster\templates\tier2_consumer_template.md,.repo_studios/docs/pipeline\healthview_orchestration_pipeline\tier2_roster\templates\tier2_orchestrator_template.md,.repo_studios/docs/pipeline\healthview_orchestration_pipeline\tier2_roster\templates\tier2_producer_template.md,.repo_studios/docs/pipeline\healthview_orchestration_pipeline\tier2_roster\templates\tier2_summarizer_template.md,.repo_studios/docs/pipeline\healthview_orchestration_pipeline\tier2_roster\templates\tier2_utility_template.md,.repo_studios/docs/pipeline\healthview_orchestration_pipeline\tier2_roster\working_docs\ASR-011_generate_lizard_report_build.md	.repo_studios/docs/pipeline\healthview_orchestration_pipeline\tier2_roster\templates\tier2_aggregator_template.md:447;.repo_studios/docs/pipeline\healthview_orchestration_pipeline\tier2_roster\templates\tier2_consumer_template.md:434;.repo_studios/docs/pipeline\healthview_orchestration_pipeline\tier2_roster\templates\tier2_orchestrator_template.md:508;.repo_studios/docs/pipeline\healthview_orchestration_pipeline\tier2_roster\templates\tier2_producer_template.md:452;.repo_studios/docs/pipeline\healthview_orchestration_pipeline\tier2_roster\templates\tier2_summarizer_template.md:434;.repo_studios/docs/pipeline\healthview_orchestration_pipeline\tier2_roster\templates\tier2_utility_template.md:524;.repo_studios/docs/pipeline\healthview_orchestration_pipeline\tier2_roster\working_docs\ASR-011_generate_lizard_report_build.md:476
7-completion	7	.repo_studios/docs/pipeline\healthview_orchestration_pipeline\tier2_roster\templates\tier2_aggregator_template.md,.repo_studios/docs/pipeline\healthview_orchestration_pipeline\tier2_roster\templates\tier2_consumer_template.md,.repo_studios/docs/pipeline\healthview_orchestration_pipeline\tier2_roster\templates\tier2_orchestrator_template.md,.repo_studios/docs/pipeline\healthview_orchestration_pipeline\tier2_roster\templates\tier2_producer_template.md,.repo_studios/docs/pipeline\healthview_orchestration_pipeline\tier2_roster\templates\tier2_summarizer_template.md,.repo_studios/docs/pipeline\healthview_orchestration_pipeline\tier2_roster\templates\tier2_utility_template.md,.repo_studios/docs/pipeline\healthview_orchestration_pipeline\tier2_roster\working_docs\ASR-011_generate_lizard_report_build.md	.repo_studios/docs/pipeline\healthview_orchestration_pipeline\tier2_roster\templates\tier2_aggregator_template.md:508;.repo_studios/docs/pipeline\healthview_orchestration_pipeline\tier2_roster\templates\tier2_consumer_template.md:495;.repo_studios/docs/pipeline\healthview_orchestration_pipeline\tier2_roster\templates\tier2_orchestrator_template.md:546;.repo_studios/docs/pipeline\healthview_orchestration_pipeline\tier2_roster\templates\tier2_producer_template.md:513;.repo_studios/docs/pipeline\healthview_orchestration_pipeline\tier2_roster\templates\tier2_summarizer_template.md:495;.repo_studios/docs/pipeline\healthview_orchestration_pipeline\tier2_roster\templates\tier2_utility_template.md:599;.repo_studios/docs/pipeline\healthview_orchestration_pipeline\tier2_roster\working_docs\ASR-011_generate_lizard_report_build.md:570
8-template-variables	7	.repo_studios/docs/pipeline\healthview_orchestration_pipeline\tier2_roster\templates\tier2_aggregator_template.md,.repo_studios/docs/pipeline\healthview_orchestration_pipeline\tier2_roster\templates\tier2_consumer_template.md,.repo_studios/docs/pipeline\healthview_orchestration_pipeline\tier2_roster\templates\tier2_orchestrator_template.md,.repo_studios/docs/pipeline\healthview_orchestration_pipeline\tier2_roster\templates\tier2_producer_template.md,.repo_studios/docs/pipeline\healthview_orchestration_pipeline\tier2_roster\templates\tier2_summarizer_template.md,.repo_studios/docs/pipeline\healthview_orchestration_pipeline\tier2_roster\templates\tier2_utility_template.md,.repo_studios/docs/pipeline\healthview_orchestration_pipeline\tier2_roster\working_docs\ASR-011_generate_lizard_report_build.md	.repo_studios/docs/pipeline\healthview_orchestration_pipeline\tier2_roster\templates\tier2_aggregator_template.md:524;.repo_studios/docs/pipeline\healthview_orchestration_pipeline\tier2_roster\templates\tier2_consumer_template.md:511;.repo_studios/docs/pipeline\healthview_orchestration_pipeline\tier2_roster\templates\tier2_orchestrator_template.md:563;.repo_studios/docs/pipeline\healthview_orchestration_pipeline\tier2_roster\templates\tier2_producer_template.md:529;.repo_studios/docs/pipeline\healthview_orchestration_pipeline\tier2_roster\templates\tier2_summarizer_template.md:511;.repo_studios/docs/pipeline\healthview_orchestration_pipeline\tier2_roster\templates\tier2_utility_template.md:615;.repo_studios/docs/pipeline\healthview_orchestration_pipeline\tier2_roster\working_docs\ASR-011_generate_lizard_report_build.md:586
9-version-history	7	.repo_studios/docs/pipeline\healthview_orchestration_pipeline\tier2_roster\templates\tier2_aggregator_template.md,.repo_studios/docs/pipeline\healthview_orchestration_pipeline\tier2_roster\templates\tier2_consumer_template.md,.repo_studios/docs/pipeline\healthview_orchestration_pipeline\tier2_roster\templates\tier2_orchestrator_template.md,.repo_studios/docs/pipeline\healthview_orchestration_pipeline\tier2_roster\templates\tier2_producer_template.md,.repo_studios/docs/pipeline\healthview_orchestration_pipeline\tier2_roster\templates\tier2_summarizer_template.md,.repo_studios/docs/pipeline\healthview_orchestration_pipeline\tier2_roster\templates\tier2_utility_template.md,.repo_studios/docs/pipeline\healthview_orchestration_pipeline\tier2_roster\working_docs\ASR-011_generate_lizard_report_build.md	.repo_studios/docs/pipeline\healthview_orchestration_pipeline\tier2_roster\templates\tier2_aggregator_template.md:541;.repo_studios/docs/pipeline\healthview_orchestration_pipeline\tier2_roster\templates\tier2_consumer_template.md:528;.repo_studios/docs/pipeline\healthview_orchestration_pipeline\tier2_roster\templates\tier2_orchestrator_template.md:580;.repo_studios/docs/pipeline\healthview_orchestration_pipeline\tier2_roster\templates\tier2_producer_template.md:546;.repo_studios/docs/pipeline\healthview_orchestration_pipeline\tier2_roster\templates\tier2_summarizer_template.md:528;.repo_studios/docs/pipeline\healthview_orchestration_pipeline\tier2_roster\templates\tier2_utility_template.md:631;.repo_studios/docs/pipeline\healthview_orchestration_pipeline\tier2_roster\working_docs\ASR-011_generate_lizard_report_build.md:601
diagnostics	7	.repo_studios/docs/automation\collect_test_log_reports.md,.repo_studios/docs/automation\run_pytest_log_capture.md,.repo_studios/docs/automation\scan_code_placeholders.md,.repo_studios/docs/automation\scan_monkey_patches.md,.repo_studios/docs/automation\seed_standards_prompts.md,.repo_studios/docs/automation\validate_import_boundaries.md,.repo_studios/docs/automation\validate_metrics_anchor_stubs.md	.repo_studios/docs/automation\collect_test_log_reports.md:67;.repo_studios/docs/automation\run_pytest_log_capture.md:70;.repo_studios/docs/automation\scan_code_placeholders.md:72;.repo_studios/docs/automation\scan_monkey_patches.md:82;.repo_studios/docs/automation\seed_standards_prompts.md:48;.repo_studios/docs/automation\validate_import_boundaries.md:48;.repo_studios/docs/automation\validate_metrics_anchor_stubs.md:70
tier-3-metadata-for-scriptname	7	.repo_studios/docs/pipeline\healthview_orchestration_pipeline\tier2_roster\templates\README.md,.repo_studios/docs/pipeline\healthview_orchestration_pipeline\tier2_roster\templates\tier2_aggregator_template.md,.repo_studios/docs/pipeline\healthview_orchestration_pipeline\tier2_roster\templates\tier2_consumer_template.md,.repo_studios/docs/pipeline\healthview_orchestration_pipeline\tier2_roster\templates\tier2_orchestrator_template.md,.repo_studios/docs/pipeline\healthview_orchestration_pipeline\tier2_roster\templates\tier2_producer_template.md,.repo_studios/docs/pipeline\healthview_orchestration_pipeline\tier2_roster\templates\tier2_summarizer_template.md,.repo_studios/docs/pipeline\healthview_orchestration_pipeline\tier2_roster\templates\tier2_utility_template.md	.repo_studios/docs/pipeline\healthview_orchestration_pipeline\tier2_roster\templates\README.md:428;.repo_studios/docs/pipeline\healthview_orchestration_pipeline\tier2_roster\templates\tier2_aggregator_template.md:291;.repo_studios/docs/pipeline\healthview_orchestration_pipeline\tier2_roster\templates\tier2_consumer_template.md:287;.repo_studios/docs/pipeline\healthview_orchestration_pipeline\tier2_roster\templates\tier2_orchestrator_template.md:340;.repo_studios/docs/pipeline\healthview_orchestration_pipeline\tier2_roster\templates\tier2_producer_template.md:305;.repo_studios/docs/pipeline\healthview_orchestration_pipeline\tier2_roster\templates\tier2_summarizer_template.md:287;.repo_studios/docs/pipeline\healthview_orchestration_pipeline\tier2_roster\templates\tier2_utility_template.md:353
26-agent-discoverability-tier-3-yaml	6	.repo_studios/docs/pipeline\healthview_orchestration_pipeline\tier2_roster\templates\tier2_aggregator_template.md,.repo_studios/docs/pipeline\healthview_orchestration_pipeline\tier2_roster\templates\tier2_consumer_template.md,.repo_studios/docs/pipeline\healthview_orchestration_pipeline\tier2_roster\templates\tier2_producer_template.md,.repo_studios/docs/pipeline\healthview_orchestration_pipeline\tier2_roster\templates\tier2_summarizer_template.md,.repo_studios/docs/pipeline\healthview_orchestration_pipeline\tier2_roster\templates\tier2_utility_template.md,.repo_studios/docs/pipeline\healthview_orchestration_pipeline\tier2_roster\working_docs\ASR-011_generate_lizard_report_build.md	.repo_studios/docs/pipeline\healthview_orchestration_pipeline\tier2_roster\templates\tier2_aggregator_template.md:256;.repo_studios/docs/pipeline\healthview_orchestration_pipeline\tier2_roster\templates\tier2_consumer_template.md:252;.repo_studios/docs/pipeline\healthview_orchestration_pipeline\tier2_roster\templates\tier2_producer_template.md:270;.repo_studios/docs/pipeline\healthview_orchestration_pipeline\tier2_roster\templates\tier2_summarizer_template.md:252;.repo_studios/docs/pipeline\healthview_orchestration_pipeline\tier2_roster\templates\tier2_utility_template.md:315;.repo_studios/docs/pipeline\healthview_orchestration_pipeline\tier2_roster\working_docs\ASR-011_generate_lizard_report_build.md:262
27-database-integration-preparation	6	.repo_studios/docs/pipeline\healthview_orchestration_pipeline\tier2_roster\templates\tier2_aggregator_template.md,.repo_studios/docs/pipeline\healthview_orchestration_pipeline\tier2_roster\templates\tier2_consumer_template.md,.repo_studios/docs/pipeline\healthview_orchestration_pipeline\tier2_roster\templates\tier2_producer_template.md,.repo_studios/docs/pipeline\healthview_orchestration_pipeline\tier2_roster\templates\tier2_summarizer_template.md,.repo_studios/docs/pipeline\healthview_orchestration_pipeline\tier2_roster\templates\tier2_utility_template.md,.repo_studios/docs/pipeline\healthview_orchestration_pipeline\tier2_roster\working_docs\ASR-011_generate_lizard_report_build.md	.repo_studios/docs/pipeline\healthview_orchestration_pipeline\tier2_roster\templates\tier2_aggregator_template.md:347;.repo_studios/docs/pipeline\healthview_orchestration_pipeline\tier2_roster\templates\tier2_consumer_template.md:338;.repo_studios/docs/pipeline\healthview_orchestration_pipeline\tier2_roster\templates\tier2_producer_template.md:347;.repo_studios/docs/pipeline\healthview_orchestration_pipeline\tier2_roster\templates\tier2_summarizer_template.md:338;.repo_studios/docs/pipeline\healthview_orchestration_pipeline\tier2_roster\templates\tier2_utility_template.md:418;.repo_studios/docs/pipeline\healthview_orchestration_pipeline\tier2_roster\working_docs\ASR-011_generate_lizard_report_build.md:368
6-orchestrator-integration	6	.repo_studios/docs/pipeline\healthview_orchestration_pipeline\tier2_roster\templates\tier2_aggregator_template.md,.repo_studios/docs/pipeline\healthview_orchestration_pipeline\tier2_roster\templates\tier2_consumer_template.md,.repo_studios/docs/pipeline\healthview_orchestration_pipeline\tier2_roster\templates\tier2_producer_template.md,.repo_studios/docs/pipeline\healthview_orchestration_pipeline\tier2_roster\templates\tier2_summarizer_template.md,.repo_studios/docs/pipeline\healthview_orchestration_pipeline\tier2_roster\templates\tier2_utility_template.md,.repo_studios/docs/pipeline\healthview_orchestration_pipeline\tier2_roster\working_docs\ASR-011_generate_lizard_report_build.md	.repo_studios/docs/pipeline\healthview_orchestration_pipeline\tier2_roster\templates\tier2_aggregator_template.md:461;.repo_studios/docs/pipeline\healthview_orchestration_pipeline\tier2_roster\templates\tier2_consumer_template.md:448;.repo_studios/docs/pipeline\healthview_orchestration_pipeline\tier2_roster\templates\tier2_producer_template.md:466;.repo_studios/docs/pipeline\healthview_orchestration_pipeline\tier2_roster\templates\tier2_summarizer_template.md:448;.repo_studios/docs/pipeline\healthview_orchestration_pipeline\tier2_roster\templates\tier2_utility_template.md:538;.repo_studios/docs/pipeline\healthview_orchestration_pipeline\tier2_roster\working_docs\ASR-011_generate_lizard_report_build.md:523
references	6	.repo_studios/docs/automation\generate_test_coverage_inventory.md,.repo_studios/docs/automation\healthview_onboarding.md,.repo_studios/docs/automation\refactor_library_integration_notes.md,.repo_studios/docs/standards\global\std-global-html-coding.md,.repo_studios/docs/standards\global\std-global-monkey-patching.md,.repo_studios/docs/standards\global\std-global-prompt-engineering.md	.repo_studios/docs/automation\generate_test_coverage_inventory.md:131;.repo_studios/docs/automation\healthview_onboarding.md:115;.repo_studios/docs/automation\refactor_library_integration_notes.md:92;.repo_studios/docs/standards\global\std-global-html-coding.md:120;.repo_studios/docs/standards\global\std-global-monkey-patching.md:164;.repo_studios/docs/standards\global\std-global-prompt-engineering.md:129
script-build-template-scriptname	6	.repo_studios/docs/pipeline\healthview_orchestration_pipeline\tier2_roster\templates\tier2_aggregator_template.md,.repo_studios/docs/pipeline\healthview_orchestration_pipeline\tier2_roster\templates\tier2_consumer_template.md,.repo_studios/docs/pipeline\healthview_orchestration_pipeline\tier2_roster\templates\tier2_orchestrator_template.md,.repo_studios/docs/pipeline\healthview_orchestration_pipeline\tier2_roster\templates\tier2_producer_template.md,.repo_studios/docs/pipeline\healthview_orchestration_pipeline\tier2_roster\templates\tier2_summarizer_template.md,.repo_studios/docs/pipeline\healthview_orchestration_pipeline\tier2_roster\templates\tier2_utility_template.md	.repo_studios/docs/pipeline\healthview_orchestration_pipeline\tier2_roster\templates\tier2_aggregator_template.md:28;.repo_studios/docs/pipeline\healthview_orchestration_pipeline\tier2_roster\templates\tier2_consumer_template.md:28;.repo_studios/docs/pipeline\healthview_orchestration_pipeline\tier2_roster\templates\tier2_orchestrator_template.md:28;.repo_studios/docs/pipeline\healthview_orchestration_pipeline\tier2_roster\templates\tier2_producer_template.md:28;.repo_studios/docs/pipeline\healthview_orchestration_pipeline\tier2_roster\templates\tier2_summarizer_template.md:28;.repo_studios/docs/pipeline\healthview_orchestration_pipeline\tier2_roster\templates\tier2_utility_template.md:28
verification-checklist	6	.repo_studios/docs/pipeline\healthview_orchestration_pipeline\implementation_plans\stage_11_1_implementation_plan.md,.repo_studios/docs/pipeline\healthview_orchestration_pipeline\implementation_plans\stage_3_1_implementation_plan.md,.repo_studios/docs/pipeline\healthview_orchestration_pipeline\implementation_plans\stage_4_1_implementation_plan.md,.repo_studios/docs/pipeline\healthview_orchestration_pipeline\implementation_plans\stage_5_1_implementation_plan.md,.repo_studios/docs/pipeline\healthview_orchestration_pipeline\implementation_plans\stage_6_1_implementation_plan.md,.repo_studios/docs/pipeline\healthview_orchestration_pipeline\implementation_plans\stage_7_1_implementation_plan.md	.repo_studios/docs/pipeline\healthview_orchestration_pipeline\implementation_plans\stage_11_1_implementation_plan.md:160;.repo_studios/docs/pipeline\healthview_orchestration_pipeline\implementation_plans\stage_3_1_implementation_plan.md:406;.repo_studios/docs/pipeline\healthview_orchestration_pipeline\implementation_plans\stage_4_1_implementation_plan.md:131;.repo_studios/docs/pipeline\healthview_orchestration_pipeline\implementation_plans\stage_5_1_implementation_plan.md:138;.repo_studios/docs/pipeline\healthview_orchestration_pipeline\implementation_plans\stage_6_1_implementation_plan.md:128;.repo_studios/docs/pipeline\healthview_orchestration_pipeline\implementation_plans\stage_7_1_implementation_plan.md:115
agent-discoverable-script-definition	5	.repo_studios/docs/pipeline\healthview_orchestration_pipeline\tier2_roster\templates\tier2_aggregator_template.md,.repo_studios/docs/pipeline\healthview_orchestration_pipeline\tier2_roster\templates\tier2_consumer_template.md,.repo_studios/docs/pipeline\healthview_orchestration_pipeline\tier2_roster\templates\tier2_producer_template.md,.repo_studios/docs/pipeline\healthview_orchestration_pipeline\tier2_roster\templates\tier2_summarizer_template.md,.repo_studios/docs/pipeline\healthview_orchestration_pipeline\tier2_roster\working_docs\ASR-011_generate_lizard_report_build.md	.repo_studios/docs/pipeline\healthview_orchestration_pipeline\tier2_roster\templates\tier2_aggregator_template.md:292;.repo_studios/docs/pipeline\healthview_orchestration_pipeline\tier2_roster\templates\tier2_consumer_template.md:288;.repo_studios/docs/pipeline\healthview_orchestration_pipeline\tier2_roster\templates\tier2_producer_template.md:306;.repo_studios/docs/pipeline\healthview_orchestration_pipeline\tier2_roster\templates\tier2_summarizer_template.md:288;.repo_studios/docs/pipeline\healthview_orchestration_pipeline\tier2_roster\working_docs\ASR-011_generate_lizard_report_build.md:295
dbintegrationmarker-tablenamecolumnname-description	5	.repo_studios/docs/pipeline\healthview_orchestration_pipeline\tier2_roster\templates\tier2_aggregator_template.md,.repo_studios/docs/pipeline\healthview_orchestration_pipeline\tier2_roster\templates\tier2_consumer_template.md,.repo_studios/docs/pipeline\healthview_orchestration_pipeline\tier2_roster\templates\tier2_orchestrator_template.md,.repo_studios/docs/pipeline\healthview_orchestration_pipeline\tier2_roster\templates\tier2_producer_template.md,.repo_studios/docs/pipeline\healthview_orchestration_pipeline\tier2_roster\templates\tier2_summarizer_template.md	.repo_studios/docs/pipeline\healthview_orchestration_pipeline\tier2_roster\templates\tier2_aggregator_template.md:380;.repo_studios/docs/pipeline\healthview_orchestration_pipeline\tier2_roster\templates\tier2_consumer_template.md:370;.repo_studios/docs/pipeline\healthview_orchestration_pipeline\tier2_roster\templates\tier2_orchestrator_template.md:435;.repo_studios/docs/pipeline\healthview_orchestration_pipeline\tier2_roster\templates\tier2_producer_template.md:385;.repo_studios/docs/pipeline\healthview_orchestration_pipeline\tier2_roster\templates\tier2_summarizer_template.md:370
objective	5	.repo_studios/docs/automation\traceability\analyze_monkey_patch_trends_modernization_plan.md,.repo_studios/docs/automation\traceability\generate_churn_complexity_heatmap_modernization_plan.md,.repo_studios/docs/automation\traceability\generate_code_doc_churn_report_plan.md,.repo_studios/docs/automation\traceability\run_batch_cleanup_modernization_plan.md,.repo_studios/docs/automation\traceability\run_standards_index_cli_modernization_plan.md	.repo_studios/docs/automation\traceability\analyze_monkey_patch_trends_modernization_plan.md:5;.repo_studios/docs/automation\traceability\generate_churn_complexity_heatmap_modernization_plan.md:3;.repo_studios/docs/automation\traceability\generate_code_doc_churn_report_plan.md:22;.repo_studios/docs/automation\traceability\run_batch_cleanup_modernization_plan.md:10;.repo_studios/docs/automation\traceability\run_standards_index_cli_modernization_plan.md:9
open-questions	5	.repo_studios/docs/automation\traceability\analyze_monkey_patch_trends_modernization_plan.md,.repo_studios/docs/automation\traceability\fault_pipeline_aggregator_plan.md,.repo_studios/docs/automation\traceability\generate_churn_complexity_heatmap_modernization_plan.md,.repo_studios/docs/automation\traceability\run_batch_cleanup_modernization_plan.md,.repo_studios/docs/automation\traceability\run_standards_index_cli_modernization_plan.md	.repo_studios/docs/automation\traceability\analyze_monkey_patch_trends_modernization_plan.md:76;.repo_studios/docs/automation\traceability\fault_pipeline_aggregator_plan.md:23;.repo_studios/docs/automation\traceability\generate_churn_complexity_heatmap_modernization_plan.md:74;.repo_studios/docs/automation\traceability\run_batch_cleanup_modernization_plan.md:76;.repo_studios/docs/automation\traceability\run_standards_index_cli_modernization_plan.md:73
script-inventory	5	.repo_studios/docs/automation\report_paths_migration_pattern.md,.repo_studios/docs/pipeline\healthview_orchestration_pipeline\implementation_plans\stage_4_1_implementation_plan.md,.repo_studios/docs/pipeline\healthview_orchestration_pipeline\implementation_plans\stage_5_1_implementation_plan.md,.repo_studios/docs/pipeline\healthview_orchestration_pipeline\implementation_plans\stage_6_1_implementation_plan.md,.repo_studios/docs/pipeline\healthview_orchestration_pipeline\implementation_plans\stage_7_1_implementation_plan.md	.repo_studios/docs/automation\report_paths_migration_pattern.md:47;.repo_studios/docs/pipeline\healthview_orchestration_pipeline\implementation_plans\stage_4_1_implementation_plan.md:20;.repo_studios/docs/pipeline\healthview_orchestration_pipeline\implementation_plans\stage_5_1_implementation_plan.md:20;.repo_studios/docs/pipeline\healthview_orchestration_pipeline\implementation_plans\stage_6_1_implementation_plan.md:28;.repo_studios/docs/pipeline\healthview_orchestration_pipeline\implementation_plans\stage_7_1_implementation_plan.md:28
anchor-health-reminder	4	.repo_studios/docs/standards\global\std-global-monkey-patching.md,.repo_studios/docs/standards\global\std-global-prompt-engineering.md,.repo_studios/docs/standards\global\std-global-python-engineering.md,.repo_studios/docs/standards\project\std-project-operating-standard.md	.repo_studios/docs/standards\global\std-global-monkey-patching.md:172;.repo_studios/docs/standards\global\std-global-prompt-engineering.md:137;.repo_studios/docs/standards\global\std-global-python-engineering.md:274;.repo_studios/docs/standards\project\std-project-operating-standard.md:126
current-state	4	.repo_studios/docs/automation\traceability\analyze_monkey_patch_trends_modernization_plan.md,.repo_studios/docs/automation\traceability\generate_churn_complexity_heatmap_modernization_plan.md,.repo_studios/docs/automation\traceability\run_batch_cleanup_modernization_plan.md,.repo_studios/docs/automation\traceability\run_standards_index_cli_modernization_plan.md	.repo_studios/docs/automation\traceability\analyze_monkey_patch_trends_modernization_plan.md:9;.repo_studios/docs/automation\traceability\generate_churn_complexity_heatmap_modernization_plan.md:7;.repo_studios/docs/automation\traceability\run_batch_cleanup_modernization_plan.md:14;.repo_studios/docs/automation\traceability\run_standards_index_cli_modernization_plan.md:16
dbintegrationmarker-hoptelemetrymetricsjson-execution-metrics	4	.repo_studios/docs/pipeline\healthview_orchestration_pipeline\tier2_roster\templates\tier2_aggregator_template.md,.repo_studios/docs/pipeline\healthview_orchestration_pipeline\tier2_roster\templates\tier2_consumer_template.md,.repo_studios/docs/pipeline\healthview_orchestration_pipeline\tier2_roster\templates\tier2_producer_template.md,.repo_studios/docs/pipeline\healthview_orchestration_pipeline\tier2_roster\templates\tier2_summarizer_template.md	.repo_studios/docs/pipeline\healthview_orchestration_pipeline\tier2_roster\templates\tier2_aggregator_template.md:386;.repo_studios/docs/pipeline\healthview_orchestration_pipeline\tier2_roster\templates\tier2_consumer_template.md:376;.repo_studios/docs/pipeline\healthview_orchestration_pipeline\tier2_roster\templates\tier2_producer_template.md:391;.repo_studios/docs/pipeline\healthview_orchestration_pipeline\tier2_roster\templates\tier2_summarizer_template.md:376
evidence-links	4	.repo_studios/docs/pipeline\healthview_orchestration_pipeline\implementation_plans\stage_4_1_implementation_plan.md,.repo_studios/docs/pipeline\healthview_orchestration_pipeline\implementation_plans\stage_5_1_implementation_plan.md,.repo_studios/docs/pipeline\healthview_orchestration_pipeline\implementation_plans\stage_6_1_implementation_plan.md,.repo_studios/docs/pipeline\healthview_orchestration_pipeline\implementation_plans\stage_7_1_implementation_plan.md	.repo_studios/docs/pipeline\healthview_orchestration_pipeline\implementation_plans\stage_4_1_implementation_plan.md:142;.repo_studios/docs/pipeline\healthview_orchestration_pipeline\implementation_plans\stage_5_1_implementation_plan.md:149;.repo_studios/docs/pipeline\healthview_orchestration_pipeline\implementation_plans\stage_6_1_implementation_plan.md:139;.repo_studios/docs/pipeline\healthview_orchestration_pipeline\implementation_plans\stage_7_1_implementation_plan.md:126
executive-summary	4	.repo_studios/docs/Repo_Studios_MOU_Strategic_Architecture.md,.repo_studios/docs/pipeline\healthview_orchestration_pipeline\implementation_plans\stage_3_1_implementation_plan.md,.repo_studios/docs/pipeline\healthview_orchestration_pipeline\implementation_plans\stage_5_hop_refactor_plan.md,.repo_studios/docs/pipeline\healthview_orchestration_pipeline\implementation_plans\stage_6_1_hop_refactor_plan.md	.repo_studios/docs/Repo_Studios_MOU_Strategic_Architecture.md:13;.repo_studios/docs/pipeline\healthview_orchestration_pipeline\implementation_plans\stage_3_1_implementation_plan.md:27;.repo_studios/docs/pipeline\healthview_orchestration_pipeline\implementation_plans\stage_5_hop_refactor_plan.md:34;.repo_studios/docs/pipeline\healthview_orchestration_pipeline\implementation_plans\stage_6_1_hop_refactor_plan.md:31
implementation-phases	4	.repo_studios/docs/pipeline\healthview_orchestration_pipeline\implementation_plans\stage_4_1_implementation_plan.md,.repo_studios/docs/pipeline\healthview_orchestration_pipeline\implementation_plans\stage_5_1_implementation_plan.md,.repo_studios/docs/pipeline\healthview_orchestration_pipeline\implementation_plans\stage_6_1_implementation_plan.md,.repo_studios/docs/pipeline\healthview_orchestration_pipeline\implementation_plans\stage_7_1_implementation_plan.md	.repo_studios/docs/pipeline\healthview_orchestration_pipeline\implementation_plans\stage_4_1_implementation_plan.md:35;.repo_studios/docs/pipeline\healthview_orchestration_pipeline\implementation_plans\stage_5_1_implementation_plan.md:35;.repo_studios/docs/pipeline\healthview_orchestration_pipeline\implementation_plans\stage_6_1_implementation_plan.md:43;.repo_studios/docs/pipeline\healthview_orchestration_pipeline\implementation_plans\stage_7_1_implementation_plan.md:82
implementation-steps	4	.repo_studios/docs/automation\traceability\analyze_monkey_patch_trends_modernization_plan.md,.repo_studios/docs/automation\traceability\generate_churn_complexity_heatmap_modernization_plan.md,.repo_studios/docs/automation\traceability\run_batch_cleanup_modernization_plan.md,.repo_studios/docs/automation\traceability\run_standards_index_cli_modernization_plan.md	.repo_studios/docs/automation\traceability\analyze_monkey_patch_trends_modernization_plan.md:27;.repo_studios/docs/automation\traceability\generate_churn_complexity_heatmap_modernization_plan.md:26;.repo_studios/docs/automation\traceability\run_batch_cleanup_modernization_plan.md:40;.repo_studios/docs/automation\traceability\run_standards_index_cli_modernization_plan.md:42
status	4	.repo_studios/docs/automation\run_standards_index_cli.md,.repo_studios/docs/automation\traceability\fault_pipeline_aggregator_plan.md,.repo_studios/docs/automation\traceability\run_batch_cleanup_modernization_plan.md,.repo_studios/docs/automation\traceability\run_standards_index_cli_modernization_plan.md	.repo_studios/docs/automation\run_standards_index_cli.md:5;.repo_studios/docs/automation\traceability\fault_pipeline_aggregator_plan.md:3;.repo_studios/docs/automation\traceability\run_batch_cleanup_modernization_plan.md:3;.repo_studios/docs/automation\traceability\run_standards_index_cli_modernization_plan.md:3
status-semantics	4	.repo_studios/docs/automation\generate_dependency_hygiene_report.md,.repo_studios/docs/automation\generate_standards_index.md,.repo_studios/docs/automation\generate_test_coverage_inventory.md,.repo_studios/docs/automation\validate_markdown_anchors.md	.repo_studios/docs/automation\generate_dependency_hygiene_report.md:68;.repo_studios/docs/automation\generate_standards_index.md:62;.repo_studios/docs/automation\generate_test_coverage_inventory.md:101;.repo_studios/docs/automation\validate_markdown_anchors.md:60
target-architecture	4	.repo_studios/docs/automation\traceability\analyze_monkey_patch_trends_modernization_plan.md,.repo_studios/docs/automation\traceability\generate_churn_complexity_heatmap_modernization_plan.md,.repo_studios/docs/automation\traceability\run_batch_cleanup_modernization_plan.md,.repo_studios/docs/automation\traceability\run_standards_index_cli_modernization_plan.md	.repo_studios/docs/automation\traceability\analyze_monkey_patch_trends_modernization_plan.md:16;.repo_studios/docs/automation\traceability\generate_churn_complexity_heatmap_modernization_plan.md:15;.repo_studios/docs/automation\traceability\run_batch_cleanup_modernization_plan.md:27;.repo_studios/docs/automation\traceability\run_standards_index_cli_modernization_plan.md:29
usage	4	.repo_studios/docs/automation\dump_faulthandler_snapshot.md,.repo_studios/docs/automation\generate_code_doc_churn_report.md,.repo_studios/docs/pipeline\tier3_index\IMPLEMENTATION_SUMMARY.md,.repo_studios/docs/pipeline\tier3_index\README (1).md	.repo_studios/docs/automation\dump_faulthandler_snapshot.md:34;.repo_studios/docs/automation\generate_code_doc_churn_report.md:60;.repo_studios/docs/pipeline\tier3_index\IMPLEMENTATION_SUMMARY.md:114;.repo_studios/docs/pipeline\tier3_index\README (1).md:16
acceptance-criteria	3	.repo_studios/docs/automation\traceability\analyze_monkey_patch_trends_modernization_plan.md,.repo_studios/docs/automation\traceability\run_batch_cleanup_modernization_plan.md,.repo_studios/docs/automation\traceability\run_standards_index_cli_modernization_plan.md	.repo_studios/docs/automation\traceability\analyze_monkey_patch_trends_modernization_plan.md:68;.repo_studios/docs/automation\traceability\run_batch_cleanup_modernization_plan.md:68;.repo_studios/docs/automation\traceability\run_standards_index_cli_modernization_plan.md:64
anchor-health-cross-link	3	.repo_studios/docs/standards\global\std-global-chainlit-ui.md,.repo_studios/docs/standards\global\std-global-code-cleanup.md,.repo_studios/docs/standards\global\std-global-html-coding.md	.repo_studios/docs/standards\global\std-global-chainlit-ui.md:197;.repo_studios/docs/standards\global\std-global-code-cleanup.md:133;.repo_studios/docs/standards\global\std-global-html-coding.md:156
anti-patterns-to-avoid	3	.repo_studios/docs/standards\global\std-global-html-coding.md,.repo_studios/docs/standards\global\std-global-markdown-authoring.md,.repo_studios/docs/standards\global\std-global-python-engineering.md	.repo_studios/docs/standards\global\std-global-html-coding.md:88;.repo_studios/docs/standards\global\std-global-markdown-authoring.md:89;.repo_studios/docs/standards\global\std-global-python-engineering.md:256
context	3	.repo_studios/docs/automation\traceability\fault_pipeline_aggregator_plan.md,.repo_studios/docs/templates\agent_note_template.md,docs/automation\orchestrator_implementation.md	.repo_studios/docs/automation\traceability\fault_pipeline_aggregator_plan.md:14;.repo_studios/docs/templates\agent_note_template.md:14;docs/automation\orchestrator_implementation.md:19
dbintegrationmarker-hopsummariescontentmd-human-readable-summary	3	.repo_studios/docs/pipeline\healthview_orchestration_pipeline\tier2_roster\templates\tier2_aggregator_template.md,.repo_studios/docs/pipeline\healthview_orchestration_pipeline\tier2_roster\templates\tier2_consumer_template.md,.repo_studios/docs/pipeline\healthview_orchestration_pipeline\tier2_roster\templates\tier2_producer_template.md	.repo_studios/docs/pipeline\healthview_orchestration_pipeline\tier2_roster\templates\tier2_aggregator_template.md:383;.repo_studios/docs/pipeline\healthview_orchestration_pipeline\tier2_roster\templates\tier2_consumer_template.md:373;.repo_studios/docs/pipeline\healthview_orchestration_pipeline\tier2_roster\templates\tier2_producer_template.md:388
dependencies-coordination	3	.repo_studios/docs/automation\traceability\analyze_monkey_patch_trends_modernization_plan.md,.repo_studios/docs/automation\traceability\run_batch_cleanup_modernization_plan.md,.repo_studios/docs/automation\traceability\run_standards_index_cli_modernization_plan.md	.repo_studios/docs/automation\traceability\analyze_monkey_patch_trends_modernization_plan.md:62;.repo_studios/docs/automation\traceability\run_batch_cleanup_modernization_plan.md:62;.repo_studios/docs/automation\traceability\run_standards_index_cli_modernization_plan.md:57
inputs	3	.repo_studios/docs/automation\generate_anchor_health_report.md,.repo_studios/docs/automation\generate_code_doc_churn_report.md,.repo_studios/docs/automation\generate_test_log_health_report.md	.repo_studios/docs/automation\generate_anchor_health_report.md:9;.repo_studios/docs/automation\generate_code_doc_churn_report.md:31;.repo_studios/docs/automation\generate_test_log_health_report.md:35
next-steps	3	.repo_studios/docs/automation\traceability\generate_code_doc_churn_report_plan.md,.repo_studios/docs/inventory\inventory-notes.md,.repo_studios/docs/pipeline\tier3_index\IMPLEMENTATION_SUMMARY.md	.repo_studios/docs/automation\traceability\generate_code_doc_churn_report_plan.md:119;.repo_studios/docs/inventory\inventory-notes.md:120;.repo_studios/docs/pipeline\tier3_index\IMPLEMENTATION_SUMMARY.md:228
quick-checklists	3	.repo_studios/docs/standards\global\std-global-html-coding.md,.repo_studios/docs/standards\global\std-global-monkey-patching.md,.repo_studios/docs/standards\global\std-global-prompt-engineering.md	.repo_studios/docs/standards\global\std-global-html-coding.md:104;.repo_studios/docs/standards\global\std-global-monkey-patching.md:146;.repo_studios/docs/standards\global\std-global-prompt-engineering.md:101
validation-rules	3	.repo_studios/docs/automation\standards-index-schema.md,.repo_studios/docs/pipeline\tier3_index\IMPLEMENTATION_SUMMARY.md,.repo_studios/docs/pipeline\tier3_index\README (1).md	.repo_studios/docs/automation\standards-index-schema.md:133;.repo_studios/docs/pipeline\tier3_index\IMPLEMENTATION_SUMMARY.md:103;.repo_studios/docs/pipeline\tier3_index\README (1).md:69
1-5w1h-purpose-context	2	.repo_studios/docs/pipeline\healthview_orchestration_pipeline\tier1_healthview_orchestration_pipeline.md,.repo_studios/docs/pipeline\pipeline_templates\tier1_pipeline_template.md	.repo_studios/docs/pipeline\healthview_orchestration_pipeline\tier1_healthview_orchestration_pipeline.md:113;.repo_studios/docs/pipeline\pipeline_templates\tier1_pipeline_template.md:33
1-gap-analysis	2	.repo_studios/docs/pipeline\healthview_orchestration_pipeline\implementation_plans\stage_5_hop_refactor_plan.md,.repo_studios/docs/pipeline\healthview_orchestration_pipeline\implementation_plans\stage_6_1_hop_refactor_plan.md	.repo_studios/docs/pipeline\healthview_orchestration_pipeline\implementation_plans\stage_5_hop_refactor_plan.md:80;.repo_studios/docs/pipeline\healthview_orchestration_pipeline\implementation_plans\stage_6_1_hop_refactor_plan.md:67
1-overview	2	.repo_studios/docs/pipeline\healthview_orchestration_pipeline\tier2_roster\templates\README.md,docs/automation\orchestrator_topic_refactor_rfc.md	.repo_studios/docs/pipeline\healthview_orchestration_pipeline\tier2_roster\templates\README.md:45;docs/automation\orchestrator_topic_refactor_rfc.md:3
1-promotion-checklist-overview	2	.repo_studios/docs/pipeline\healthview_orchestration_pipeline\tier2_roster\templates\tier2_promotion_template.md,.repo_studios/docs/pipeline\healthview_orchestration_pipeline\tier2_roster\working_docs\ASR-011_generate_lizard_report_promote.md	.repo_studios/docs/pipeline\healthview_orchestration_pipeline\tier2_roster\templates\tier2_promotion_template.md:50;.repo_studios/docs/pipeline\healthview_orchestration_pipeline\tier2_roster\working_docs\ASR-011_generate_lizard_report_promote.md:50
10-step-8-update-stage-12-tracking	2	.repo_studios/docs/pipeline\healthview_orchestration_pipeline\tier2_roster\templates\tier2_promotion_template.md,.repo_studios/docs/pipeline\healthview_orchestration_pipeline\tier2_roster\working_docs\ASR-011_generate_lizard_report_promote.md	.repo_studios/docs/pipeline\healthview_orchestration_pipeline\tier2_roster\templates\tier2_promotion_template.md:414;.repo_studios/docs/pipeline\healthview_orchestration_pipeline\tier2_roster\working_docs\ASR-011_generate_lizard_report_promote.md:405
11-completion	2	.repo_studios/docs/pipeline\healthview_orchestration_pipeline\tier2_roster\templates\tier2_promotion_template.md,.repo_studios/docs/pipeline\healthview_orchestration_pipeline\tier2_roster\working_docs\ASR-011_generate_lizard_report_promote.md	.repo_studios/docs/pipeline\healthview_orchestration_pipeline\tier2_roster\templates\tier2_promotion_template.md:445;.repo_studios/docs/pipeline\healthview_orchestration_pipeline\tier2_roster\working_docs\ASR-011_generate_lizard_report_promote.md:428
13-version-history	2	.repo_studios/docs/pipeline\healthview_orchestration_pipeline\tier2_roster\templates\tier2_promotion_template.md,.repo_studios/docs/pipeline\healthview_orchestration_pipeline\tier2_roster\working_docs\ASR-011_generate_lizard_report_promote.md	.repo_studios/docs/pipeline\healthview_orchestration_pipeline\tier2_roster\templates\tier2_promotion_template.md:477;.repo_studios/docs/pipeline\healthview_orchestration_pipeline\tier2_roster\working_docs\ASR-011_generate_lizard_report_promote.md:473
2-document-metadata	2	.repo_studios/docs/pipeline\healthview_orchestration_pipeline\tier1_healthview_orchestration_pipeline.md,.repo_studios/docs/pipeline\pipeline_templates\tier1_pipeline_template.md	.repo_studios/docs/pipeline\healthview_orchestration_pipeline\tier1_healthview_orchestration_pipeline.md:231;.repo_studios/docs/pipeline\pipeline_templates\tier1_pipeline_template.md:67
2-script-identity-from-build-doc	2	.repo_studios/docs/pipeline\healthview_orchestration_pipeline\tier2_roster\templates\tier2_promotion_template.md,.repo_studios/docs/pipeline\healthview_orchestration_pipeline\tier2_roster\working_docs\ASR-011_generate_lizard_report_promote.md	.repo_studios/docs/pipeline\healthview_orchestration_pipeline\tier2_roster\templates\tier2_promotion_template.md:65;.repo_studios/docs/pipeline\healthview_orchestration_pipeline\tier2_roster\working_docs\ASR-011_generate_lizard_report_promote.md:65
3-build-plan	2	.repo_studios/docs/archives\temp_check_inventory_health_build.md,.repo_studios/docs/archives\temp_validate_import_boundaries_build.md	.repo_studios/docs/archives\temp_check_inventory_health_build.md:118;.repo_studios/docs/archives\temp_validate_import_boundaries_build.md:142
3-global-pipeline-overview	2	.repo_studios/docs/pipeline\healthview_orchestration_pipeline\tier1_healthview_orchestration_pipeline.md,.repo_studios/docs/pipeline\pipeline_templates\tier1_pipeline_template.md	.repo_studios/docs/pipeline\healthview_orchestration_pipeline\tier1_healthview_orchestration_pipeline.md:255;.repo_studios/docs/pipeline\pipeline_templates\tier1_pipeline_template.md:78
3-step-1-update-tier-2-roster-record	2	.repo_studios/docs/pipeline\healthview_orchestration_pipeline\tier2_roster\templates\tier2_promotion_template.md,.repo_studios/docs/pipeline\healthview_orchestration_pipeline\tier2_roster\working_docs\ASR-011_generate_lizard_report_promote.md	.repo_studios/docs/pipeline\healthview_orchestration_pipeline\tier2_roster\templates\tier2_promotion_template.md:92;.repo_studios/docs/pipeline\healthview_orchestration_pipeline\tier2_roster\working_docs\ASR-011_generate_lizard_report_promote.md:91
4-alteration-locations	2	.repo_studios/docs/archives\temp_check_inventory_health_build.md,.repo_studios/docs/archives\temp_validate_import_boundaries_build.md	.repo_studios/docs/archives\temp_check_inventory_health_build.md:140;.repo_studios/docs/archives\temp_validate_import_boundaries_build.md:176
4-step-2-add-scriptconfig-to-orchestrator	2	.repo_studios/docs/pipeline\healthview_orchestration_pipeline\tier2_roster\templates\tier2_promotion_template.md,.repo_studios/docs/pipeline\healthview_orchestration_pipeline\tier2_roster\working_docs\ASR-011_generate_lizard_report_promote.md	.repo_studios/docs/pipeline\healthview_orchestration_pipeline\tier2_roster\templates\tier2_promotion_template.md:137;.repo_studios/docs/pipeline\healthview_orchestration_pipeline\tier2_roster\working_docs\ASR-011_generate_lizard_report_promote.md:136
5-modifications-log	2	.repo_studios/docs/archives\temp_check_inventory_health_build.md,.repo_studios/docs/archives\temp_validate_import_boundaries_build.md	.repo_studios/docs/archives\temp_check_inventory_health_build.md:163;.repo_studios/docs/archives\temp_validate_import_boundaries_build.md:223
5-step-3-register-in-orchestrator-script-registry	2	.repo_studios/docs/pipeline\healthview_orchestration_pipeline\tier2_roster\templates\tier2_promotion_template.md,.repo_studios/docs/pipeline\healthview_orchestration_pipeline\tier2_roster\working_docs\ASR-011_generate_lizard_report_promote.md	.repo_studios/docs/pipeline\healthview_orchestration_pipeline\tier2_roster\templates\tier2_promotion_template.md:176;.repo_studios/docs/pipeline\healthview_orchestration_pipeline\tier2_roster\working_docs\ASR-011_generate_lizard_report_promote.md:171
6-step-4-update-orchestrator-tier-3-yaml	2	.repo_studios/docs/pipeline\healthview_orchestration_pipeline\tier2_roster\templates\tier2_promotion_template.md,.repo_studios/docs/pipeline\healthview_orchestration_pipeline\tier2_roster\working_docs\ASR-011_generate_lizard_report_promote.md	.repo_studios/docs/pipeline\healthview_orchestration_pipeline\tier2_roster\templates\tier2_promotion_template.md:223;.repo_studios/docs/pipeline\healthview_orchestration_pipeline\tier2_roster\working_docs\ASR-011_generate_lizard_report_promote.md:228
6-stop-gates	2	.repo_studios/docs/pipeline\healthview_orchestration_pipeline\implementation_plans\stage_5_hop_refactor_plan.md,.repo_studios/docs/pipeline\healthview_orchestration_pipeline\implementation_plans\stage_6_1_hop_refactor_plan.md	.repo_studios/docs/pipeline\healthview_orchestration_pipeline\implementation_plans\stage_5_hop_refactor_plan.md:552;.repo_studios/docs/pipeline\healthview_orchestration_pipeline\implementation_plans\stage_6_1_hop_refactor_plan.md:558
7-step-5-addupdate-orchestrator-tests	2	.repo_studios/docs/pipeline\healthview_orchestration_pipeline\tier2_roster\templates\tier2_promotion_template.md,.repo_studios/docs/pipeline\healthview_orchestration_pipeline\tier2_roster\working_docs\ASR-011_generate_lizard_report_promote.md	.repo_studios/docs/pipeline\healthview_orchestration_pipeline\tier2_roster\templates\tier2_promotion_template.md:268;.repo_studios/docs/pipeline\healthview_orchestration_pipeline\tier2_roster\working_docs\ASR-011_generate_lizard_report_promote.md:262
7-update-log	2	.repo_studios/docs/pipeline\healthview_orchestration_pipeline\implementation_plans\stage_6_1_hop_refactor_plan.md,.repo_studios/docs/pipeline\healthview_orchestration_pipeline\tier2_roster\tier2_available_scripts_orchestrator_roster.md	.repo_studios/docs/pipeline\healthview_orchestration_pipeline\implementation_plans\stage_6_1_hop_refactor_plan.md:588;.repo_studios/docs/pipeline\healthview_orchestration_pipeline\tier2_roster\tier2_available_scripts_orchestrator_roster.md:584
8-step-6-update-makefile-targets	2	.repo_studios/docs/pipeline\healthview_orchestration_pipeline\tier2_roster\templates\tier2_promotion_template.md,.repo_studios/docs/pipeline\healthview_orchestration_pipeline\tier2_roster\working_docs\ASR-011_generate_lizard_report_promote.md	.repo_studios/docs/pipeline\healthview_orchestration_pipeline\tier2_roster\templates\tier2_promotion_template.md:326;.repo_studios/docs/pipeline\healthview_orchestration_pipeline\tier2_roster\working_docs\ASR-011_generate_lizard_report_promote.md:313
9-step-7-verify-end-to-end-execution	2	.repo_studios/docs/pipeline\healthview_orchestration_pipeline\tier2_roster\templates\tier2_promotion_template.md,.repo_studios/docs/pipeline\healthview_orchestration_pipeline\tier2_roster\working_docs\ASR-011_generate_lizard_report_promote.md	.repo_studios/docs/pipeline\healthview_orchestration_pipeline\tier2_roster\templates\tier2_promotion_template.md:374;.repo_studios/docs/pipeline\healthview_orchestration_pipeline\tier2_roster\working_docs\ASR-011_generate_lizard_report_promote.md:352
anti-patterns	2	.repo_studios/docs/standards\global\std-global-monkey-patching.md,.repo_studios/docs/standards\global\std-global-prompt-engineering.md	.repo_studios/docs/standards\global\std-global-monkey-patching.md:137;.repo_studios/docs/standards\global\std-global-prompt-engineering.md:119
authoring-guidelines	2	.repo_studios/docs/standards\global\README.md,.repo_studios/docs/standards\project\README.md	.repo_studios/docs/standards\global\README.md:22;.repo_studios/docs/standards\project\README.md:25
change-history	2	.repo_studios/docs/standards\global\std-global-html-coding.md,.repo_studios/docs/standards\global\std-global-prompt-engineering.md	.repo_studios/docs/standards\global\std-global-html-coding.md:151;.repo_studios/docs/standards\global\std-global-prompt-engineering.md:185
cli-reference	2	.repo_studios/docs/automation\generate_anchor_inventory.md,.repo_studios/docs/automation\generate_doc_index.md	.repo_studios/docs/automation\generate_anchor_inventory.md:59;.repo_studios/docs/automation\generate_doc_index.md:66
data-shape	2	.repo_studios/docs/automation\generate_anchor_inventory.md,.repo_studios/docs/automation\generate_doc_index.md	.repo_studios/docs/automation\generate_anchor_inventory.md:27;.repo_studios/docs/automation\generate_doc_index.md:50
decisions-captured	2	.repo_studios/docs/automation\function_inventory_integration_plan.md,.repo_studios/docs/templates\integration_alignment_template.md	.repo_studios/docs/automation\function_inventory_integration_plan.md:128;.repo_studios/docs/templates\integration_alignment_template.md:97
environment-flags	2	.repo_studios/docs/automation\configure_faulthandler_runtime.md,.repo_studios/docs/automation\dump_faulthandler_snapshot.md	.repo_studios/docs/automation\configure_faulthandler_runtime.md:29;.repo_studios/docs/automation\dump_faulthandler_snapshot.md:21
error-handling	2	docs/standards\global\std-global-chainlit-ui.md,docs/standards\global\std-global-python-engineering.md	docs/standards\global\std-global-chainlit-ui.md:42;docs/standards\global\std-global-python-engineering.md:20
fast-keyword-search	2	.repo_studios/docs/pipeline\tier3_index\IMPLEMENTATION_SUMMARY.md,.repo_studios/docs/pipeline\tier3_index\README (1).md	.repo_studios/docs/pipeline\tier3_index\IMPLEMENTATION_SUMMARY.md:145;.repo_studios/docs/pipeline\tier3_index\README (1).md:106
future-enhancements	2	.repo_studios/docs/automation\function_analysis_guide.md,.repo_studios/docs/automation\standards-extraction-spec.md	.repo_studios/docs/automation\function_analysis_guide.md:91;.repo_studios/docs/automation\standards-extraction-spec.md:167
implementation-summary	2	.repo_studios/docs/automation\generate_anchor_inventory.md,.repo_studios/docs/automation\generate_doc_index.md	.repo_studios/docs/automation\generate_anchor_inventory.md:73;.repo_studios/docs/automation\generate_doc_index.md:75
integration-notes	2	.repo_studios/docs/automation\extract_standards_rules.md,.repo_studios/docs/automation\verify_docs_integrity.md	.repo_studios/docs/automation\extract_standards_rules.md:92;.repo_studios/docs/automation\verify_docs_integrity.md:72
legacy-compatibility	2	.repo_studios/docs/automation\configure_faulthandler_runtime.md,.repo_studios/docs/automation\dump_faulthandler_snapshot.md	.repo_studios/docs/automation\configure_faulthandler_runtime.md:60;.repo_studios/docs/automation\dump_faulthandler_snapshot.md:65
load-index	2	.repo_studios/docs/pipeline\tier3_index\IMPLEMENTATION_SUMMARY.md,.repo_studios/docs/pipeline\tier3_index\README (1).md	.repo_studios/docs/pipeline\tier3_index\IMPLEMENTATION_SUMMARY.md:141;.repo_studios/docs/pipeline\tier3_index\README (1).md:102
migration-notes	2	.repo_studios/docs/standards\global\README.md,.repo_studios/docs/standards\project\README.md	.repo_studios/docs/standards\global\README.md:28;.repo_studios/docs/standards\project\README.md:31
next-actions	2	.repo_studios/docs/automation\ci_metrics_checks.md,.repo_studios/docs/automation\traceability\aggregator_dependency_audit.md	.repo_studios/docs/automation\ci_metrics_checks.md:43;.repo_studios/docs/automation\traceability\aggregator_dependency_audit.md:28
notes-for-ai-consumers	2	.repo_studios/docs/automation\generate_anchor_inventory.md,.repo_studios/docs/automation\generate_doc_index.md	.repo_studios/docs/automation\generate_anchor_inventory.md:89;.repo_studios/docs/automation\generate_doc_index.md:81
output-contract	2	.repo_studios/docs/automation\generate_anchor_inventory.md,.repo_studios/docs/automation\generate_doc_index.md	.repo_studios/docs/automation\generate_anchor_inventory.md:12;.repo_studios/docs/automation\generate_doc_index.md:37
outstanding-considerations	2	.repo_studios/docs/automation\function_inventory_integration_plan.md,.repo_studios/docs/templates\integration_alignment_template.md	.repo_studios/docs/automation\function_inventory_integration_plan.md:141;.repo_studios/docs/templates\integration_alignment_template.md:106
packaging-dependencies	2	.repo_studios/docs/standards\global\std-global-python-engineering.md,docs/standards\global\std-global-python-engineering.md	.repo_studios/docs/standards\global\std-global-python-engineering.md:170;docs/standards\global\std-global-python-engineering.md:40
phase-1-foundation-inventory	2	.repo_studios/docs/repo_studios_build_plan.md,.repo_studios/docs/templates\structural_checklist_template.md	.repo_studios/docs/repo_studios_build_plan.md:19;.repo_studios/docs/templates\structural_checklist_template.md:10
phase-2-migration-normalization	2	.repo_studios/docs/repo_studios_build_plan.md,.repo_studios/docs/templates\structural_checklist_template.md	.repo_studios/docs/repo_studios_build_plan.md:35;.repo_studios/docs/templates\structural_checklist_template.md:16
phase-3-automation-quality-gates	2	.repo_studios/docs/repo_studios_build_plan.md,.repo_studios/docs/templates\structural_checklist_template.md	.repo_studios/docs/repo_studios_build_plan.md:49;.repo_studios/docs/templates\structural_checklist_template.md:21
progress-log	2	.repo_studios/docs/pipeline\healthview_orchestration_pipeline\implementation_plans\docstring_compliance_plan.md,.repo_studios/docs/pipeline\healthview_orchestration_pipeline\implementation_plans\stage_4_1_implementation_plan.md	.repo_studios/docs/pipeline\healthview_orchestration_pipeline\implementation_plans\docstring_compliance_plan.md:378;.repo_studios/docs/pipeline\healthview_orchestration_pipeline\implementation_plans\stage_4_1_implementation_plan.md:164
responsibilities	2	.repo_studios/docs/automation\configure_faulthandler_runtime.md,.repo_studios/docs/automation\dump_faulthandler_snapshot.md	.repo_studios/docs/automation\configure_faulthandler_runtime.md:13;.repo_studios/docs/automation\dump_faulthandler_snapshot.md:11
script-inventory-template	2	.repo_studios/docs/templates\script_inventory.md,.repo_studios/docs/templates\script_inventory_template.md	.repo_studios/docs/templates\script_inventory.md:1;.repo_studios/docs/templates\script_inventory_template.md:1
self-improvement-protocol	2	.repo_studios/docs/standards\global\std-global-code-cleanup.md,.repo_studios/docs/standards\global\std-global-html-coding.md	.repo_studios/docs/standards\global\std-global-code-cleanup.md:72;.repo_studios/docs/standards\global\std-global-html-coding.md:97
status-board	2	.repo_studios/docs/pipeline\README.md,.repo_studios/docs/pipeline\pipeline_doc_map.md	.repo_studios/docs/pipeline\README.md:65;.repo_studios/docs/pipeline\pipeline_doc_map.md:64
success-criteria	2	.repo_studios/docs/playbooks\playbook-memory-refresh.md,.repo_studios/docs/standards\global\std-global-mission-parameters.md	.repo_studios/docs/playbooks\playbook-memory-refresh.md:72;.repo_studios/docs/standards\global\std-global-mission-parameters.md:103
testing-discipline	2	docs/standards\global\std-global-python-engineering.md,docs/standards\project\std-project-python-instructions.md	docs/standards\global\std-global-python-engineering.md:32;docs/standards\project\std-project-python-instructions.md:32
validation-checklist	2	.repo_studios/docs/automation\healthview_onboarding.md,.repo_studios/docs/automation\report_paths_migration_pattern.md	.repo_studios/docs/automation\healthview_onboarding.md:97;.repo_studios/docs/automation\report_paths_migration_pattern.md:329
